municipio,nombre_municipio,localidad,nombre_localidad,ageb,ab_num_viviendas,ab_probability,c_mas_num_viviendas,c_mas_probability,c_num_viviendas,c_probability,c_menos_num_viviendas,c_menos_probability,d_mas_num_viviendas,d_mas_probability,d_num_viviendas,d_probability,e_num_viviendas,e_probability,nivel_predominante,num_viviendas,tamano_localidad,clave_ageb
39,Guadalajara,1,Guadalajara,0026,198,0.3983903420523139,155,0.3118712273641851,88,0.17706237424547283,35,0.07042253521126761,13,0.026156941649899398,8,0.01609657947686117,0,0.0,A/B,497,"1,000,000 y mas",1403900010026
39,Guadalajara,1,Guadalajara,0030,415,0.29727793696275073,526,0.37679083094555876,235,0.1683381088825215,145,0.10386819484240688,44,0.03151862464183381,31,0.022206303724928367,0,0.0,C+,1396,"1,000,000 y mas",1403900010030
39,Guadalajara,1,Guadalajara,005A,153,0.2756756756756757,175,0.3153153153153153,90,0.16216216216216217,67,0.12072072072072072,46,0.08288288288288288,22,0.03963963963963964,,,C+,555,"1,000,000 y mas",140390001005A
39,Guadalajara,1,Guadalajara,0064,244,0.28143021914648214,262,0.3021914648212226,173,0.19953863898500576,98,0.11303344867358708,49,0.05651672433679354,33,0.03806228373702422,8,0.00922722029988466,C+,867,"1,000,000 y mas",1403900010064
39,Guadalajara,1,Guadalajara,0083,184,0.12026143790849673,326,0.2130718954248366,293,0.19150326797385622,260,0.16993464052287582,184,0.12026143790849673,248,0.16209150326797386,35,0.02287581699346405,C+,1530,"1,000,000 y mas",1403900010083
39,Guadalajara,1,Guadalajara,0115,271,0.2563859981078524,262,0.2478713339640492,165,0.15610217596972564,168,0.15894039735099338,87,0.08230842005676443,98,0.09271523178807947,6,0.005676442762535478,A/B,1057,"1,000,000 y mas",1403900010115
39,Guadalajara,1,Guadalajara,0134,180,0.18090452261306533,223,0.2241206030150754,199,0.2,138,0.13869346733668342,114,0.11457286432160804,123,0.12361809045226131,18,0.018090452261306532,C+,995,"1,000,000 y mas",1403900010134
39,Guadalajara,1,Guadalajara,0149,292,0.27417840375586855,306,0.28732394366197184,203,0.19061032863849764,139,0.13051643192488263,61,0.05727699530516432,54,0.05070422535211268,10,0.009389671361502348,C+,1065,"1,000,000 y mas",1403900010149
39,Guadalajara,1,Guadalajara,0153,290,0.22324865280985373,368,0.28329484218629714,239,0.18398768283294842,180,0.13856812933025403,113,0.0869899923017706,101,0.07775211701308699,8,0.006158583525789068,C+,1299,"1,000,000 y mas",1403900010153
39,Guadalajara,1,Guadalajara,0191,63,0.08289473684210526,143,0.1881578947368421,161,0.2118421052631579,137,0.18026315789473685,113,0.14868421052631578,114,0.15,29,0.038157894736842106,C,760,"1,000,000 y mas",1403900010191
39,Guadalajara,1,Guadalajara,0204,59,0.08702064896755163,97,0.1430678466076696,142,0.20943952802359883,136,0.20058997050147492,97,0.1430678466076696,127,0.1873156342182891,20,0.029498525073746312,C,678,"1,000,000 y mas",1403900010204
39,Guadalajara,1,Guadalajara,0223,56,0.07151979565772669,114,0.14559386973180077,149,0.19029374201787994,139,0.17752234993614305,121,0.1545338441890166,178,0.227330779054917,26,0.033205619412515965,D,783,"1,000,000 y mas",1403900010223
39,Guadalajara,1,Guadalajara,0238,103,0.08408163265306122,178,0.14530612244897959,229,0.18693877551020407,232,0.1893877551020408,184,0.15020408163265306,237,0.19346938775510203,62,0.05061224489795919,D,1225,"1,000,000 y mas",1403900010238
39,Guadalajara,1,Guadalajara,0261,62,0.045689019896831246,151,0.11127487103905674,231,0.17022844509948415,271,0.19970523212969787,240,0.17686072218128224,335,0.2468680913780398,67,0.04937361827560796,D,1357,"1,000,000 y mas",1403900010261
39,Guadalajara,1,Guadalajara,0276,96,0.05390230207748456,200,0.11229646266142616,380,0.2133632790567097,375,0.21055586749017405,300,0.16844469399213924,355,0.19932622122403143,75,0.04211117349803481,C,1781,"1,000,000 y mas",1403900010276
39,Guadalajara,1,Guadalajara,0280,316,0.325437693099897,318,0.3274974253347065,180,0.18537590113285274,103,0.10607621009268794,34,0.035015447991761074,19,0.01956745623069001,,,C+,971,"1,000,000 y mas",1403900010280
39,Guadalajara,1,Guadalajara,0295,395,0.3820116054158607,337,0.32591876208897486,169,0.16344294003868473,71,0.06866537717601548,33,0.031914893617021274,27,0.02611218568665377,,,A/B,1034,"1,000,000 y mas",1403900010295
39,Guadalajara,1,Guadalajara,0308,61,0.3465909090909091,61,0.3465909090909091,33,0.1875,10,0.056818181818181816,8,0.045454545454545456,3,0.017045454545454544,0,0.0,C+,176,"1,000,000 y mas",1403900010308
39,Guadalajara,1,Guadalajara,0312,183,0.22344322344322345,266,0.3247863247863248,151,0.18437118437118438,95,0.115995115995116,69,0.08424908424908426,49,0.05982905982905983,6,0.007326007326007326,C+,819,"1,000,000 y mas",1403900010312
39,Guadalajara,1,Guadalajara,0327,140,0.30501089324618735,153,0.3333333333333333,79,0.1721132897603486,47,0.10239651416122005,21,0.0457516339869281,17,0.037037037037037035,,,C+,459,"1,000,000 y mas",1403900010327
39,Guadalajara,1,Guadalajara,0346,108,0.10619469026548672,174,0.1710914454277286,208,0.20452310717797442,193,0.18977384464110128,153,0.1504424778761062,155,0.15240904621435594,26,0.025565388397246803,C,1017,"1,000,000 y mas",1403900010346
39,Guadalajara,1,Guadalajara,0350,176,0.14012738853503184,345,0.2746815286624204,254,0.20222929936305734,207,0.16480891719745222,113,0.08996815286624203,133,0.10589171974522293,28,0.022292993630573247,C+,1256,"1,000,000 y mas",1403900010350
39,Guadalajara,1,Guadalajara,0365,262,0.3442838370565046,190,0.24967148488830487,141,0.18528252299605782,74,0.09724047306176084,44,0.05781865965834428,46,0.06044678055190539,4,0.005256241787122208,A/B,761,"1,000,000 y mas",1403900010365
39,Guadalajara,1,Guadalajara,037A,154,0.24213836477987422,204,0.32075471698113206,138,0.2169811320754717,68,0.1069182389937107,34,0.05345911949685535,35,0.055031446540880505,3,0.0047169811320754715,C+,636,"1,000,000 y mas",140390001037A
39,Guadalajara,1,Guadalajara,0384,234,0.29923273657289,225,0.2877237851662404,130,0.16624040920716113,105,0.13427109974424553,56,0.07161125319693094,30,0.03836317135549872,,,A/B,782,"1,000,000 y mas",1403900010384
39,Guadalajara,1,Guadalajara,0399,273,0.2367736339982654,308,0.26712922810060713,218,0.18907198612315698,159,0.13790112749349523,104,0.09019947961838681,81,0.07025151777970512,10,0.008673026886383347,C+,1153,"1,000,000 y mas",1403900010399
39,Guadalajara,1,Guadalajara,0401,178,0.27342549923195086,172,0.2642089093701997,125,0.19201228878648233,78,0.11981566820276497,42,0.06451612903225806,54,0.08294930875576037,,,A/B,651,"1,000,000 y mas",1403900010401
39,Guadalajara,1,Guadalajara,0416,112,0.2,152,0.2714285714285714,110,0.19642857142857142,71,0.12678571428571428,51,0.09107142857142857,59,0.10535714285714286,5,0.008928571428571428,C+,560,"1,000,000 y mas",1403900010416
39,Guadalajara,1,Guadalajara,0435,345,0.16046511627906976,476,0.2213953488372093,407,0.18930232558139534,375,0.1744186046511628,253,0.11767441860465117,255,0.1186046511627907,39,0.01813953488372093,C+,2150,"1,000,000 y mas",1403900010435
39,Guadalajara,1,Guadalajara,044A,183,0.09360613810741689,362,0.18516624040920715,406,0.20767263427109975,320,0.1636828644501279,287,0.14680306905370843,347,0.1774936061381074,50,0.02557544757033248,C,1955,"1,000,000 y mas",140390001044A
39,Guadalajara,1,Guadalajara,0454,195,0.09898477157360407,376,0.19086294416243654,393,0.19949238578680203,324,0.16446700507614212,279,0.1416243654822335,336,0.17055837563451776,67,0.03401015228426396,C,1970,"1,000,000 y mas",1403900010454
39,Guadalajara,1,Guadalajara,0469,194,0.11707905853952927,307,0.18527459263729631,326,0.19674109837054918,263,0.1587205793602897,205,0.12371756185878093,320,0.19312009656004828,42,0.025347012673506336,C,1657,"1,000,000 y mas",1403900010469
39,Guadalajara,1,Guadalajara,0473,129,0.07752403846153846,248,0.14903846153846154,341,0.2049278846153846,284,0.17067307692307693,268,0.16105769230769232,329,0.19771634615384615,65,0.0390625,C,1664,"1,000,000 y mas",1403900010473
39,Guadalajara,1,Guadalajara,0492,114,0.07676767676767676,239,0.16094276094276094,279,0.18787878787878787,272,0.18316498316498317,223,0.15016835016835017,295,0.19865319865319866,63,0.04242424242424243,D,1485,"1,000,000 y mas",1403900010492
39,Guadalajara,1,Guadalajara,0505,173,0.12824314306893997,266,0.19718309859154928,281,0.20830244625648628,255,0.18902891030392885,179,0.13269088213491476,169,0.12527798369162343,26,0.01927353595255745,C,1349,"1,000,000 y mas",1403900010505
39,Guadalajara,1,Guadalajara,051A,138,0.07194994786235662,295,0.15380604796663191,339,0.1767466110531804,365,0.1903023983315954,305,0.15901981230448384,394,0.205422314911366,82,0.04275286757038582,D,1918,"1,000,000 y mas",140390001051A
39,Guadalajara,1,Guadalajara,0524,78,0.05245460659045057,184,0.12373907195696032,240,0.16139878950907868,291,0.1956960322797579,277,0.1862811028917283,332,0.22326832548755884,85,0.05716207128446537,D,1487,"1,000,000 y mas",1403900010524
39,Guadalajara,1,Guadalajara,0539,104,0.0939476061427281,175,0.15808491418247517,196,0.17705510388437218,192,0.17344173441734417,175,0.15808491418247517,221,0.1996386630532972,44,0.03974706413730804,D,1107,"1,000,000 y mas",1403900010539
39,Guadalajara,1,Guadalajara,0543,88,0.08888888888888889,144,0.14545454545454545,183,0.18484848484848485,178,0.1797979797979798,158,0.1595959595959596,196,0.19797979797979798,43,0.043434343434343436,D,990,"1,000,000 y mas",1403900010543
39,Guadalajara,1,Guadalajara,0562,336,0.3916083916083916,239,0.27855477855477856,157,0.18298368298368298,65,0.07575757575757576,42,0.04895104895104895,19,0.022144522144522144,0,0.0,A/B,858,"1,000,000 y mas",1403900010562
39,Guadalajara,1,Guadalajara,0577,145,0.2607913669064748,214,0.38489208633093525,109,0.1960431654676259,43,0.07733812949640288,23,0.04136690647482014,22,0.039568345323741004,0,0.0,C+,556,"1,000,000 y mas",1403900010577
39,Guadalajara,1,Guadalajara,0596,232,0.34782608695652173,229,0.34332833583208394,113,0.16941529235382308,57,0.08545727136431784,21,0.031484257871064465,15,0.022488755622188907,0,0.0,A/B,667,"1,000,000 y mas",1403900010596
39,Guadalajara,1,Guadalajara,0609,247,0.3388203017832647,259,0.355281207133059,129,0.17695473251028807,61,0.08367626886145405,26,0.03566529492455418,7,0.009602194787379973,0,0.0,C+,729,"1,000,000 y mas",1403900010609
39,Guadalajara,1,Guadalajara,0613,172,0.3233082706766917,157,0.2951127819548872,94,0.17669172932330826,46,0.08646616541353383,40,0.07518796992481203,20,0.03759398496240601,3,0.005639097744360902,A/B,532,"1,000,000 y mas",1403900010613
39,Guadalajara,1,Guadalajara,0632,246,0.20794590025359255,349,0.29501267962806427,212,0.17920540997464074,156,0.13186813186813187,98,0.08284023668639054,108,0.09129332206255283,14,0.011834319526627219,C+,1183,"1,000,000 y mas",1403900010632
39,Guadalajara,1,Guadalajara,0647,166,0.18082788671023964,177,0.19281045751633988,187,0.2037037037037037,141,0.15359477124183007,106,0.11546840958605664,124,0.13507625272331156,17,0.018518518518518517,C,918,"1,000,000 y mas",1403900010647
39,Guadalajara,1,Guadalajara,0651,118,0.09616951915240424,241,0.19641401792991034,243,0.1980440097799511,212,0.17277913610431947,188,0.1532192339038305,191,0.1556642216788916,34,0.027709861450692746,C,1227,"1,000,000 y mas",1403900010651
39,Guadalajara,1,Guadalajara,0666,183,0.10664335664335664,393,0.229020979020979,330,0.19230769230769232,331,0.19289044289044288,223,0.12995337995337997,228,0.13286713286713286,28,0.016317016317016316,C+,1716,"1,000,000 y mas",1403900010666
39,Guadalajara,1,Guadalajara,0670,74,0.29365079365079366,85,0.3373015873015873,51,0.20238095238095238,27,0.10714285714285714,8,0.031746031746031744,7,0.027777777777777776,0,0.0,C+,252,"1,000,000 y mas",1403900010670
39,Guadalajara,1,Guadalajara,0685,130,0.1925925925925926,215,0.31851851851851853,153,0.22666666666666666,92,0.1362962962962963,51,0.07555555555555556,32,0.047407407407407405,,,C+,675,"1,000,000 y mas",1403900010685
39,Guadalajara,1,Guadalajara,069A,113,0.18167202572347266,152,0.24437299035369775,131,0.21061093247588425,90,0.14469453376205788,65,0.1045016077170418,63,0.10128617363344052,8,0.012861736334405145,C+,622,"1,000,000 y mas",140390001069A
39,Guadalajara,1,Guadalajara,0702,81,0.14594594594594595,95,0.17117117117117117,119,0.21441441441441442,104,0.1873873873873874,80,0.14414414414414414,64,0.11531531531531532,12,0.021621621621621623,C,555,"1,000,000 y mas",1403900010702
39,Guadalajara,1,Guadalajara,0717,196,0.21420765027322405,226,0.24699453551912567,170,0.18579234972677597,149,0.1628415300546448,82,0.08961748633879782,84,0.09180327868852459,8,0.008743169398907104,C+,915,"1,000,000 y mas",1403900010717
39,Guadalajara,1,Guadalajara,0721,114,0.1393643031784841,169,0.20660146699266504,182,0.22249388753056235,143,0.17481662591687042,97,0.11858190709046455,94,0.11491442542787286,19,0.023227383863080684,C,818,"1,000,000 y mas",1403900010721
39,Guadalajara,1,Guadalajara,0736,163,0.21908602150537634,163,0.21908602150537634,150,0.20161290322580644,134,0.18010752688172044,68,0.0913978494623656,59,0.0793010752688172,7,0.009408602150537635,C+,744,"1,000,000 y mas",1403900010736
39,Guadalajara,1,Guadalajara,0740,226,0.27935723114956734,218,0.2694684796044499,138,0.17058096415327564,107,0.13226205191594562,57,0.07045735475896168,62,0.07663782447466007,,,A/B,809,"1,000,000 y mas",1403900010740
39,Guadalajara,1,Guadalajara,0755,218,0.2321618743343983,252,0.268370607028754,196,0.20873269435569755,125,0.13312034078807242,68,0.0724174653887114,75,0.07987220447284345,5,0.005324813631522897,C+,939,"1,000,000 y mas",1403900010755
39,Guadalajara,1,Guadalajara,0774,155,0.1668460710441335,194,0.20882669537136705,173,0.18622174381054898,159,0.17115177610333693,99,0.10656620021528525,126,0.1356297093649085,23,0.024757804090419805,C+,929,"1,000,000 y mas",1403900010774
39,Guadalajara,1,Guadalajara,0789,131,0.09199438202247191,227,0.15941011235955055,269,0.18890449438202248,238,0.16713483146067415,221,0.15519662921348315,290,0.20365168539325842,48,0.033707865168539325,D,1424,"1,000,000 y mas",1403900010789
39,Guadalajara,1,Guadalajara,0793,145,0.0927703134996801,273,0.1746641074856046,290,0.1855406269993602,279,0.1785028790786948,223,0.14267434420985284,305,0.19513755598208574,48,0.030710172744721688,D,1563,"1,000,000 y mas",1403900010793
39,Guadalajara,1,Guadalajara,0806,150,0.09993337774816789,242,0.16122584943371085,291,0.1938707528314457,245,0.1632245169886742,229,0.1525649566955363,302,0.20119920053297802,42,0.02798134576948701,D,1501,"1,000,000 y mas",1403900010806
39,Guadalajara,1,Guadalajara,0810,118,0.08200138985406533,214,0.1487143849895761,280,0.19457956914523974,268,0.1862404447533009,233,0.16191799861014594,267,0.18554551772063932,59,0.04100069492703266,C,1439,"1,000,000 y mas",1403900010810
39,Guadalajara,1,Guadalajara,0825,122,0.11542100283822138,194,0.18353831598864712,209,0.1977294228949858,186,0.1759697256385998,133,0.12582781456953643,184,0.17407757805108798,29,0.027436140018921477,C,1057,"1,000,000 y mas",1403900010825
39,Guadalajara,1,Guadalajara,083A,222,0.14586070959264127,339,0.22273324572930356,325,0.21353482260183967,228,0.1498028909329829,160,0.10512483574244415,213,0.13994743758212877,35,0.022996057818659658,C+,1522,"1,000,000 y mas",140390001083A
39,Guadalajara,1,Guadalajara,0844,63,0.07526881720430108,137,0.16367980884109917,170,0.2031063321385902,163,0.19474313022700118,127,0.15173237753882915,146,0.17443249701314217,31,0.037037037037037035,C,837,"1,000,000 y mas",1403900010844
39,Guadalajara,1,Guadalajara,0859,88,0.07726075504828797,176,0.15452151009657594,213,0.18700614574187885,186,0.16330114135206322,179,0.15715539947322213,245,0.2151009657594381,52,0.0456540825285338,D,1139,"1,000,000 y mas",1403900010859
39,Guadalajara,1,Guadalajara,0863,96,0.07881773399014778,188,0.15435139573070608,238,0.19540229885057472,229,0.18801313628899835,177,0.14532019704433496,243,0.19950738916256158,47,0.03858784893267652,D,1218,"1,000,000 y mas",1403900010863
39,Guadalajara,1,Guadalajara,0878,45,0.046153846153846156,139,0.14256410256410257,187,0.19179487179487179,198,0.20307692307692307,145,0.14871794871794872,214,0.2194871794871795,47,0.048205128205128206,D,975,"1,000,000 y mas",1403900010878
39,Guadalajara,1,Guadalajara,0882,69,0.054502369668246446,169,0.1334913112164297,251,0.19826224328593997,242,0.1911532385466035,220,0.17377567140600317,272,0.21484992101105846,43,0.0339652448657188,D,1266,"1,000,000 y mas",1403900010882
39,Guadalajara,1,Guadalajara,0897,161,0.08298969072164948,343,0.17680412371134022,403,0.2077319587628866,355,0.18298969072164947,283,0.14587628865979382,342,0.17628865979381445,53,0.02731958762886598,C,1940,"1,000,000 y mas",1403900010897
39,Guadalajara,1,Guadalajara,090A,74,0.04449789536981359,205,0.1232711966325917,305,0.18340348767288034,318,0.19122068550811785,287,0.17257967528562837,399,0.23992784125075164,75,0.04509921828021648,D,1663,"1,000,000 y mas",140390001090A
39,Guadalajara,1,Guadalajara,0929,325,0.3292806484295846,312,0.3161094224924012,201,0.20364741641337386,71,0.07193515704154002,50,0.05065856129685917,28,0.028368794326241134,0,0.0,A/B,987,"1,000,000 y mas",1403900010929
39,Guadalajara,1,Guadalajara,0933,270,0.33623910336239105,261,0.32503113325031135,139,0.17310087173100872,86,0.10709838107098381,24,0.029887920298879204,21,0.026151930261519303,,,A/B,803,"1,000,000 y mas",1403900010933
39,Guadalajara,1,Guadalajara,0948,106,0.30994152046783624,106,0.30994152046783624,65,0.19005847953216373,33,0.09649122807017543,19,0.05555555555555555,12,0.03508771929824561,,,C+,342,"1,000,000 y mas",1403900010948
39,Guadalajara,1,Guadalajara,0952,124,0.1132420091324201,239,0.2182648401826484,231,0.21095890410958903,206,0.18812785388127853,115,0.1050228310502283,147,0.13424657534246576,33,0.030136986301369864,C+,1095,"1,000,000 y mas",1403900010952
39,Guadalajara,1,Guadalajara,0967,172,0.15867158671586715,211,0.19464944649446494,228,0.21033210332103322,192,0.17712177121771217,122,0.11254612546125461,140,0.12915129151291513,19,0.017527675276752766,C,1084,"1,000,000 y mas",1403900010967
39,Guadalajara,1,Guadalajara,0971,84,0.10810810810810811,153,0.1969111969111969,143,0.18404118404118405,126,0.16216216216216217,107,0.1377091377091377,130,0.16731016731016732,34,0.043758043758043756,C+,777,"1,000,000 y mas",1403900010971
39,Guadalajara,1,Guadalajara,0986,106,0.16383307573415765,154,0.23802163833075735,129,0.19938176197836166,104,0.160741885625966,71,0.10973724884080371,76,0.11746522411128284,7,0.010819165378670788,C+,647,"1,000,000 y mas",1403900010986
39,Guadalajara,1,Guadalajara,0990,102,0.13728129205921938,162,0.2180349932705249,144,0.19380888290713325,127,0.17092866756393002,89,0.11978465679676985,96,0.12920592193808883,23,0.03095558546433378,C+,743,"1,000,000 y mas",1403900010990
39,Guadalajara,1,Guadalajara,1005,81,0.1588235294117647,100,0.19607843137254902,100,0.19607843137254902,83,0.1627450980392157,58,0.11372549019607843,78,0.15294117647058825,10,0.0196078431372549,C,510,"1,000,000 y mas",1403900011005
39,Guadalajara,1,Guadalajara,101A,94,0.22014051522248243,101,0.23653395784543327,89,0.20843091334894615,57,0.13348946135831383,42,0.09836065573770492,38,0.08899297423887588,6,0.01405152224824356,C+,427,"1,000,000 y mas",140390001101A
39,Guadalajara,1,Guadalajara,1024,79,0.11651917404129794,117,0.17256637168141592,119,0.17551622418879056,115,0.1696165191740413,106,0.15634218289085547,122,0.17994100294985252,20,0.029498525073746312,D,678,"1,000,000 y mas",1403900011024
39,Guadalajara,1,Guadalajara,1039,94,0.1203585147247119,133,0.1702944942381562,145,0.1856594110115237,127,0.16261203585147246,113,0.1446862996158771,133,0.1702944942381562,36,0.046094750320102434,C,781,"1,000,000 y mas",1403900011039
39,Guadalajara,1,Guadalajara,1043,299,0.3659730722154223,255,0.31211750305997554,132,0.16156670746634028,72,0.08812729498164015,35,0.042839657282741736,22,0.02692778457772338,,,A/B,817,"1,000,000 y mas",1403900011043
39,Guadalajara,1,Guadalajara,1062,127,0.3469945355191257,104,0.28415300546448086,63,0.1721311475409836,29,0.07923497267759563,26,0.07103825136612021,16,0.04371584699453552,,,A/B,366,"1,000,000 y mas",1403900011062
39,Guadalajara,1,Guadalajara,1077,111,0.4065934065934066,79,0.2893772893772894,41,0.15018315018315018,22,0.08058608058608059,11,0.040293040293040296,9,0.03296703296703297,0,0.0,A/B,273,"1,000,000 y mas",1403900011077
39,Guadalajara,1,Guadalajara,1081,148,0.1653631284916201,180,0.2011173184357542,182,0.20335195530726258,160,0.1787709497206704,100,0.11173184357541899,110,0.12290502793296089,15,0.01675977653631285,C,895,"1,000,000 y mas",1403900011081
39,Guadalajara,1,Guadalajara,1096,105,0.15718562874251496,139,0.20808383233532934,125,0.18712574850299402,136,0.20359281437125748,77,0.11526946107784432,75,0.1122754491017964,11,0.016467065868263474,C+,668,"1,000,000 y mas",1403900011096
39,Guadalajara,1,Guadalajara,1109,138,0.18523489932885906,163,0.21879194630872484,125,0.16778523489932887,118,0.15838926174496645,94,0.1261744966442953,91,0.1221476510067114,16,0.021476510067114093,C+,745,"1,000,000 y mas",1403900011109
39,Guadalajara,1,Guadalajara,1113,79,0.13527397260273974,121,0.2071917808219178,98,0.1678082191780822,90,0.1541095890410959,99,0.1695205479452055,92,0.15753424657534246,5,0.008561643835616438,C+,584,"1,000,000 y mas",1403900011113
39,Guadalajara,1,Guadalajara,1128,88,0.15770609318996415,129,0.23118279569892472,99,0.1774193548387097,104,0.1863799283154122,63,0.11290322580645161,71,0.12724014336917563,4,0.007168458781362007,C+,558,"1,000,000 y mas",1403900011128
39,Guadalajara,1,Guadalajara,1132,82,0.14487632508833923,141,0.24911660777385158,105,0.1855123674911661,84,0.14840989399293286,84,0.14840989399293286,62,0.10954063604240283,8,0.014134275618374558,C+,566,"1,000,000 y mas",1403900011132
39,Guadalajara,1,Guadalajara,1147,133,0.13420787083753785,187,0.18869828456104945,178,0.17961654894046417,189,0.19071644803229063,150,0.15136226034308778,123,0.124117053481332,31,0.03128153380423814,C-,991,"1,000,000 y mas",1403900011147
39,Guadalajara,1,Guadalajara,1151,94,0.1422087745839637,138,0.2087745839636914,136,0.20574886535552195,91,0.13767019667170954,87,0.13161875945537066,98,0.14826021180030258,17,0.025718608169440244,C+,661,"1,000,000 y mas",1403900011151
39,Guadalajara,1,Guadalajara,1166,64,0.08695652173913043,129,0.17527173913043478,154,0.20923913043478262,148,0.20108695652173914,105,0.14266304347826086,117,0.15896739130434784,19,0.025815217391304348,C,736,"1,000,000 y mas",1403900011166
39,Guadalajara,1,Guadalajara,1170,163,0.11684587813620072,240,0.17204301075268819,248,0.17777777777777778,262,0.1878136200716846,216,0.15483870967741936,241,0.17275985663082438,25,0.017921146953405017,C-,1395,"1,000,000 y mas",1403900011170
39,Guadalajara,1,Guadalajara,1185,197,0.12492073557387444,297,0.18833227647431833,298,0.18896639188332276,274,0.17374762206721622,218,0.13823715916296767,247,0.1566265060240964,46,0.029169308814204185,C,1577,"1,000,000 y mas",1403900011185
39,Guadalajara,1,Guadalajara,119A,90,0.18255578093306288,100,0.2028397565922921,83,0.16835699797160245,89,0.18052738336713997,55,0.11156186612576065,68,0.13793103448275862,8,0.016227180527383367,C+,493,"1,000,000 y mas",140390001119A
39,Guadalajara,1,Guadalajara,1202,67,0.11985688729874776,103,0.18425760286225404,86,0.15384615384615385,97,0.1735241502683363,83,0.148479427549195,100,0.17889087656529518,23,0.04114490161001789,C+,559,"1,000,000 y mas",1403900011202
39,Guadalajara,1,Guadalajara,1217,118,0.07559256886611147,228,0.14606021780909673,315,0.20179372197309417,294,0.18834080717488788,241,0.15438821268417682,308,0.19730941704035873,57,0.03651505445227418,C,1561,"1,000,000 y mas",1403900011217
39,Guadalajara,1,Guadalajara,1221,87,0.10057803468208093,156,0.18034682080924855,170,0.19653179190751446,139,0.1606936416184971,144,0.16647398843930636,139,0.1606936416184971,30,0.03468208092485549,C,865,"1,000,000 y mas",1403900011221
39,Guadalajara,1,Guadalajara,1236,94,0.08744186046511628,153,0.14232558139534884,194,0.18046511627906978,195,0.1813953488372093,180,0.16744186046511628,218,0.2027906976744186,41,0.03813953488372093,D,1075,"1,000,000 y mas",1403900011236
39,Guadalajara,1,Guadalajara,1274,176,0.30662020905923343,158,0.27526132404181186,97,0.16898954703832753,76,0.13240418118466898,40,0.06968641114982578,26,0.04529616724738676,,,A/B,574,"1,000,000 y mas",1403900011274
39,Guadalajara,1,Guadalajara,1289,200,0.29455081001472755,212,0.3122238586156112,152,0.22385861561119294,77,0.1134020618556701,27,0.039764359351988215,11,0.016200294550810016,0,0.0,C+,679,"1,000,000 y mas",1403900011289
39,Guadalajara,1,Guadalajara,1293,99,0.27887323943661974,113,0.3183098591549296,71,0.2,31,0.08732394366197183,18,0.05070422535211268,22,0.061971830985915494,,,C+,355,"1,000,000 y mas",1403900011293
39,Guadalajara,1,Guadalajara,1306,66,0.25882352941176473,81,0.3176470588235294,60,0.23529411764705882,27,0.10588235294117647,5,0.0196078431372549,16,0.06274509803921569,0,0.0,C+,255,"1,000,000 y mas",1403900011306
39,Guadalajara,1,Guadalajara,1310,94,0.25824175824175827,143,0.39285714285714285,58,0.15934065934065933,30,0.08241758241758242,23,0.06318681318681318,15,0.04120879120879121,,,C+,364,"1,000,000 y mas",1403900011310
39,Guadalajara,1,Guadalajara,1325,198,0.21545157780195864,239,0.2600652883569097,194,0.21109902067464636,115,0.1251360174102285,81,0.088139281828074,80,0.08705114254624592,12,0.013057671381936888,C+,919,"1,000,000 y mas",1403900011325
39,Guadalajara,1,Guadalajara,133A,77,0.17303370786516853,90,0.20224719101123595,100,0.2247191011235955,73,0.16404494382022472,50,0.11235955056179775,52,0.11685393258426967,3,0.006741573033707865,C,445,"1,000,000 y mas",140390001133A
39,Guadalajara,1,Guadalajara,1344,86,0.22631578947368422,70,0.18421052631578946,58,0.15263157894736842,80,0.21052631578947367,34,0.08947368421052632,49,0.12894736842105264,3,0.007894736842105263,A/B,380,"1,000,000 y mas",1403900011344
39,Guadalajara,1,Guadalajara,1359,34,0.12686567164179105,52,0.19402985074626866,34,0.12686567164179105,46,0.17164179104477612,49,0.1828358208955224,49,0.1828358208955224,4,0.014925373134328358,C+,268,"1,000,000 y mas",1403900011359
39,Guadalajara,1,Guadalajara,1363,45,0.10714285714285714,71,0.16904761904761906,95,0.2261904761904762,87,0.20714285714285716,66,0.15714285714285714,54,0.12857142857142856,,,C,420,"1,000,000 y mas",1403900011363
39,Guadalajara,1,Guadalajara,1378,28,0.057494866529774126,74,0.15195071868583163,81,0.16632443531827515,90,0.18480492813141683,90,0.18480492813141683,113,0.23203285420944558,11,0.022587268993839837,D,487,"1,000,000 y mas",1403900011378
39,Guadalajara,1,Guadalajara,1382,89,0.09866962305986696,173,0.1917960088691796,184,0.2039911308203991,163,0.18070953436807094,121,0.13414634146341464,152,0.16851441241685144,20,0.022172949002217297,C,902,"1,000,000 y mas",1403900011382
39,Guadalajara,1,Guadalajara,1397,142,0.09220779220779221,276,0.17922077922077922,277,0.17987012987012987,255,0.16558441558441558,249,0.1616883116883117,300,0.19480519480519481,41,0.026623376623376622,D,1540,"1,000,000 y mas",1403900011397
39,Guadalajara,1,Guadalajara,140A,150,0.1152073732718894,197,0.15130568356374807,244,0.18740399385560677,211,0.1620583717357911,211,0.1620583717357911,245,0.1881720430107527,44,0.03379416282642089,D,1302,"1,000,000 y mas",140390001140A
39,Guadalajara,1,Guadalajara,1414,109,0.09536307961504811,194,0.16972878390201224,222,0.1942257217847769,196,0.1714785651793526,162,0.14173228346456693,226,0.19772528433945757,34,0.02974628171478565,D,1143,"1,000,000 y mas",1403900011414
39,Guadalajara,1,Guadalajara,1429,43,0.07651245551601424,75,0.13345195729537365,97,0.17259786476868327,103,0.18327402135231316,75,0.13345195729537365,146,0.2597864768683274,23,0.04092526690391459,D,562,"1,000,000 y mas",1403900011429
39,Guadalajara,1,Guadalajara,1433,148,0.10299234516353514,232,0.16144745998608212,261,0.18162839248434237,245,0.17049408489909534,230,0.16005567153792624,282,0.19624217118997914,39,0.027139874739039668,D,1437,"1,000,000 y mas",1403900011433
39,Guadalajara,1,Guadalajara,1448,51,0.06606217616580311,111,0.14378238341968913,158,0.20466321243523317,152,0.19689119170984457,136,0.17616580310880828,142,0.18393782383419688,22,0.02849740932642487,C,772,"1,000,000 y mas",1403900011448
39,Guadalajara,1,Guadalajara,1452,81,0.07271095152603231,171,0.15350089766606823,184,0.1651705565529623,207,0.18581687612208259,178,0.15978456014362658,252,0.22621184919210055,41,0.03680430879712747,D,1114,"1,000,000 y mas",1403900011452
39,Guadalajara,1,Guadalajara,1467,73,0.05689789555728761,184,0.14341387373343725,275,0.21434138737334374,240,0.18706157443491817,208,0.16212003117692908,268,0.2088854247856586,35,0.027279812938425563,C,1283,"1,000,000 y mas",1403900011467
39,Guadalajara,1,Guadalajara,1471,95,0.08429458740017746,183,0.16237799467613132,196,0.17391304347826086,231,0.20496894409937888,145,0.12866015971606035,222,0.19698314108251996,55,0.048802129547471165,C-,1127,"1,000,000 y mas",1403900011471
39,Guadalajara,1,Guadalajara,1490,122,0.08977189109639441,216,0.15894039735099338,255,0.18763796909492272,284,0.20897718910963944,215,0.1582045621780721,231,0.16997792494481237,36,0.026490066225165563,C-,1359,"1,000,000 y mas",1403900011490
39,Guadalajara,1,Guadalajara,1518,29,0.04692556634304207,81,0.13106796116504854,103,0.16666666666666666,135,0.21844660194174756,112,0.18122977346278318,141,0.22815533980582525,17,0.02750809061488673,D,618,"1,000,000 y mas",1403900011518
39,Guadalajara,1,Guadalajara,1537,133,0.0676500508646999,322,0.16378433367243134,386,0.1963377416073245,363,0.18463886063072227,328,0.16683621566632756,367,0.1866734486266531,67,0.0340793489318413,C,1966,"1,000,000 y mas",1403900011537
39,Guadalajara,1,Guadalajara,1556,168,0.27860696517412936,176,0.29187396351575456,109,0.18076285240464346,71,0.11774461028192372,49,0.0812603648424544,30,0.04975124378109453,0,0.0,C+,603,"1,000,000 y mas",1403900011556
39,Guadalajara,1,Guadalajara,1560,78,0.2549019607843137,112,0.3660130718954248,52,0.16993464052287582,37,0.12091503267973856,18,0.058823529411764705,9,0.029411764705882353,0,0.0,C+,306,"1,000,000 y mas",1403900011560
39,Guadalajara,1,Guadalajara,1575,47,0.23383084577114427,64,0.31840796019900497,45,0.22388059701492538,31,0.15422885572139303,8,0.03980099502487562,6,0.029850746268656716,0,0.0,C+,201,"1,000,000 y mas",1403900011575
39,Guadalajara,1,Guadalajara,158A,35,0.330188679245283,38,0.3584905660377358,13,0.12264150943396226,7,0.0660377358490566,7,0.0660377358490566,5,0.04716981132075472,,,C+,106,"1,000,000 y mas",140390001158A
39,Guadalajara,1,Guadalajara,1594,17,0.1559633027522936,40,0.3669724770642202,25,0.22935779816513763,12,0.11009174311926606,8,0.07339449541284404,6,0.05504587155963303,,,C+,109,"1,000,000 y mas",1403900011594
39,Guadalajara,1,Guadalajara,1607,73,0.25435540069686413,101,0.3519163763066202,44,0.15331010452961671,37,0.1289198606271777,19,0.06620209059233449,12,0.041811846689895474,,,C+,287,"1,000,000 y mas",1403900011607
39,Guadalajara,1,Guadalajara,1626,19,0.09644670050761421,33,0.16751269035532995,33,0.16751269035532995,46,0.233502538071066,42,0.2131979695431472,23,0.116751269035533,,,C-,197,"1,000,000 y mas",1403900011626
39,Guadalajara,1,Guadalajara,1630,,,21,0.14788732394366197,23,0.1619718309859155,33,0.2323943661971831,33,0.2323943661971831,26,0.18309859154929578,5,0.035211267605633804,D+,142,"1,000,000 y mas",1403900011630
39,Guadalajara,1,Guadalajara,1645,34,0.05362776025236593,83,0.1309148264984227,91,0.14353312302839116,117,0.18454258675078863,113,0.17823343848580442,172,0.27129337539432175,24,0.03785488958990536,D,634,"1,000,000 y mas",1403900011645
39,Guadalajara,1,Guadalajara,165A,203,0.11680092059838895,272,0.1565017261219793,311,0.17894131185270426,313,0.18009205983889529,253,0.14556962025316456,333,0.1915995397008055,53,0.03049482163406214,D,1738,"1,000,000 y mas",140390001165A
39,Guadalajara,1,Guadalajara,1664,82,0.1251908396946565,86,0.13129770992366413,116,0.17709923664122137,120,0.183206106870229,96,0.1465648854961832,141,0.2152671755725191,14,0.021374045801526718,D,655,"1,000,000 y mas",1403900011664
39,Guadalajara,1,Guadalajara,1679,50,0.08960573476702509,77,0.13799283154121864,110,0.1971326164874552,102,0.1827956989247312,72,0.12903225806451613,132,0.23655913978494625,15,0.026881720430107527,D,558,"1,000,000 y mas",1403900011679
39,Guadalajara,1,Guadalajara,1683,65,0.06694129763130793,164,0.16889804325437693,195,0.2008238928939238,201,0.2070030895983522,152,0.15653964984552007,169,0.17404737384140062,25,0.025746652935118436,C-,971,"1,000,000 y mas",1403900011683
39,Guadalajara,1,Guadalajara,1698,87,0.10069444444444445,139,0.16087962962962962,153,0.17708333333333334,157,0.18171296296296297,130,0.15046296296296297,163,0.1886574074074074,35,0.04050925925925926,D,864,"1,000,000 y mas",1403900011698
39,Guadalajara,1,Guadalajara,1700,95,0.0794979079497908,183,0.15313807531380752,241,0.20167364016736403,244,0.20418410041841004,186,0.15564853556485356,214,0.1790794979079498,32,0.026778242677824266,C-,1195,"1,000,000 y mas",1403900011700
39,Guadalajara,1,Guadalajara,1715,143,0.10407569141193596,281,0.20451237263464336,320,0.2328966521106259,247,0.17976710334788937,189,0.13755458515283842,173,0.12590975254730713,21,0.015283842794759825,C,1374,"1,000,000 y mas",1403900011715
39,Guadalajara,1,Guadalajara,172A,130,0.10317460317460317,249,0.1976190476190476,256,0.20317460317460317,226,0.17936507936507937,162,0.12857142857142856,209,0.16587301587301587,28,0.022222222222222223,C,1260,"1,000,000 y mas",140390001172A
39,Guadalajara,1,Guadalajara,1734,135,0.09868421052631579,236,0.17251461988304093,280,0.2046783625730994,251,0.1834795321637427,184,0.13450292397660818,241,0.17616959064327486,41,0.029970760233918127,C,1368,"1,000,000 y mas",1403900011734
39,Guadalajara,1,Guadalajara,1753,272,0.3253588516746411,281,0.3361244019138756,138,0.16507177033492823,77,0.09210526315789473,40,0.04784688995215311,27,0.03229665071770335,,,C+,836,"1,000,000 y mas",1403900011753
39,Guadalajara,1,Guadalajara,1768,253,0.2901376146788991,292,0.3348623853211009,159,0.1823394495412844,107,0.12270642201834862,37,0.04243119266055046,24,0.027522935779816515,0,0.0,C+,872,"1,000,000 y mas",1403900011768
39,Guadalajara,1,Guadalajara,1787,52,0.25870646766169153,74,0.3681592039800995,29,0.14427860696517414,21,0.1044776119402985,12,0.05970149253731343,12,0.05970149253731343,,,C+,201,"1,000,000 y mas",1403900011787
39,Guadalajara,1,Guadalajara,1791,39,0.22033898305084745,52,0.2937853107344633,43,0.24293785310734464,27,0.15254237288135594,12,0.06779661016949153,4,0.022598870056497175,0,0.0,C+,177,"1,000,000 y mas",1403900011791
39,Guadalajara,1,Guadalajara,1804,53,0.34415584415584416,52,0.33766233766233766,19,0.12337662337662338,18,0.11688311688311688,5,0.032467532467532464,7,0.045454545454545456,0,0.0,A/B,154,"1,000,000 y mas",1403900011804
39,Guadalajara,1,Guadalajara,1819,59,0.28921568627450983,76,0.37254901960784315,35,0.1715686274509804,16,0.0784313725490196,9,0.04411764705882353,9,0.04411764705882353,0,0.0,C+,204,"1,000,000 y mas",1403900011819
39,Guadalajara,1,Guadalajara,1823,41,0.19806763285024154,60,0.2898550724637681,44,0.21256038647342995,24,0.11594202898550725,21,0.10144927536231885,17,0.0821256038647343,0,0.0,C+,207,"1,000,000 y mas",1403900011823
39,Guadalajara,1,Guadalajara,1838,36,0.16289592760180996,39,0.17647058823529413,48,0.2171945701357466,42,0.19004524886877827,35,0.1583710407239819,20,0.09049773755656108,,,C,221,"1,000,000 y mas",1403900011838
39,Guadalajara,1,Guadalajara,1842,106,0.2529832935560859,102,0.24343675417661098,68,0.162291169451074,56,0.13365155131264916,50,0.11933174224343675,32,0.07637231503579953,5,0.011933174224343675,A/B,419,"1,000,000 y mas",1403900011842
39,Guadalajara,1,Guadalajara,1857,189,0.16363636363636364,246,0.21298701298701297,243,0.21038961038961038,215,0.18614718614718614,120,0.1038961038961039,129,0.11168831168831168,13,0.011255411255411256,C+,1155,"1,000,000 y mas",1403900011857
39,Guadalajara,1,Guadalajara,1861,52,0.10947368421052632,100,0.21052631578947367,94,0.19789473684210526,84,0.17684210526315788,74,0.15578947368421053,62,0.13052631578947368,9,0.018947368421052633,C+,475,"1,000,000 y mas",1403900011861
39,Guadalajara,1,Guadalajara,1876,17,0.058419243986254296,20,0.06872852233676977,40,0.13745704467353953,57,0.1958762886597938,66,0.2268041237113402,88,0.3024054982817869,3,0.010309278350515464,D,291,"1,000,000 y mas",1403900011876
39,Guadalajara,1,Guadalajara,1880,45,0.08166969147005444,84,0.15245009074410162,92,0.16696914700544466,95,0.1724137931034483,85,0.1542649727767695,132,0.2395644283121597,18,0.032667876588021776,D,551,"1,000,000 y mas",1403900011880
39,Guadalajara,1,Guadalajara,1895,42,0.0726643598615917,92,0.15916955017301038,83,0.14359861591695502,100,0.17301038062283736,85,0.14705882352941177,154,0.2664359861591695,22,0.03806228373702422,D,578,"1,000,000 y mas",1403900011895
39,Guadalajara,1,Guadalajara,1908,105,0.10105871029836382,152,0.14629451395572665,203,0.19538017324350337,199,0.1915303176130895,166,0.15976900866217517,180,0.17324350336862368,34,0.032723772858517804,C,1039,"1,000,000 y mas",1403900011908
39,Guadalajara,1,Guadalajara,1912,60,0.07537688442211055,96,0.12060301507537688,136,0.1708542713567839,116,0.1457286432160804,169,0.21231155778894473,170,0.2135678391959799,49,0.06155778894472362,D,796,"1,000,000 y mas",1403900011912
39,Guadalajara,1,Guadalajara,1927,96,0.12749003984063745,147,0.1952191235059761,124,0.1646746347941567,129,0.17131474103585656,108,0.14342629482071714,134,0.17795484727755645,15,0.0199203187250996,C+,753,"1,000,000 y mas",1403900011927
39,Guadalajara,1,Guadalajara,1931,67,0.13009708737864079,118,0.229126213592233,96,0.18640776699029127,81,0.15728155339805824,68,0.13203883495145632,71,0.1378640776699029,14,0.027184466019417475,C+,515,"1,000,000 y mas",1403900011931
39,Guadalajara,1,Guadalajara,1946,72,0.1085972850678733,115,0.17345399698340874,121,0.18250377073906485,104,0.1568627450980392,79,0.1191553544494721,150,0.22624434389140272,22,0.033182503770739065,D,663,"1,000,000 y mas",1403900011946
39,Guadalajara,1,Guadalajara,1950,97,0.14098837209302326,134,0.19476744186046513,130,0.18895348837209303,124,0.18023255813953487,94,0.13662790697674418,99,0.1438953488372093,10,0.014534883720930232,C+,688,"1,000,000 y mas",1403900011950
39,Guadalajara,1,Guadalajara,1965,57,0.06721698113207547,103,0.1214622641509434,138,0.16273584905660377,148,0.17452830188679244,150,0.17688679245283018,220,0.25943396226415094,32,0.03773584905660377,D,848,"1,000,000 y mas",1403900011965
39,Guadalajara,1,Guadalajara,197A,111,0.14104193138500634,157,0.19949174078780177,137,0.17407878017789072,126,0.16010165184243966,110,0.1397712833545108,119,0.15120711562897077,27,0.03430749682337993,C+,787,"1,000,000 y mas",140390001197A
39,Guadalajara,1,Guadalajara,1984,46,0.07255520504731862,92,0.14511041009463724,112,0.17665615141955837,120,0.1892744479495268,116,0.1829652996845426,128,0.20189274447949526,20,0.031545741324921134,D,634,"1,000,000 y mas",1403900011984
39,Guadalajara,1,Guadalajara,1999,65,0.125,110,0.21153846153846154,93,0.17884615384615385,90,0.17307692307692307,77,0.14807692307692308,78,0.15,7,0.013461538461538462,C+,520,"1,000,000 y mas",1403900011999
39,Guadalajara,1,Guadalajara,2003,53,0.08268330733229329,107,0.1669266770670827,119,0.1856474258970359,136,0.2121684867394696,90,0.14040561622464898,113,0.17628705148205928,23,0.0358814352574103,C-,641,"1,000,000 y mas",1403900012003
39,Guadalajara,1,Guadalajara,2018,66,0.10909090909090909,112,0.18512396694214875,121,0.2,106,0.17520661157024794,76,0.1256198347107438,105,0.17355371900826447,19,0.03140495867768595,C,605,"1,000,000 y mas",1403900012018
39,Guadalajara,1,Guadalajara,2022,93,0.08044982698961937,160,0.1384083044982699,207,0.17906574394463667,217,0.18771626297577854,173,0.14965397923875431,262,0.22664359861591696,44,0.03806228373702422,D,1156,"1,000,000 y mas",1403900012022
39,Guadalajara,1,Guadalajara,2037,46,0.05966277561608301,93,0.12062256809338522,142,0.18417639429312582,130,0.16861219195849547,147,0.19066147859922178,187,0.24254215304798962,26,0.03372243839169909,D,771,"1,000,000 y mas",1403900012037
39,Guadalajara,1,Guadalajara,2041,36,0.07547169811320754,83,0.1740041928721174,76,0.15932914046121593,101,0.21174004192872117,69,0.14465408805031446,98,0.20545073375262055,14,0.029350104821802937,C-,477,"1,000,000 y mas",1403900012041
39,Guadalajara,1,Guadalajara,2056,99,0.10691144708423327,195,0.21058315334773217,188,0.20302375809935205,163,0.17602591792656588,130,0.14038876889848811,132,0.14254859611231102,19,0.020518358531317494,C+,926,"1,000,000 y mas",1403900012056
39,Guadalajara,1,Guadalajara,2107,27,0.14917127071823205,39,0.2154696132596685,30,0.16574585635359115,26,0.143646408839779,15,0.08287292817679558,38,0.20994475138121546,6,0.03314917127071823,C+,181,"1,000,000 y mas",1403900012107
39,Guadalajara,1,Guadalajara,2111,70,0.10719754977029096,123,0.1883614088820827,97,0.14854517611026033,109,0.1669218989280245,103,0.15773353751914243,120,0.18376722817764166,31,0.04747320061255743,C+,653,"1,000,000 y mas",1403900012111
39,Guadalajara,1,Guadalajara,2126,27,0.08059701492537313,73,0.21791044776119403,64,0.191044776119403,51,0.15223880597014924,51,0.15223880597014924,56,0.16716417910447762,13,0.03880597014925373,C+,335,"1,000,000 y mas",1403900012126
39,Guadalajara,1,Guadalajara,2130,104,0.2937853107344633,129,0.3644067796610169,66,0.1864406779661017,36,0.1016949152542373,13,0.03672316384180791,5,0.014124293785310734,,,C+,354,"1,000,000 y mas",1403900012130
39,Guadalajara,1,Guadalajara,2145,108,0.26535626535626533,97,0.23832923832923833,94,0.23095823095823095,46,0.11302211302211303,29,0.07125307125307126,32,0.07862407862407862,,,A/B,407,"1,000,000 y mas",1403900012145
39,Guadalajara,1,Guadalajara,215A,73,0.2517241379310345,67,0.23103448275862068,53,0.18275862068965518,46,0.15862068965517243,31,0.10689655172413794,16,0.05517241379310345,4,0.013793103448275862,A/B,290,"1,000,000 y mas",140390001215A
39,Guadalajara,1,Guadalajara,2164,23,0.08013937282229965,70,0.24390243902439024,68,0.23693379790940766,54,0.18815331010452963,33,0.11498257839721254,36,0.1254355400696864,3,0.010452961672473868,C+,287,"1,000,000 y mas",1403900012164
39,Guadalajara,1,Guadalajara,2179,18,0.06382978723404255,49,0.17375886524822695,39,0.13829787234042554,58,0.20567375886524822,45,0.1595744680851064,60,0.2127659574468085,13,0.04609929078014184,D,282,"1,000,000 y mas",1403900012179
39,Guadalajara,1,Guadalajara,2183,48,0.128686327077748,125,0.3351206434316354,97,0.26005361930294907,54,0.1447721179624665,29,0.0777479892761394,19,0.05093833780160858,,,C+,373,"1,000,000 y mas",1403900012183
39,Guadalajara,1,Guadalajara,2200,52,0.14325068870523416,80,0.22038567493112948,86,0.2369146005509642,52,0.14325068870523416,34,0.09366391184573003,54,0.1487603305785124,5,0.013774104683195593,C,363,"1,000,000 y mas",1403900012200
39,Guadalajara,1,Guadalajara,2215,80,0.11834319526627218,143,0.21153846153846154,139,0.20562130177514792,113,0.16715976331360946,90,0.13313609467455623,99,0.14644970414201183,12,0.01775147928994083,C+,676,"1,000,000 y mas",1403900012215
39,Guadalajara,1,Guadalajara,2249,162,0.16314199395770393,233,0.23464249748237664,203,0.20443101711983888,165,0.1661631419939577,122,0.1228600201409869,100,0.10070493454179255,8,0.008056394763343404,C+,993,"1,000,000 y mas",1403900012249
39,Guadalajara,1,Guadalajara,2253,145,0.14676113360323886,203,0.2054655870445344,185,0.18724696356275303,165,0.16700404858299595,132,0.13360323886639677,133,0.1346153846153846,25,0.025303643724696356,C+,988,"1,000,000 y mas",1403900012253
39,Guadalajara,1,Guadalajara,2268,138,0.116751269035533,215,0.18189509306260576,256,0.21658206429780033,209,0.17681895093062605,172,0.1455160744500846,166,0.1404399323181049,26,0.021996615905245348,C,1182,"1,000,000 y mas",1403900012268
39,Guadalajara,1,Guadalajara,2272,85,0.12177650429799428,136,0.19484240687679083,135,0.19340974212034384,113,0.16189111747851004,100,0.14326647564469913,110,0.15759312320916904,19,0.027220630372492838,C+,698,"1,000,000 y mas",1403900012272
39,Guadalajara,1,Guadalajara,2287,95,0.10520487264673312,175,0.1937984496124031,185,0.20487264673311184,168,0.18604651162790697,139,0.1539313399778516,116,0.12846068660022147,25,0.02768549280177187,C,903,"1,000,000 y mas",1403900012287
39,Guadalajara,1,Guadalajara,2291,109,0.10234741784037558,240,0.22535211267605634,212,0.19906103286384977,196,0.18403755868544602,124,0.11643192488262911,160,0.15023474178403756,24,0.022535211267605635,C+,1065,"1,000,000 y mas",1403900012291
39,Guadalajara,1,Guadalajara,2304,120,0.07366482504604052,332,0.2038060159607121,389,0.23879680785758134,318,0.19521178637200737,227,0.13934929404542665,220,0.13505217925107427,23,0.014119091467157766,C,1629,"1,000,000 y mas",1403900012304
39,Guadalajara,1,Guadalajara,2319,271,0.2028443113772455,331,0.24775449101796407,268,0.20059880239520958,198,0.14820359281437126,113,0.0845808383233533,142,0.1062874251497006,13,0.009730538922155689,C+,1336,"1,000,000 y mas",1403900012319
39,Guadalajara,1,Guadalajara,2342,39,0.06382978723404255,92,0.15057283142389524,108,0.176759410801964,96,0.15711947626841244,104,0.1702127659574468,138,0.22585924713584288,34,0.05564648117839607,D,611,"1,000,000 y mas",1403900012342
39,Guadalajara,1,Guadalajara,2357,76,0.09245742092457421,133,0.16180048661800486,147,0.17883211678832117,138,0.1678832116788321,113,0.13746958637469586,184,0.22384428223844283,31,0.037712895377128956,D,822,"1,000,000 y mas",1403900012357
39,Guadalajara,1,Guadalajara,2361,41,0.0985576923076923,95,0.2283653846153846,83,0.19951923076923078,79,0.18990384615384615,55,0.13221153846153846,52,0.125,11,0.026442307692307692,C+,416,"1,000,000 y mas",1403900012361
39,Guadalajara,1,Guadalajara,2376,45,0.09259259259259259,95,0.19547325102880658,99,0.2037037037037037,93,0.19135802469135801,56,0.11522633744855967,86,0.17695473251028807,12,0.024691358024691357,C,486,"1,000,000 y mas",1403900012376
39,Guadalajara,1,Guadalajara,2380,46,0.10952380952380952,78,0.18571428571428572,66,0.15714285714285714,82,0.19523809523809524,65,0.15476190476190477,73,0.1738095238095238,10,0.023809523809523808,C-,420,"1,000,000 y mas",1403900012380
39,Guadalajara,1,Guadalajara,2395,80,0.12678288431061807,113,0.179080824088748,120,0.1901743264659271,109,0.17274167987321712,81,0.12836767036450078,116,0.1838351822503962,12,0.01901743264659271,C,631,"1,000,000 y mas",1403900012395
39,Guadalajara,1,Guadalajara,2408,67,0.11816578483245149,111,0.19576719576719576,111,0.19576719576719576,105,0.18518518518518517,68,0.11992945326278659,89,0.15696649029982362,16,0.02821869488536155,C,567,"1,000,000 y mas",1403900012408
39,Guadalajara,1,Guadalajara,2427,90,0.1618705035971223,136,0.2446043165467626,131,0.2356115107913669,78,0.14028776978417265,41,0.0737410071942446,74,0.13309352517985612,6,0.01079136690647482,C+,556,"1,000,000 y mas",1403900012427
39,Guadalajara,1,Guadalajara,2431,24,0.07453416149068323,60,0.18633540372670807,76,0.2360248447204969,50,0.15527950310559005,47,0.14596273291925466,46,0.14285714285714285,19,0.059006211180124224,C,322,"1,000,000 y mas",1403900012431
39,Guadalajara,1,Guadalajara,2446,76,0.1296928327645051,121,0.20648464163822525,104,0.17747440273037543,96,0.16382252559726962,96,0.16382252559726962,83,0.1416382252559727,10,0.017064846416382253,C+,586,"1,000,000 y mas",1403900012446
39,Guadalajara,1,Guadalajara,2501,111,0.11961206896551724,182,0.1961206896551724,219,0.23599137931034483,150,0.16163793103448276,116,0.125,133,0.14331896551724138,17,0.018318965517241378,C,928,"1,000,000 y mas",1403900012501
39,Guadalajara,1,Guadalajara,2516,51,0.09732824427480916,96,0.183206106870229,109,0.20801526717557253,97,0.1851145038167939,84,0.16030534351145037,74,0.14122137404580154,13,0.02480916030534351,C,524,"1,000,000 y mas",1403900012516
39,Guadalajara,1,Guadalajara,2520,73,0.16367713004484305,77,0.1726457399103139,85,0.1905829596412556,73,0.16367713004484305,56,0.12556053811659193,73,0.16367713004484305,9,0.020179372197309416,C,446,"1,000,000 y mas",1403900012520
39,Guadalajara,1,Guadalajara,2535,229,0.20391807658058772,294,0.26179875333926983,221,0.19679430097951914,166,0.14781834372217276,84,0.07479964381121995,108,0.09617097061442564,21,0.018699910952804988,C+,1123,"1,000,000 y mas",1403900012535
39,Guadalajara,1,Guadalajara,254A,273,0.15362971299943726,428,0.24085537422622397,377,0.21215531795160383,307,0.172763083849184,171,0.09622960045019696,188,0.10579628587507034,33,0.018570624648283626,C+,1777,"1,000,000 y mas",140390001254A
39,Guadalajara,1,Guadalajara,2554,0,0.0,,,,,0,0.0,0,0.0,,,0,0.0,C,4,"1,000,000 y mas",1403900012554
39,Guadalajara,1,Guadalajara,2569,171,0.16897233201581027,211,0.208498023715415,186,0.18379446640316205,191,0.18873517786561264,118,0.116600790513834,111,0.10968379446640317,24,0.023715415019762844,C+,1012,"1,000,000 y mas",1403900012569
39,Guadalajara,1,Guadalajara,2588,82,0.08532778355879292,147,0.1529656607700312,161,0.1675338189386056,162,0.16857440166493237,159,0.16545265348595214,203,0.21123829344432882,47,0.04890738813735692,D,961,"1,000,000 y mas",1403900012588
39,Guadalajara,1,Guadalajara,2592,132,0.1234798877455566,203,0.18989710009354538,200,0.18709073900841908,160,0.14967259120673526,140,0.13096351730589337,161,0.15060804490177737,73,0.06828811973807297,C+,1069,"1,000,000 y mas",1403900012592
39,Guadalajara,1,Guadalajara,2605,8,0.05970149253731343,20,0.14925373134328357,26,0.19402985074626866,22,0.16417910447761194,18,0.13432835820895522,37,0.27611940298507465,3,0.022388059701492536,D,134,"1,000,000 y mas",1403900012605
39,Guadalajara,1,Guadalajara,261A,78,0.12580645161290321,117,0.18870967741935485,121,0.19516129032258064,113,0.18225806451612903,87,0.1403225806451613,99,0.1596774193548387,5,0.008064516129032258,C,620,"1,000,000 y mas",140390001261A
39,Guadalajara,1,Guadalajara,2624,143,0.09172546504169339,301,0.1930724823604875,322,0.2065426555484285,280,0.1796023091725465,224,0.1436818473380372,261,0.16741500962155229,28,0.01796023091725465,C,1559,"1,000,000 y mas",1403900012624
39,Guadalajara,1,Guadalajara,2639,163,0.1078042328042328,294,0.19444444444444445,274,0.18121693121693122,246,0.1626984126984127,227,0.15013227513227514,250,0.16534391534391535,58,0.03835978835978836,C+,1512,"1,000,000 y mas",1403900012639
39,Guadalajara,1,Guadalajara,2662,80,0.1381692573402418,94,0.16234887737478412,126,0.21761658031088082,95,0.16407599309153714,71,0.1226252158894646,90,0.15544041450777202,23,0.039723661485319514,C,579,"1,000,000 y mas",1403900012662
39,Guadalajara,1,Guadalajara,2677,90,0.1727447216890595,153,0.29366602687140114,84,0.16122840690978887,81,0.15547024952015356,39,0.07485604606525911,66,0.12667946257197696,8,0.015355086372360844,C+,521,"1,000,000 y mas",1403900012677
39,Guadalajara,1,Guadalajara,2681,249,0.1976190476190476,374,0.2968253968253968,255,0.20238095238095238,177,0.14047619047619048,107,0.08492063492063492,93,0.07380952380952381,5,0.003968253968253968,C+,1260,"1,000,000 y mas",1403900012681
39,Guadalajara,1,Guadalajara,2696,422,0.20984584783689705,531,0.2640477374440577,394,0.19592242665340626,276,0.1372451516658379,196,0.09746394828443561,175,0.0870213823968175,17,0.008453505718547987,C+,2011,"1,000,000 y mas",1403900012696
39,Guadalajara,1,Guadalajara,2709,386,0.21931818181818183,483,0.27443181818181817,373,0.2119318181818182,215,0.12215909090909091,135,0.07670454545454546,151,0.08579545454545455,17,0.009659090909090909,C+,1760,"1,000,000 y mas",1403900012709
39,Guadalajara,1,Guadalajara,2713,207,0.1962085308056872,265,0.25118483412322273,223,0.21137440758293838,147,0.13933649289099526,99,0.0938388625592417,105,0.0995260663507109,9,0.008530805687203791,C+,1055,"1,000,000 y mas",1403900012713
39,Guadalajara,1,Guadalajara,2728,174,0.15117289313640314,253,0.21980886185925283,264,0.22936576889661164,178,0.15464813205907907,123,0.10686359687228497,139,0.12076455256298871,20,0.01737619461337967,C,1151,"1,000,000 y mas",1403900012728
39,Guadalajara,1,Guadalajara,2785,107,0.08199233716475096,218,0.16704980842911876,245,0.18773946360153257,231,0.17701149425287357,188,0.14406130268199233,260,0.19923371647509577,56,0.04291187739463601,D,1305,"1,000,000 y mas",1403900012785
39,Guadalajara,1,Guadalajara,279A,109,0.08535630383711824,194,0.1519185591229444,256,0.2004698512137823,230,0.18010963194988253,171,0.13390759592795615,270,0.211433046202036,47,0.03680501174628034,D,1277,"1,000,000 y mas",140390001279A
39,Guadalajara,1,Guadalajara,2802,182,0.07747977862920391,370,0.15751383567475521,514,0.21881651766709237,435,0.18518518518518517,356,0.15155385270327798,395,0.16815666240953597,97,0.04129416773094934,C,2349,"1,000,000 y mas",1403900012802
39,Guadalajara,1,Guadalajara,286A,51,0.0794392523364486,137,0.21339563862928349,122,0.19003115264797507,105,0.16355140186915887,100,0.1557632398753894,111,0.17289719626168223,16,0.024922118380062305,C+,642,"1,000,000 y mas",140390001286A
39,Guadalajara,1,Guadalajara,3001,73,0.11793214862681745,146,0.2358642972536349,158,0.2552504038772213,96,0.15508885298869143,83,0.13408723747980614,59,0.09531502423263329,4,0.006462035541195477,C,619,"1,000,000 y mas",1403900013001
39,Guadalajara,1,Guadalajara,3016,115,0.08666164280331574,240,0.1808590806330068,290,0.2185380557648832,254,0.19140919366993217,171,0.12886209495101733,226,0.17030896759608138,31,0.023360964581763375,C,1327,"1,000,000 y mas",1403900013016
39,Guadalajara,1,Guadalajara,3020,121,0.09991742361684558,220,0.18166804293971925,261,0.21552436003303055,230,0.18992568125516102,175,0.14450867052023122,179,0.14781172584640792,25,0.02064409578860446,C,1211,"1,000,000 y mas",1403900013020
39,Guadalajara,1,Guadalajara,3088,219,0.1038899430740038,429,0.20351043643263758,506,0.24003795066413663,363,0.1722011385199241,253,0.12001897533206832,294,0.13946869070208728,44,0.020872865275142316,C,2108,"1,000,000 y mas",1403900013088
39,Guadalajara,1,Guadalajara,3143,377,0.42407199100112486,299,0.3363329583802025,125,0.140607424071991,58,0.06524184476940383,21,0.023622047244094488,9,0.010123734533183352,0,0.0,A/B,889,"1,000,000 y mas",1403900013143
39,Guadalajara,1,Guadalajara,3177,94,0.054778554778554776,220,0.1282051282051282,303,0.17657342657342656,348,0.20279720279720279,319,0.1858974358974359,378,0.2202797202797203,54,0.03146853146853147,D,1716,"1,000,000 y mas",1403900013177
39,Guadalajara,1,Guadalajara,3209,230,0.14612452350698857,367,0.2331639135959339,384,0.24396442185514614,269,0.17090216010165185,157,0.09974587039390088,158,0.10038119440914867,9,0.005717916137229987,C,1574,"1,000,000 y mas",1403900013209
39,Guadalajara,1,Guadalajara,3317,286,0.32207207207207206,287,0.32319819819819817,149,0.1677927927927928,90,0.10135135135135136,43,0.04842342342342342,33,0.037162162162162164,0,0.0,C+,888,"1,000,000 y mas",1403900013317
39,Guadalajara,1,Guadalajara,3321,119,0.34097421203438394,116,0.332378223495702,55,0.15759312320916904,37,0.10601719197707736,16,0.045845272206303724,6,0.017191977077363897,0,0.0,A/B,349,"1,000,000 y mas",1403900013321
39,Guadalajara,1,Guadalajara,3336,212,0.09498207885304659,529,0.23700716845878136,494,0.22132616487455198,444,0.1989247311827957,294,0.13172043010752688,235,0.10528673835125447,24,0.010752688172043012,C+,2232,"1,000,000 y mas",1403900013336
39,Guadalajara,1,Guadalajara,3340,277,0.12159789288849868,525,0.23046532045654083,573,0.2515364354697103,381,0.1672519754170325,263,0.1154521510096576,218,0.09569798068481124,41,0.017998244073748903,C,2278,"1,000,000 y mas",1403900013340
39,Guadalajara,1,Guadalajara,3374,125,0.08716875871687588,194,0.13528591352859135,247,0.17224546722454673,234,0.16317991631799164,211,0.14714086471408647,341,0.2377963737796374,82,0.05718270571827057,D,1434,"1,000,000 y mas",1403900013374
39,Guadalajara,1,Guadalajara,3406,111,0.09296482412060302,221,0.18509212730318259,265,0.2219430485762144,219,0.18341708542713567,141,0.11809045226130653,207,0.17336683417085427,30,0.02512562814070352,C,1194,"1,000,000 y mas",1403900013406
39,Guadalajara,1,Guadalajara,3482,39,0.03742802303262956,95,0.09117082533589252,170,0.16314779270633398,174,0.16698656429942418,182,0.1746641074856046,312,0.29942418426103645,70,0.0671785028790787,D,1042,"1,000,000 y mas",1403900013482
39,Guadalajara,1,Guadalajara,350A,52,0.06989247311827956,139,0.1868279569892473,153,0.2056451612903226,136,0.1827956989247312,84,0.11290322580645161,152,0.20430107526881722,28,0.03763440860215054,C,744,"1,000,000 y mas",140390001350A
39,Guadalajara,1,Guadalajara,3514,83,0.10682110682110682,142,0.18275418275418276,136,0.17503217503217502,154,0.1981981981981982,106,0.1364221364221364,130,0.16731016731016732,26,0.03346203346203346,C-,777,"1,000,000 y mas",1403900013514
39,Guadalajara,1,Guadalajara,3529,66,0.0815822002472188,147,0.18170580964153277,175,0.21631644004944375,154,0.1903584672435105,104,0.12855377008652658,137,0.16934487021013597,26,0.032138442521631644,C,809,"1,000,000 y mas",1403900013529
39,Guadalajara,1,Guadalajara,3533,59,0.10766423357664233,117,0.21350364963503649,94,0.17153284671532848,104,0.1897810218978102,64,0.11678832116788321,90,0.16423357664233576,20,0.0364963503649635,C+,548,"1,000,000 y mas",1403900013533
39,Guadalajara,1,Guadalajara,3548,5,0.01240694789081886,24,0.05955334987593052,61,0.1513647642679901,90,0.22332506203473945,116,0.2878411910669975,100,0.24813895781637718,7,0.017369727047146403,D+,403,"1,000,000 y mas",1403900013548
39,Guadalajara,1,Guadalajara,3552,10,0.019801980198019802,42,0.08316831683168317,101,0.2,119,0.23564356435643563,114,0.22574257425742575,111,0.2198019801980198,8,0.015841584158415842,C-,505,"1,000,000 y mas",1403900013552
39,Guadalajara,1,Guadalajara,3567,43,0.05569948186528497,100,0.12953367875647667,142,0.18393782383419688,172,0.22279792746113988,161,0.20854922279792745,136,0.17616580310880828,18,0.023316062176165803,C-,772,"1,000,000 y mas",1403900013567
39,Guadalajara,1,Guadalajara,3586,213,0.17676348547717843,293,0.24315352697095435,260,0.2157676348547718,171,0.14190871369294605,117,0.0970954356846473,128,0.10622406639004149,23,0.019087136929460582,C+,1205,"1,000,000 y mas",1403900013586
39,Guadalajara,1,Guadalajara,3590,54,0.07152317880794702,116,0.15364238410596026,136,0.18013245033112582,124,0.16423841059602648,122,0.16158940397350993,177,0.23443708609271524,26,0.03443708609271523,D,755,"1,000,000 y mas",1403900013590
39,Guadalajara,1,Guadalajara,3603,221,0.1623806024981631,359,0.2637766348273328,289,0.21234386480529022,223,0.16385011021307863,154,0.11315209404849376,107,0.07861866274797942,8,0.005878030859662013,C+,1361,"1,000,000 y mas",1403900013603
39,Guadalajara,1,Guadalajara,3618,51,0.07234042553191489,89,0.12624113475177304,125,0.1773049645390071,138,0.19574468085106383,114,0.16170212765957448,156,0.22127659574468084,32,0.04539007092198582,D,705,"1,000,000 y mas",1403900013618
39,Guadalajara,1,Guadalajara,3637,31,0.10580204778156997,58,0.19795221843003413,58,0.19795221843003413,58,0.19795221843003413,43,0.14675767918088736,41,0.13993174061433447,4,0.013651877133105802,C-,293,"1,000,000 y mas",1403900013637
39,Guadalajara,1,Guadalajara,3641,43,0.1634980988593156,53,0.20152091254752852,58,0.22053231939163498,33,0.12547528517110265,33,0.12547528517110265,36,0.13688212927756654,7,0.026615969581749048,C,263,"1,000,000 y mas",1403900013641
39,Guadalajara,1,Guadalajara,3656,204,0.2050251256281407,260,0.2613065326633166,196,0.19698492462311556,164,0.16482412060301507,83,0.08341708542713568,75,0.07537688442211055,13,0.01306532663316583,C+,995,"1,000,000 y mas",1403900013656
39,Guadalajara,1,Guadalajara,3660,67,0.047216349541930935,160,0.1127554615926709,302,0.21282593375616632,314,0.22128259337561662,259,0.18252290345313602,285,0.20084566596194503,32,0.02255109231853418,C-,1419,"1,000,000 y mas",1403900013660
39,Guadalajara,1,Guadalajara,368A,79,0.13036303630363036,140,0.23102310231023102,141,0.23267326732673269,115,0.18976897689768976,71,0.11716171617161716,53,0.08745874587458746,7,0.01155115511551155,C,606,"1,000,000 y mas",140390001368A
39,Guadalajara,1,Guadalajara,3694,70,0.1545253863134658,101,0.2229580573951435,87,0.19205298013245034,84,0.18543046357615894,55,0.12141280353200883,47,0.10375275938189846,9,0.019867549668874173,C+,453,"1,000,000 y mas",1403900013694
39,Guadalajara,1,Guadalajara,3707,223,0.20841121495327103,316,0.2953271028037383,223,0.20841121495327103,159,0.1485981308411215,74,0.0691588785046729,73,0.06822429906542056,,,C+,1070,"1,000,000 y mas",1403900013707
39,Guadalajara,1,Guadalajara,3711,133,0.15555555555555556,174,0.20350877192982456,194,0.22690058479532163,152,0.17777777777777778,105,0.12280701754385964,84,0.09824561403508772,13,0.0152046783625731,C,855,"1,000,000 y mas",1403900013711
39,Guadalajara,1,Guadalajara,3726,52,0.08552631578947369,92,0.1513157894736842,106,0.17434210526315788,117,0.1924342105263158,81,0.13322368421052633,135,0.22203947368421054,25,0.04111842105263158,D,608,"1,000,000 y mas",1403900013726
39,Guadalajara,1,Guadalajara,3730,22,0.08661417322834646,33,0.12992125984251968,57,0.22440944881889763,44,0.1732283464566929,25,0.0984251968503937,58,0.2283464566929134,15,0.05905511811023622,D,254,"1,000,000 y mas",1403900013730
39,Guadalajara,1,Guadalajara,3745,37,0.04048140043763676,103,0.11269146608315099,184,0.2013129102844639,196,0.21444201312910285,187,0.20459518599562362,190,0.20787746170678337,17,0.018599562363238512,C-,914,"1,000,000 y mas",1403900013745
39,Guadalajara,1,Guadalajara,3764,84,0.12138728323699421,153,0.22109826589595374,145,0.20953757225433525,126,0.18208092485549132,62,0.08959537572254335,107,0.1546242774566474,15,0.02167630057803468,C+,692,"1,000,000 y mas",1403900013764
39,Guadalajara,1,Guadalajara,3783,85,0.05548302872062663,251,0.16383812010443866,353,0.2304177545691906,366,0.23890339425587467,239,0.15600522193211488,218,0.1422976501305483,20,0.013054830287206266,C-,1532,"1,000,000 y mas",1403900013783
39,Guadalajara,1,Guadalajara,3798,137,0.09109042553191489,271,0.18018617021276595,297,0.19747340425531915,274,0.18218085106382978,205,0.1363031914893617,292,0.19414893617021275,28,0.018617021276595744,C,1504,"1,000,000 y mas",1403900013798
39,Guadalajara,1,Guadalajara,3800,69,0.04722792607802875,181,0.12388774811772758,280,0.19164955509924708,300,0.2053388090349076,262,0.17932922655715264,332,0.2272416153319644,37,0.025325119780971937,D,1461,"1,000,000 y mas",1403900013800
39,Guadalajara,1,Guadalajara,3815,85,0.05548302872062663,184,0.12010443864229765,275,0.17950391644908617,311,0.20300261096605743,245,0.15992167101827676,348,0.22715404699738903,84,0.05483028720626632,D,1532,"1,000,000 y mas",1403900013815
39,Guadalajara,1,Guadalajara,382A,195,0.16277128547579298,262,0.21869782971619364,246,0.20534223706176963,206,0.17195325542570952,123,0.10267111853088481,142,0.11853088480801335,24,0.02003338898163606,C+,1198,"1,000,000 y mas",140390001382A
39,Guadalajara,1,Guadalajara,3834,263,0.2768421052631579,274,0.28842105263157897,173,0.18210526315789474,113,0.11894736842105263,66,0.06947368421052631,56,0.05894736842105263,5,0.005263157894736842,C+,950,"1,000,000 y mas",1403900013834
39,Guadalajara,1,Guadalajara,3849,82,0.15648854961832062,125,0.2385496183206107,108,0.20610687022900764,87,0.16603053435114504,55,0.1049618320610687,59,0.11259541984732824,8,0.015267175572519083,C+,524,"1,000,000 y mas",1403900013849
39,Guadalajara,1,Guadalajara,3853,124,0.2152777777777778,146,0.2534722222222222,109,0.1892361111111111,96,0.16666666666666666,57,0.09895833333333333,38,0.06597222222222222,6,0.010416666666666666,C+,576,"1,000,000 y mas",1403900013853
39,Guadalajara,1,Guadalajara,3868,104,0.09792843691148775,172,0.16195856873822975,209,0.1967984934086629,182,0.1713747645951036,159,0.1497175141242938,204,0.192090395480226,32,0.030131826741996232,C,1062,"1,000,000 y mas",1403900013868
39,Guadalajara,1,Guadalajara,3872,120,0.06497022198159177,320,0.17325392528424471,452,0.24472116946399566,372,0.2014076881429345,316,0.17108825121819166,246,0.13318895506226314,21,0.01136978884677856,C,1847,"1,000,000 y mas",1403900013872
39,Guadalajara,1,Guadalajara,3891,87,0.09425785482123511,144,0.1560130010834236,165,0.17876489707475623,177,0.19176598049837487,168,0.1820151679306609,140,0.15167930660888407,42,0.04550379198266522,C-,923,"1,000,000 y mas",1403900013891
39,Guadalajara,1,Guadalajara,3904,117,0.1263498920086393,164,0.1771058315334773,201,0.21706263498920086,153,0.1652267818574514,136,0.1468682505399568,134,0.1447084233261339,21,0.02267818574514039,C,926,"1,000,000 y mas",1403900013904
39,Guadalajara,1,Guadalajara,3919,126,0.13249211356466878,181,0.19032597266035753,213,0.22397476340694006,161,0.16929547844374343,112,0.11777076761303891,136,0.14300736067297581,22,0.023133543638275498,C,951,"1,000,000 y mas",1403900013919
39,Guadalajara,1,Guadalajara,3923,141,0.11334405144694534,270,0.2170418006430868,289,0.23231511254019294,226,0.18167202572347266,171,0.13745980707395497,132,0.10610932475884244,15,0.012057877813504822,C,1244,"1,000,000 y mas",1403900013923
39,Guadalajara,1,Guadalajara,3938,37,0.060064935064935064,60,0.09740259740259741,105,0.17045454545454544,114,0.18506493506493507,106,0.17207792207792208,155,0.25162337662337664,39,0.0633116883116883,D,616,"1,000,000 y mas",1403900013938
39,Guadalajara,1,Guadalajara,3942,43,0.05315203955500618,86,0.10630407911001236,149,0.1841779975278121,154,0.1903584672435105,158,0.19530284301606923,179,0.22126081582200247,40,0.049443757725587144,D,809,"1,000,000 y mas",1403900013942
39,Guadalajara,1,Guadalajara,3957,107,0.24597701149425288,132,0.30344827586206896,97,0.22298850574712645,50,0.11494252873563218,23,0.052873563218390804,24,0.05517241379310345,,,C+,435,"1,000,000 y mas",1403900013957
39,Guadalajara,1,Guadalajara,3961,231,0.31048387096774194,250,0.33602150537634407,128,0.17204301075268819,74,0.09946236559139784,34,0.0456989247311828,26,0.03494623655913978,,,C+,744,"1,000,000 y mas",1403900013961
39,Guadalajara,1,Guadalajara,3976,85,0.11502029769959404,159,0.21515561569688768,149,0.20162381596752368,116,0.15696887686062247,77,0.10419485791610285,122,0.16508795669824086,31,0.04194857916102842,C+,739,"1,000,000 y mas",1403900013976
39,Guadalajara,1,Guadalajara,3980,27,0.07317073170731707,57,0.15447154471544716,79,0.2140921409214092,66,0.17886178861788618,55,0.14905149051490515,72,0.1951219512195122,13,0.03523035230352303,C,369,"1,000,000 y mas",1403900013980
39,Guadalajara,1,Guadalajara,3995,193,0.14777947932618682,303,0.23200612557427258,241,0.18453292496171517,231,0.1768759571209801,118,0.0903522205206738,176,0.13476263399693722,44,0.033690658499234305,C+,1306,"1,000,000 y mas",1403900013995
39,Guadalajara,1,Guadalajara,400A,130,0.13978494623655913,196,0.210752688172043,204,0.21935483870967742,155,0.16666666666666666,101,0.1086021505376344,123,0.13225806451612904,21,0.02258064516129032,C,930,"1,000,000 y mas",140390001400A
39,Guadalajara,1,Guadalajara,4014,65,0.06619144602851323,147,0.14969450101832993,184,0.18737270875763748,187,0.19042769857433808,168,0.1710794297352342,190,0.1934826883910387,41,0.04175152749490835,D,982,"1,000,000 y mas",1403900014014
39,Guadalajara,1,Guadalajara,4029,77,0.09254807692307693,123,0.14783653846153846,174,0.2091346153846154,178,0.21394230769230768,93,0.11177884615384616,149,0.17908653846153846,38,0.04567307692307692,C-,832,"1,000,000 y mas",1403900014029
39,Guadalajara,1,Guadalajara,4033,76,0.1264559068219634,134,0.22296173044925124,125,0.2079866888519135,101,0.16805324459234608,64,0.1064891846921797,93,0.15474209650582363,8,0.013311148086522463,C+,601,"1,000,000 y mas",1403900014033
39,Guadalajara,1,Guadalajara,4048,101,0.06649111257406189,218,0.14351547070441079,283,0.18630678077682686,295,0.19420671494404212,200,0.1316655694535879,345,0.2271231073074391,77,0.05069124423963134,D,1519,"1,000,000 y mas",1403900014048
39,Guadalajara,1,Guadalajara,4052,286,0.1707462686567164,431,0.2573134328358209,331,0.19761194029850745,285,0.1701492537313433,184,0.10985074626865672,146,0.08716417910447762,12,0.007164179104477612,C+,1675,"1,000,000 y mas",1403900014052
39,Guadalajara,1,Guadalajara,4067,50,0.07407407407407407,115,0.17037037037037037,153,0.22666666666666666,128,0.18962962962962962,112,0.16592592592592592,106,0.15703703703703703,11,0.016296296296296295,C,675,"1,000,000 y mas",1403900014067
39,Guadalajara,1,Guadalajara,4071,168,0.2159383033419023,177,0.2275064267352185,163,0.2095115681233933,120,0.15424164524421594,65,0.08354755784061697,75,0.09640102827763496,10,0.012853470437017995,C+,778,"1,000,000 y mas",1403900014071
39,Guadalajara,1,Guadalajara,4086,87,0.11447368421052631,150,0.19736842105263158,148,0.19473684210526315,145,0.19078947368421054,93,0.12236842105263158,120,0.15789473684210525,17,0.02236842105263158,C+,760,"1,000,000 y mas",1403900014086
39,Guadalajara,1,Guadalajara,4090,107,0.1361323155216285,193,0.2455470737913486,167,0.21246819338422393,140,0.178117048346056,76,0.09669211195928754,93,0.1183206106870229,10,0.01272264631043257,C+,786,"1,000,000 y mas",1403900014090
39,Guadalajara,1,Guadalajara,4103,125,0.12575452716297786,210,0.2112676056338028,199,0.20020120724346077,184,0.1851106639839034,118,0.11871227364185111,139,0.1398390342052314,19,0.019114688128772636,C+,994,"1,000,000 y mas",1403900014103
39,Guadalajara,1,Guadalajara,4118,200,0.1733102253032929,255,0.22097053726169844,195,0.16897746967071056,196,0.16984402079722705,131,0.11351819757365685,152,0.1317157712305026,25,0.021663778162911613,C+,1154,"1,000,000 y mas",1403900014118
39,Guadalajara,1,Guadalajara,4122,212,0.20562560620756548,270,0.2618816682832202,204,0.19786614936954414,149,0.14451988360814744,79,0.07662463627546072,103,0.09990300678952474,14,0.013579049466537343,C+,1031,"1,000,000 y mas",1403900014122
39,Guadalajara,1,Guadalajara,4141,40,0.09411764705882353,93,0.2188235294117647,98,0.23058823529411765,78,0.18352941176470589,51,0.12,60,0.1411764705882353,5,0.011764705882352941,C,425,"1,000,000 y mas",1403900014141
39,Guadalajara,1,Guadalajara,4156,23,0.039182282793867124,88,0.14991482112436116,127,0.21635434412265758,131,0.2231686541737649,123,0.20954003407155025,89,0.151618398637138,6,0.010221465076660987,C-,587,"1,000,000 y mas",1403900014156
39,Guadalajara,1,Guadalajara,4160,18,0.02346805736636245,72,0.0938722294654498,147,0.19165580182529335,197,0.25684485006518903,165,0.2151238591916558,154,0.20078226857887874,14,0.018252933507170794,C-,767,"1,000,000 y mas",1403900014160
39,Guadalajara,1,Guadalajara,4175,47,0.0377207062600321,159,0.1276083467094703,253,0.2030497592295345,255,0.20465489566613163,193,0.1548956661316212,295,0.23675762439807382,44,0.03531300160513644,D,1246,"1,000,000 y mas",1403900014175
39,Guadalajara,1,Guadalajara,418A,129,0.09787556904400607,234,0.17754172989377845,317,0.24051593323216997,300,0.2276176024279211,185,0.14036418816388468,145,0.11001517450682853,8,0.006069802731411229,C,1318,"1,000,000 y mas",140390001418A
39,Guadalajara,1,Guadalajara,4194,55,0.062076749435665914,126,0.14221218961625282,168,0.18961625282167044,178,0.20090293453724606,116,0.1309255079006772,218,0.24604966139954854,25,0.028216704288939052,D,886,"1,000,000 y mas",1403900014194
39,Guadalajara,1,Guadalajara,4207,87,0.07788719785138765,147,0.13160250671441362,206,0.18442256042972247,200,0.17905102954341987,196,0.17547000895255147,243,0.21754700089525514,38,0.03401969561324977,D,1117,"1,000,000 y mas",1403900014207
39,Guadalajara,1,Guadalajara,4211,68,0.060498220640569395,175,0.15569395017793594,212,0.18861209964412812,233,0.20729537366548043,170,0.1512455516014235,215,0.19128113879003558,51,0.045373665480427046,C-,1124,"1,000,000 y mas",1403900014211
39,Guadalajara,1,Guadalajara,4226,58,0.05918367346938776,137,0.13979591836734695,219,0.22346938775510203,186,0.18979591836734694,156,0.15918367346938775,188,0.19183673469387755,36,0.036734693877551024,C,980,"1,000,000 y mas",1403900014226
39,Guadalajara,1,Guadalajara,4230,44,0.047058823529411764,112,0.11978609625668449,172,0.1839572192513369,195,0.20855614973262032,145,0.15508021390374332,210,0.22459893048128343,57,0.06096256684491978,D,935,"1,000,000 y mas",1403900014230
39,Guadalajara,1,Guadalajara,4245,51,0.050445103857566766,120,0.11869436201780416,193,0.19090009891196835,218,0.21562809099901087,170,0.1681503461918892,223,0.2205736894164194,36,0.03560830860534125,D,1011,"1,000,000 y mas",1403900014245
39,Guadalajara,1,Guadalajara,425A,78,0.06483790523690773,188,0.15627597672485452,208,0.17290108063175394,232,0.19285120532003325,192,0.1596009975062344,261,0.2169576059850374,44,0.03657522859517872,D,1203,"1,000,000 y mas",140390001425A
39,Guadalajara,1,Guadalajara,4264,33,0.047345767575322814,95,0.13629842180774748,142,0.20373027259684362,132,0.18938307030129126,113,0.16212338593974174,163,0.23385939741750358,19,0.027259684361549498,D,697,"1,000,000 y mas",1403900014264
39,Guadalajara,1,Guadalajara,4279,53,0.06064073226544622,136,0.15560640732265446,163,0.18649885583524028,167,0.19107551487414187,136,0.15560640732265446,176,0.20137299771167047,43,0.04919908466819222,D,874,"1,000,000 y mas",1403900014279
39,Guadalajara,1,Guadalajara,4283,184,0.13068181818181818,302,0.21448863636363635,347,0.24644886363636365,245,0.17400568181818182,150,0.10653409090909091,159,0.11292613636363637,21,0.014914772727272728,C,1408,"1,000,000 y mas",1403900014283
39,Guadalajara,1,Guadalajara,4298,95,0.05806845965770171,200,0.12224938875305623,306,0.18704156479217604,326,0.19926650366748166,281,0.171760391198044,362,0.22127139364303178,66,0.040342298288508556,D,1636,"1,000,000 y mas",1403900014298
39,Guadalajara,1,Guadalajara,4300,99,0.07746478873239436,205,0.16040688575899845,239,0.18701095461658843,259,0.202660406885759,208,0.162754303599374,245,0.19170579029733958,23,0.017996870109546165,C-,1278,"1,000,000 y mas",1403900014300
39,Guadalajara,1,Guadalajara,4349,38,0.059190031152647975,115,0.1791277258566978,157,0.24454828660436137,142,0.22118380062305296,92,0.14330218068535824,89,0.13862928348909656,9,0.014018691588785047,C,642,"1,000,000 y mas",1403900014349
39,Guadalajara,1,Guadalajara,4353,105,0.11972633979475485,152,0.1733181299885975,148,0.16875712656784492,167,0.1904218928164196,119,0.13568985176738882,145,0.1653363740022805,41,0.046750285062713795,C-,877,"1,000,000 y mas",1403900014353
39,Guadalajara,1,Guadalajara,4368,95,0.10674157303370786,163,0.18314606741573033,179,0.20112359550561798,173,0.1943820224719101,129,0.1449438202247191,134,0.15056179775280898,17,0.019101123595505618,C,890,"1,000,000 y mas",1403900014368
39,Guadalajara,1,Guadalajara,4387,162,0.09173272933182333,383,0.21687429218573046,429,0.24292185730464327,334,0.18912797281993204,243,0.13759909399773498,197,0.11155152887882219,18,0.010192525481313703,C,1766,"1,000,000 y mas",1403900014387
39,Guadalajara,1,Guadalajara,4391,65,0.06659836065573771,130,0.13319672131147542,192,0.19672131147540983,186,0.19057377049180327,141,0.1444672131147541,212,0.21721311475409835,50,0.05122950819672131,D,976,"1,000,000 y mas",1403900014391
39,Guadalajara,1,Guadalajara,4404,57,0.0572289156626506,124,0.12449799196787148,162,0.16265060240963855,218,0.21887550200803213,176,0.17670682730923695,215,0.21586345381526104,44,0.04417670682730924,C-,996,"1,000,000 y mas",1403900014404
39,Guadalajara,1,Guadalajara,4423,238,0.13545816733067728,381,0.21684689812179853,424,0.24132043255549232,286,0.16277746158224246,204,0.11610700056915196,190,0.10813887307911212,34,0.01935116676152533,C,1757,"1,000,000 y mas",1403900014423
39,Guadalajara,1,Guadalajara,4438,83,0.07497741644083107,177,0.15989159891598917,212,0.1915085817524842,197,0.17795844625112917,172,0.15537488708220415,216,0.1951219512195122,50,0.045167118337850046,D,1107,"1,000,000 y mas",1403900014438
39,Guadalajara,1,Guadalajara,4442,79,0.07837301587301587,168,0.16666666666666666,216,0.21428571428571427,179,0.1775793650793651,154,0.1527777777777778,185,0.18353174603174602,27,0.026785714285714284,C,1008,"1,000,000 y mas",1403900014442
39,Guadalajara,1,Guadalajara,4457,203,0.2954876273653566,238,0.34643377001455605,111,0.1615720524017467,86,0.12518195050946143,35,0.050946142649199416,13,0.018922852983988356,,,C+,687,"1,000,000 y mas",1403900014457
39,Guadalajara,1,Guadalajara,4461,350,0.3368623676612127,355,0.34167468719923005,188,0.1809432146294514,79,0.07603464870067372,50,0.04812319538017324,15,0.014436958614051972,,,C+,1039,"1,000,000 y mas",1403900014461
39,Guadalajara,1,Guadalajara,4476,146,0.07592303692147685,303,0.15756630265210608,393,0.20436817472698907,406,0.21112844513780551,284,0.14768590743629745,346,0.17992719708788352,45,0.0234009360374415,C-,1923,"1,000,000 y mas",1403900014476
39,Guadalajara,1,Guadalajara,4480,57,0.04142441860465116,205,0.14898255813953487,274,0.19912790697674418,300,0.2180232558139535,246,0.17877906976744187,251,0.1824127906976744,43,0.03125,C-,1376,"1,000,000 y mas",1403900014480
39,Guadalajara,1,Guadalajara,4495,87,0.07809694793536805,184,0.1651705565529623,216,0.19389587073608616,211,0.18940754039497307,174,0.1561938958707361,197,0.17684021543985637,45,0.04039497307001795,C,1114,"1,000,000 y mas",1403900014495
39,Guadalajara,1,Guadalajara,4508,176,0.2359249329758713,215,0.28820375335120646,138,0.18498659517426275,109,0.14611260053619302,61,0.08176943699731903,44,0.058981233243967826,3,0.004021447721179625,C+,746,"1,000,000 y mas",1403900014508
39,Guadalajara,1,Guadalajara,4512,146,0.11282843894899536,240,0.18547140649149924,254,0.19629057187017002,215,0.1661514683153014,193,0.1491499227202473,214,0.16537867078825347,32,0.02472952086553323,C,1294,"1,000,000 y mas",1403900014512
39,Guadalajara,1,Guadalajara,4527,114,0.11974789915966387,188,0.19747899159663865,198,0.20798319327731093,176,0.18487394957983194,118,0.12394957983193278,132,0.13865546218487396,26,0.0273109243697479,C,952,"1,000,000 y mas",1403900014527
39,Guadalajara,1,Guadalajara,4531,26,0.1319796954314721,50,0.25380710659898476,53,0.26903553299492383,29,0.14720812182741116,18,0.09137055837563451,15,0.07614213197969544,6,0.030456852791878174,C,197,"1,000,000 y mas",1403900014531
39,Guadalajara,1,Guadalajara,4546,33,0.1625615763546798,36,0.17733990147783252,43,0.21182266009852216,28,0.13793103448275862,41,0.2019704433497537,22,0.10837438423645321,0,0.0,C,203,"1,000,000 y mas",1403900014546
39,Guadalajara,1,Guadalajara,4550,38,0.14285714285714285,52,0.19548872180451127,63,0.23684210526315788,35,0.13157894736842105,26,0.09774436090225563,40,0.15037593984962405,12,0.045112781954887216,C,266,"1,000,000 y mas",1403900014550
39,Guadalajara,1,Guadalajara,4565,0,0.0,0,0.0,0,0.0,3,0.14285714285714285,6,0.2857142857142857,12,0.5714285714285714,0,0.0,D,21,"1,000,000 y mas",1403900014565
39,Guadalajara,1,Guadalajara,457A,26,0.11016949152542373,46,0.19491525423728814,57,0.24152542372881355,46,0.19491525423728814,27,0.11440677966101695,27,0.11440677966101695,7,0.029661016949152543,C,236,"1,000,000 y mas",140390001457A
39,Guadalajara,1,Guadalajara,4584,261,0.32747804265997493,267,0.33500627352572143,159,0.19949811794228356,74,0.09284818067754078,20,0.025094102885821833,16,0.020075282308657464,0,0.0,C+,797,"1,000,000 y mas",1403900014584
39,Guadalajara,1,Guadalajara,4599,433,0.3560855263157895,394,0.32401315789473684,205,0.16858552631578946,106,0.08717105263157894,49,0.04029605263157895,27,0.022203947368421052,,,A/B,1216,"1,000,000 y mas",1403900014599
39,Guadalajara,1,Guadalajara,4601,55,0.06063947078280044,97,0.10694597574421169,165,0.1819184123484013,175,0.19294377067254687,159,0.175303197353914,212,0.23373759647188533,44,0.04851157662624035,D,907,"1,000,000 y mas",1403900014601
39,Guadalajara,1,Guadalajara,4616,66,0.06790123456790123,149,0.15329218106995884,193,0.19855967078189302,189,0.19444444444444445,140,0.1440329218106996,195,0.2006172839506173,40,0.0411522633744856,D,972,"1,000,000 y mas",1403900014616
39,Guadalajara,1,Guadalajara,4620,61,0.08531468531468532,129,0.18041958041958042,162,0.22657342657342658,139,0.1944055944055944,101,0.14125874125874127,106,0.14825174825174825,17,0.023776223776223775,C,715,"1,000,000 y mas",1403900014620
39,Guadalajara,1,Guadalajara,4635,42,0.057065217391304345,111,0.15081521739130435,154,0.20923913043478262,146,0.1983695652173913,117,0.15896739130434784,150,0.20380434782608695,16,0.021739130434782608,C,736,"1,000,000 y mas",1403900014635
39,Guadalajara,1,Guadalajara,464A,275,0.19244226731980407,404,0.2827151854443667,300,0.2099370188943317,200,0.13995801259622112,112,0.07837648705388384,119,0.08327501749475158,19,0.013296011196641007,C+,1429,"1,000,000 y mas",140390001464A
39,Guadalajara,1,Guadalajara,4654,31,0.021723896285914507,176,0.12333566923615978,325,0.22775052557813594,325,0.22775052557813594,280,0.19621583742116327,273,0.1913104414856342,17,0.011913104414856343,C-,1427,"1,000,000 y mas",1403900014654
39,Guadalajara,1,Guadalajara,4669,81,0.12597200622083982,145,0.2255054432348367,123,0.19129082426127528,112,0.17418351477449456,71,0.1104199066874028,92,0.14307931570762053,19,0.029548989113530325,C+,643,"1,000,000 y mas",1403900014669
39,Guadalajara,1,Guadalajara,4673,80,0.0706090026478376,172,0.15180935569285084,208,0.18358340688437777,224,0.1977052074139453,199,0.17563989408649602,220,0.1941747572815534,30,0.0264783759929391,C-,1133,"1,000,000 y mas",1403900014673
39,Guadalajara,1,Guadalajara,4705,119,0.17841079460269865,158,0.2368815592203898,144,0.2158920539730135,102,0.15292353823088456,54,0.08095952023988005,80,0.1199400299850075,10,0.014992503748125937,C+,667,"1,000,000 y mas",1403900014705
39,Guadalajara,1,Guadalajara,471A,66,0.07333333333333333,136,0.1511111111111111,193,0.21444444444444444,162,0.18,161,0.17888888888888888,166,0.18444444444444444,16,0.017777777777777778,C,900,"1,000,000 y mas",140390001471A
39,Guadalajara,1,Guadalajara,4724,133,0.13313313313313313,197,0.1971971971971972,197,0.1971971971971972,194,0.1941941941941942,132,0.13213213213213212,132,0.13213213213213212,14,0.014014014014014014,C,999,"1,000,000 y mas",1403900014724
39,Guadalajara,1,Guadalajara,4743,64,0.07314285714285715,131,0.14971428571428572,176,0.20114285714285715,159,0.18171428571428572,136,0.15542857142857142,183,0.20914285714285713,26,0.029714285714285714,D,875,"1,000,000 y mas",1403900014743
39,Guadalajara,1,Guadalajara,4762,263,0.327930174563591,241,0.300498753117207,124,0.1546134663341646,89,0.11097256857855362,37,0.046134663341645885,46,0.057356608478802994,,,A/B,802,"1,000,000 y mas",1403900014762
39,Guadalajara,1,Guadalajara,4777,207,0.20495049504950494,347,0.3435643564356436,202,0.2,138,0.13663366336633664,71,0.0702970297029703,43,0.04257425742574258,,,C+,1010,"1,000,000 y mas",1403900014777
39,Guadalajara,1,Guadalajara,4781,46,0.05665024630541872,127,0.1564039408866995,178,0.21921182266009853,159,0.1958128078817734,150,0.18472906403940886,127,0.1564039408866995,25,0.03078817733990148,C,812,"1,000,000 y mas",1403900014781
39,Guadalajara,1,Guadalajara,4796,44,0.0561941251596424,95,0.12132822477650064,136,0.17369093231162197,147,0.18773946360153257,135,0.1724137931034483,200,0.2554278416347382,26,0.033205619412515965,D,783,"1,000,000 y mas",1403900014796
39,Guadalajara,1,Guadalajara,4809,209,0.13905522288755823,394,0.26214238190286093,376,0.25016633399866933,222,0.14770459081836326,162,0.10778443113772455,121,0.08050565535595476,19,0.012641383898868928,C+,1503,"1,000,000 y mas",1403900014809
39,Guadalajara,1,Guadalajara,4813,182,0.16163410301953818,288,0.2557726465364121,222,0.19715808170515098,179,0.15896980461811722,125,0.11101243339253997,109,0.09680284191829484,21,0.018650088809946713,C+,1126,"1,000,000 y mas",1403900014813
39,Guadalajara,1,Guadalajara,4828,119,0.09070121951219512,206,0.15701219512195122,291,0.22179878048780488,247,0.18826219512195122,176,0.13414634146341464,233,0.17759146341463414,40,0.03048780487804878,C,1312,"1,000,000 y mas",1403900014828
39,Guadalajara,1,Guadalajara,4832,127,0.12662013958125623,245,0.24426719840478564,233,0.23230309072781655,172,0.17148554336989033,113,0.11266201395812563,97,0.0967098703888335,16,0.015952143569292122,C+,1003,"1,000,000 y mas",1403900014832
39,Guadalajara,1,Guadalajara,4847,93,0.08251996450754215,183,0.16237799467613132,200,0.1774622892635315,220,0.19520851818988466,177,0.15705412599822538,199,0.17657497781721385,55,0.048802129547471165,C-,1127,"1,000,000 y mas",1403900014847
39,Guadalajara,1,Guadalajara,4851,55,0.07333333333333333,98,0.13066666666666665,146,0.19466666666666665,126,0.168,118,0.15733333333333333,176,0.23466666666666666,31,0.04133333333333333,D,750,"1,000,000 y mas",1403900014851
39,Guadalajara,1,Guadalajara,4866,173,0.17474747474747473,259,0.26161616161616164,200,0.20202020202020202,143,0.14444444444444443,83,0.08383838383838384,115,0.11616161616161616,17,0.01717171717171717,C+,990,"1,000,000 y mas",1403900014866
39,Guadalajara,1,Guadalajara,4870,163,0.26247987117552335,184,0.2962962962962963,134,0.21578099838969403,80,0.1288244766505636,32,0.05152979066022544,27,0.043478260869565216,,,C+,621,"1,000,000 y mas",1403900014870
39,Guadalajara,1,Guadalajara,4885,128,0.14953271028037382,177,0.20677570093457945,177,0.20677570093457945,124,0.14485981308411214,109,0.12733644859813084,117,0.1366822429906542,24,0.028037383177570093,C,856,"1,000,000 y mas",1403900014885
39,Guadalajara,1,Guadalajara,489A,126,0.15632754342431762,171,0.21215880893300249,188,0.23325062034739455,115,0.14267990074441686,80,0.09925558312655088,112,0.13895781637717122,14,0.017369727047146403,C,806,"1,000,000 y mas",140390001489A
39,Guadalajara,1,Guadalajara,4902,271,0.34260429835651074,277,0.3501896333754741,141,0.17825537294563842,49,0.061946902654867256,33,0.041719342604298354,19,0.02402022756005057,,,C+,791,"1,000,000 y mas",1403900014902
39,Guadalajara,1,Guadalajara,4917,275,0.32816229116945106,274,0.3269689737470167,161,0.19212410501193317,68,0.081145584725537,38,0.045346062052505964,21,0.025059665871121718,,,A/B,838,"1,000,000 y mas",1403900014917
39,Guadalajara,1,Guadalajara,4921,49,0.07302533532041729,108,0.16095380029806258,111,0.16542473919523099,160,0.23845007451564829,111,0.16542473919523099,121,0.18032786885245902,11,0.01639344262295082,C-,671,"1,000,000 y mas",1403900014921
39,Guadalajara,1,Guadalajara,4936,64,0.10142630744849446,136,0.21553090332805072,126,0.19968304278922344,115,0.18225039619651348,81,0.12836767036450078,99,0.15689381933438987,10,0.01584786053882726,C+,631,"1,000,000 y mas",1403900014936
39,Guadalajara,1,Guadalajara,4940,20,0.05865102639296188,80,0.23460410557184752,90,0.26392961876832843,74,0.21700879765395895,44,0.12903225806451613,31,0.09090909090909091,,,C,341,"1,000,000 y mas",1403900014940
39,Guadalajara,1,Guadalajara,4955,47,0.045454545454545456,175,0.16924564796905223,311,0.30077369439071566,253,0.24468085106382978,168,0.16247582205029013,74,0.07156673114119923,6,0.005802707930367505,C,1034,"1,000,000 y mas",1403900014955
39,Guadalajara,1,Guadalajara,496A,178,0.17416829745596868,322,0.3150684931506849,246,0.24070450097847357,130,0.12720156555772993,81,0.07925636007827788,61,0.05968688845401174,4,0.003913894324853229,C+,1022,"1,000,000 y mas",140390001496A
39,Guadalajara,1,Guadalajara,4974,71,0.08265424912689173,206,0.239813736903376,242,0.2817229336437718,179,0.20838183934807916,98,0.1140861466821886,60,0.06984866123399301,3,0.0034924330616996507,C,859,"1,000,000 y mas",1403900014974
39,Guadalajara,1,Guadalajara,4989,86,0.1127129750982962,176,0.2306684141546527,140,0.1834862385321101,131,0.17169069462647443,102,0.13368283093053734,119,0.1559633027522936,9,0.011795543905635648,C+,763,"1,000,000 y mas",1403900014989
39,Guadalajara,1,Guadalajara,4993,90,0.11464968152866242,149,0.18980891719745224,153,0.19490445859872613,146,0.1859872611464968,98,0.12484076433121019,132,0.1681528662420382,17,0.02165605095541401,C,785,"1,000,000 y mas",1403900014993
39,Guadalajara,1,Guadalajara,5008,77,0.0712962962962963,147,0.1361111111111111,181,0.1675925925925926,224,0.2074074074074074,191,0.17685185185185184,221,0.20462962962962963,39,0.03611111111111111,C-,1080,"1,000,000 y mas",1403900015008
39,Guadalajara,1,Guadalajara,5012,122,0.0896399706098457,206,0.15135929463629685,216,0.15870683321087437,252,0.18515797207935342,213,0.1565025716385011,286,0.21013960323291697,66,0.048493754592211606,D,1361,"1,000,000 y mas",1403900015012
39,Guadalajara,1,Guadalajara,5027,178,0.14251401120896717,284,0.22738190552441953,285,0.22818254603682947,198,0.15852682145716573,165,0.1321056845476381,127,0.10168134507606084,12,0.009607686148919135,C,1249,"1,000,000 y mas",1403900015027
39,Guadalajara,1,Guadalajara,5031,190,0.19607843137254902,238,0.24561403508771928,200,0.20639834881320948,148,0.15273477812177502,81,0.08359133126934984,100,0.10319917440660474,12,0.01238390092879257,C+,969,"1,000,000 y mas",1403900015031
39,Guadalajara,1,Guadalajara,5046,50,0.05040322580645161,129,0.13004032258064516,193,0.19455645161290322,189,0.1905241935483871,159,0.16028225806451613,222,0.22379032258064516,50,0.05040322580645161,D,992,"1,000,000 y mas",1403900015046
39,Guadalajara,1,Guadalajara,5050,24,0.042704626334519574,69,0.12277580071174377,93,0.16548042704626334,86,0.15302491103202848,116,0.20640569395017794,148,0.26334519572953735,26,0.046263345195729534,D,562,"1,000,000 y mas",1403900015050
39,Guadalajara,1,Guadalajara,5065,43,0.035833333333333335,152,0.12666666666666668,214,0.17833333333333334,231,0.1925,235,0.19583333333333333,269,0.22416666666666665,56,0.04666666666666667,D,1200,"1,000,000 y mas",1403900015065
39,Guadalajara,1,Guadalajara,507A,72,0.08044692737430167,131,0.1463687150837989,177,0.19776536312849163,182,0.20335195530726258,135,0.15083798882681565,167,0.18659217877094972,31,0.034636871508379886,C-,895,"1,000,000 y mas",140390001507A
39,Guadalajara,1,Guadalajara,5084,84,0.08527918781725888,160,0.16243654822335024,228,0.23147208121827412,172,0.1746192893401015,139,0.14111675126903553,180,0.18274111675126903,22,0.02233502538071066,C,985,"1,000,000 y mas",1403900015084
39,Guadalajara,1,Guadalajara,5099,40,0.06525285481239804,89,0.14518760195758565,152,0.24796084828711257,104,0.16965742251223492,91,0.14845024469820556,120,0.19575856443719414,17,0.02773246329526917,C,613,"1,000,000 y mas",1403900015099
39,Guadalajara,1,Guadalajara,5101,62,0.04806201550387597,188,0.14573643410852713,308,0.23875968992248062,275,0.2131782945736434,190,0.14728682170542637,223,0.17286821705426356,44,0.034108527131782945,C,1290,"1,000,000 y mas",1403900015101
39,Guadalajara,1,Guadalajara,5116,68,0.06752730883813307,144,0.14299900695134063,211,0.20953326713008938,233,0.2313803376365442,156,0.15491559086395235,173,0.1717974180734856,22,0.021847070506454815,C-,1007,"1,000,000 y mas",1403900015116
39,Guadalajara,1,Guadalajara,5120,92,0.09663865546218488,170,0.17857142857142858,205,0.21533613445378152,187,0.19642857142857142,125,0.13130252100840337,143,0.15021008403361344,30,0.031512605042016806,C,952,"1,000,000 y mas",1403900015120
39,Guadalajara,1,Guadalajara,5135,87,0.09225874867444327,163,0.1728525980911983,204,0.2163308589607635,156,0.16542948038176034,130,0.1378579003181336,176,0.18663838812301167,27,0.02863202545068929,C,943,"1,000,000 y mas",1403900015135
39,Guadalajara,1,Guadalajara,514A,78,0.07351555136663525,189,0.17813383600377003,233,0.21960414703110273,208,0.19604147031102734,158,0.14891611687087652,175,0.1649387370405278,20,0.01885014137606032,C,1061,"1,000,000 y mas",140390001514A
39,Guadalajara,1,Guadalajara,5154,45,0.06838905775075987,97,0.1474164133738602,133,0.20212765957446807,139,0.21124620060790272,108,0.1641337386018237,128,0.1945288753799392,8,0.0121580547112462,C-,658,"1,000,000 y mas",1403900015154
39,Guadalajara,1,Guadalajara,5169,64,0.10062893081761007,114,0.1792452830188679,141,0.22169811320754718,108,0.16981132075471697,82,0.1289308176100629,113,0.17767295597484276,14,0.0220125786163522,C,636,"1,000,000 y mas",1403900015169
39,Guadalajara,1,Guadalajara,5173,61,0.07634543178973717,134,0.1677096370463079,161,0.20150187734668334,158,0.19774718397997496,132,0.16520650813516896,135,0.16896120150187735,18,0.02252816020025031,C,799,"1,000,000 y mas",1403900015173
39,Guadalajara,1,Guadalajara,5188,95,0.10416666666666667,137,0.15021929824561403,173,0.18969298245614036,182,0.19956140350877194,137,0.15021929824561403,160,0.17543859649122806,28,0.03070175438596491,C-,912,"1,000,000 y mas",1403900015188
39,Guadalajara,1,Guadalajara,5192,47,0.05845771144278607,136,0.1691542288557214,164,0.20398009950248755,156,0.19402985074626866,109,0.13557213930348258,162,0.20149253731343283,30,0.03731343283582089,C,804,"1,000,000 y mas",1403900015192
39,Guadalajara,1,Guadalajara,5205,216,0.12926391382405744,366,0.21903052064631956,368,0.22022740873728305,296,0.17713943746259725,212,0.12687013764213045,202,0.12088569718731298,11,0.006582884500299222,C,1671,"1,000,000 y mas",1403900015205
39,Guadalajara,1,Guadalajara,521A,168,0.15954415954415954,259,0.2459639126305793,215,0.20417853751187084,176,0.1671415004748338,112,0.1063627730294397,110,0.10446343779677113,13,0.012345679012345678,C+,1053,"1,000,000 y mas",140390001521A
39,Guadalajara,1,Guadalajara,5224,428,0.2050790608528989,588,0.2817441303306181,469,0.22472448490656444,292,0.13991375179683757,170,0.08145663632007666,129,0.06181121226641112,11,0.005270723526593196,C+,2087,"1,000,000 y mas",1403900015224
39,Guadalajara,1,Guadalajara,5243,44,0.048458149779735685,141,0.15528634361233482,201,0.22136563876651982,192,0.21145374449339208,134,0.14757709251101322,182,0.20044052863436124,14,0.015418502202643172,C,908,"1,000,000 y mas",1403900015243
39,Guadalajara,1,Guadalajara,5258,43,0.04799107142857143,126,0.140625,190,0.21205357142857142,160,0.17857142857142858,148,0.16517857142857142,193,0.21540178571428573,36,0.04017857142857143,D,896,"1,000,000 y mas",1403900015258
39,Guadalajara,1,Guadalajara,5262,109,0.06480380499405469,376,0.2235434007134364,445,0.26456599286563615,334,0.1985731272294887,214,0.1272294887039239,187,0.11117717003567182,17,0.010107015457788348,C,1682,"1,000,000 y mas",1403900015262
39,Guadalajara,1,Guadalajara,5277,58,0.04437643458301454,160,0.12241775057383321,282,0.21576128538638104,306,0.234123947972456,239,0.18286151491966335,233,0.1782708492731446,29,0.02218821729150727,C-,1307,"1,000,000 y mas",1403900015277
39,Guadalajara,1,Guadalajara,5281,150,0.16703786191536749,215,0.23942093541202672,182,0.2026726057906459,145,0.16146993318485522,88,0.09799554565701558,112,0.12472160356347439,6,0.0066815144766146995,C+,898,"1,000,000 y mas",1403900015281
39,Guadalajara,1,Guadalajara,5296,135,0.1511758118701008,220,0.24636058230683092,204,0.2284434490481523,129,0.1444568868980963,115,0.12877939529675253,81,0.09070548712206047,9,0.010078387458006719,C+,893,"1,000,000 y mas",1403900015296
39,Guadalajara,1,Guadalajara,5309,72,0.26373626373626374,92,0.336996336996337,52,0.19047619047619047,30,0.10989010989010989,10,0.03663003663003663,16,0.05860805860805861,,,C+,273,"1,000,000 y mas",1403900015309
39,Guadalajara,1,Guadalajara,5313,171,0.2401685393258427,189,0.2654494382022472,102,0.14325842696629212,76,0.10674157303370786,57,0.0800561797752809,88,0.12359550561797752,29,0.04073033707865169,C+,712,"1,000,000 y mas",1403900015313
39,Guadalajara,1,Guadalajara,5328,63,0.175,80,0.2222222222222222,59,0.1638888888888889,57,0.15833333333333333,45,0.125,50,0.1388888888888889,6,0.016666666666666666,C+,360,"1,000,000 y mas",1403900015328
39,Guadalajara,1,Guadalajara,5332,75,0.17045454545454544,101,0.22954545454545455,77,0.175,77,0.175,46,0.10454545454545454,57,0.12954545454545455,7,0.015909090909090907,C+,440,"1,000,000 y mas",1403900015332
39,Guadalajara,1,Guadalajara,5347,38,0.048407643312101914,83,0.10573248407643313,114,0.14522292993630573,146,0.1859872611464968,125,0.1592356687898089,234,0.2980891719745223,45,0.05732484076433121,D,785,"1,000,000 y mas",1403900015347
39,Guadalajara,1,Guadalajara,5351,38,0.11242603550295859,67,0.19822485207100593,81,0.23964497041420119,58,0.17159763313609466,31,0.09171597633136094,52,0.15384615384615385,11,0.03254437869822485,C,338,"1,000,000 y mas",1403900015351
39,Guadalajara,1,Guadalajara,5366,0,0.0,3,0.6,,,0,0.0,0,0.0,0,0.0,0,0.0,C+,5,"1,000,000 y mas",1403900015366
39,Guadalajara,1,Guadalajara,5370,113,0.22287968441814596,145,0.2859960552268245,100,0.19723865877712032,80,0.15779092702169625,33,0.0650887573964497,33,0.0650887573964497,3,0.005917159763313609,C+,507,"1,000,000 y mas",1403900015370
39,Guadalajara,1,Guadalajara,5385,60,0.05181347150259067,148,0.12780656303972365,237,0.20466321243523317,226,0.19516407599309155,167,0.14421416234887738,264,0.22797927461139897,56,0.04835924006908463,D,1158,"1,000,000 y mas",1403900015385
39,Guadalajara,1,Guadalajara,539A,74,0.0779768177028451,123,0.12961011591148577,200,0.2107481559536354,174,0.1833508956796628,146,0.15384615384615385,191,0.20126448893572182,41,0.04320337197049526,C,949,"1,000,000 y mas",140390001539A
39,Guadalajara,1,Guadalajara,5402,42,0.06624605678233439,95,0.1498422712933754,125,0.1971608832807571,110,0.17350157728706625,109,0.1719242902208202,130,0.20504731861198738,23,0.03627760252365931,D,634,"1,000,000 y mas",1403900015402
39,Guadalajara,1,Guadalajara,5417,48,0.05327413984461709,104,0.11542730299667037,180,0.1997780244173141,172,0.19089900110987792,151,0.16759156492785793,204,0.22641509433962265,42,0.04661487236403995,D,901,"1,000,000 y mas",1403900015417
39,Guadalajara,1,Guadalajara,5421,71,0.07819383259911894,140,0.15418502202643172,170,0.18722466960352424,171,0.1883259911894273,129,0.1420704845814978,190,0.2092511013215859,37,0.040748898678414094,D,908,"1,000,000 y mas",1403900015421
39,Guadalajara,1,Guadalajara,5436,70,0.07803790412486064,119,0.1326644370122631,161,0.1794871794871795,166,0.1850613154960981,147,0.16387959866220736,194,0.21627647714604237,40,0.044593088071348944,D,897,"1,000,000 y mas",1403900015436
39,Guadalajara,1,Guadalajara,5440,49,0.05285868392664509,141,0.15210355987055016,161,0.17367853290183388,171,0.18446601941747573,150,0.16181229773462782,220,0.2373247033441208,35,0.037756202804746494,D,927,"1,000,000 y mas",1403900015440
39,Guadalajara,1,Guadalajara,546A,34,0.05582922824302135,64,0.10509031198686371,106,0.17405582922824303,134,0.2200328407224959,112,0.1839080459770115,134,0.2200328407224959,25,0.041050903119868636,D,609,"1,000,000 y mas",140390001546A
39,Guadalajara,1,Guadalajara,5474,54,0.06301050175029171,121,0.1411901983663944,157,0.18319719953325556,175,0.20420070011668612,124,0.14469078179696615,188,0.2193698949824971,38,0.044340723453908985,D,857,"1,000,000 y mas",1403900015474
39,Guadalajara,1,Guadalajara,5489,28,0.1003584229390681,42,0.15053763440860216,53,0.18996415770609318,42,0.15053763440860216,47,0.16845878136200718,51,0.1827956989247312,16,0.05734767025089606,C,279,"1,000,000 y mas",1403900015489
39,Guadalajara,1,Guadalajara,5493,56,0.06511627906976744,128,0.14883720930232558,161,0.1872093023255814,154,0.17906976744186046,121,0.14069767441860465,203,0.23604651162790696,37,0.04302325581395349,D,860,"1,000,000 y mas",1403900015493
39,Guadalajara,1,Guadalajara,5506,64,0.06591143151390319,134,0.1380020597322348,168,0.17301750772399588,173,0.17816683831101957,161,0.16580844490216273,214,0.2203913491246138,57,0.05870236869207003,D,971,"1,000,000 y mas",1403900015506
39,Guadalajara,1,Guadalajara,5510,42,0.0711864406779661,67,0.1135593220338983,112,0.18983050847457628,100,0.1694915254237288,109,0.1847457627118644,124,0.21016949152542372,36,0.061016949152542375,D,590,"1,000,000 y mas",1403900015510
39,Guadalajara,1,Guadalajara,5525,44,0.04150943396226415,118,0.11132075471698114,168,0.15849056603773584,202,0.19056603773584907,181,0.17075471698113207,266,0.2509433962264151,81,0.07641509433962264,D,1060,"1,000,000 y mas",1403900015525
39,Guadalajara,1,Guadalajara,553A,32,0.03769140164899882,93,0.10954063604240283,140,0.16489988221436985,157,0.18492343934040048,151,0.17785630153121318,215,0.25323910482921086,61,0.071849234393404,D,849,"1,000,000 y mas",140390001553A
39,Guadalajara,1,Guadalajara,5544,29,0.04833333333333333,73,0.12166666666666667,96,0.16,127,0.21166666666666667,101,0.16833333333333333,154,0.25666666666666665,20,0.03333333333333333,D,600,"1,000,000 y mas",1403900015544
39,Guadalajara,1,Guadalajara,5559,62,0.08794326241134752,113,0.16028368794326242,123,0.17446808510638298,146,0.20709219858156028,105,0.14893617021276595,135,0.19148936170212766,21,0.029787234042553193,C-,705,"1,000,000 y mas",1403900015559
39,Guadalajara,1,Guadalajara,5563,118,0.11931243680485339,243,0.24570273003033366,203,0.20525783619817997,190,0.19211324570273003,116,0.1172901921132457,112,0.11324570273003033,7,0.007077856420626896,C+,989,"1,000,000 y mas",1403900015563
39,Guadalajara,1,Guadalajara,5578,94,0.07526020816653323,168,0.1345076060848679,230,0.18414731785428343,231,0.18494795836669337,197,0.1577261809447558,282,0.22578062449959968,47,0.03763010408326661,D,1249,"1,000,000 y mas",1403900015578
39,Guadalajara,1,Guadalajara,5582,,,,,,,,,,,,,,,,,"1,000,000 y mas",1403900015582
39,Guadalajara,1,Guadalajara,5597,69,0.08690176322418136,152,0.19143576826196473,204,0.25692695214105793,143,0.1801007556675063,110,0.1385390428211587,108,0.13602015113350127,8,0.010075566750629723,C,794,"1,000,000 y mas",1403900015597
39,Guadalajara,1,Guadalajara,560A,127,0.17912552891396333,192,0.27080394922425954,148,0.20874471086036672,124,0.17489421720733428,56,0.07898448519040903,53,0.07475317348377997,9,0.012693935119887164,C+,709,"1,000,000 y mas",140390001560A
39,Guadalajara,1,Guadalajara,5614,46,0.07221350078492936,122,0.19152276295133439,140,0.21978021978021978,120,0.18838304552590268,107,0.16797488226059654,94,0.14756671899529042,8,0.012558869701726845,C,637,"1,000,000 y mas",1403900015614
39,Guadalajara,1,Guadalajara,5629,76,0.07859358841778696,155,0.16028955532574973,159,0.16442605997931747,178,0.18407445708376421,155,0.16028955532574973,196,0.20268872802481902,48,0.04963805584281282,D,967,"1,000,000 y mas",1403900015629
39,Guadalajara,1,Guadalajara,5648,218,0.3348694316436252,258,0.39631336405529954,106,0.16282642089093702,49,0.07526881720430108,12,0.018433179723502304,8,0.01228878648233487,0,0.0,C+,651,"1,000,000 y mas",1403900015648
39,Guadalajara,1,Guadalajara,5652,242,0.290167865707434,250,0.2997601918465228,172,0.20623501199040767,86,0.10311750599520383,57,0.0683453237410072,27,0.03237410071942446,0,0.0,C+,834,"1,000,000 y mas",1403900015652
39,Guadalajara,1,Guadalajara,5667,335,0.231353591160221,502,0.34668508287292815,331,0.2285911602209945,159,0.10980662983425414,73,0.05041436464088398,44,0.03038674033149171,4,0.0027624309392265192,C+,1448,"1,000,000 y mas",1403900015667
39,Guadalajara,1,Guadalajara,5671,140,0.13282732447817835,252,0.23908918406072105,249,0.23624288425047438,161,0.1527514231499051,115,0.10910815939278938,119,0.11290322580645161,18,0.017077798861480076,C+,1054,"1,000,000 y mas",1403900015671
39,Guadalajara,2,Las Juntas [Planta Hidroeléctrica],2874,,,,,,,,,,,,,,,,,1 a 249,1403900022874
44,Ixtlahuacán de los Membrillos,1,Ixtlahuacán de los Membrillos,0064,,,5,0.07142857142857142,7,0.1,9,0.12857142857142856,14,0.2,26,0.37142857142857144,7,0.1,D,70,"5,000 a 9,999",1404400010064
44,Ixtlahuacán de los Membrillos,1,Ixtlahuacán de los Membrillos,0079,3,0.06976744186046512,7,0.16279069767441862,11,0.2558139534883721,11,0.2558139534883721,3,0.06976744186046512,6,0.13953488372093023,,,C-,43,"5,000 a 9,999",1404400010079
44,Ixtlahuacán de los Membrillos,1,Ixtlahuacán de los Membrillos,0083,4,0.02666666666666667,11,0.07333333333333333,26,0.17333333333333334,31,0.20666666666666667,29,0.19333333333333333,37,0.24666666666666667,12,0.08,D,150,"5,000 a 9,999",1404400010083
44,Ixtlahuacán de los Membrillos,1,Ixtlahuacán de los Membrillos,0098,54,0.059800664451827246,110,0.12181616832779624,143,0.1583610188261351,134,0.14839424141749724,148,0.1638981173864895,241,0.26688815060908083,73,0.08084163898117387,D,903,"5,000 a 9,999",1404400010098
44,Ixtlahuacán de los Membrillos,1,Ixtlahuacán de los Membrillos,0100,25,0.04743833017077799,64,0.12144212523719165,93,0.17647058823529413,96,0.18216318785578747,92,0.174573055028463,130,0.24667931688804554,27,0.051233396584440226,D,527,"5,000 a 9,999",1404400010100
44,Ixtlahuacán de los Membrillos,1,Ixtlahuacán de los Membrillos,0280,22,0.05314009661835749,45,0.10869565217391304,58,0.14009661835748793,70,0.16908212560386474,72,0.17391304347826086,123,0.2971014492753623,24,0.057971014492753624,D,414,"5,000 a 9,999",1404400010280
44,Ixtlahuacán de los Membrillos,1,Ixtlahuacán de los Membrillos,0295,15,0.05067567567567568,23,0.0777027027027027,41,0.13851351351351351,61,0.20608108108108109,41,0.13851351351351351,94,0.31756756756756754,21,0.07094594594594594,D,296,"5,000 a 9,999",1404400010295
44,Ixtlahuacán de los Membrillos,1,Ixtlahuacán de los Membrillos,0308,4,0.14285714285714285,4,0.14285714285714285,9,0.32142857142857145,,,4,0.14285714285714285,5,0.17857142857142858,0,0.0,C,28,"5,000 a 9,999",1404400010308
44,Ixtlahuacán de los Membrillos,1,Ixtlahuacán de los Membrillos,0312,10,0.17543859649122806,10,0.17543859649122806,10,0.17543859649122806,13,0.22807017543859648,7,0.12280701754385964,6,0.10526315789473684,,,C-,57,"5,000 a 9,999",1404400010312
44,Ixtlahuacán de los Membrillos,1,Ixtlahuacán de los Membrillos,0327,10,0.17543859649122806,6,0.10526315789473684,12,0.21052631578947367,11,0.19298245614035087,10,0.17543859649122806,7,0.12280701754385964,,,C,57,"5,000 a 9,999",1404400010327
44,Ixtlahuacán de los Membrillos,1,Ixtlahuacán de los Membrillos,0331,0,0.0,3,0.1,7,0.23333333333333334,3,0.1,8,0.26666666666666666,8,0.26666666666666666,,,D,30,"5,000 a 9,999",1404400010331
44,Ixtlahuacán de los Membrillos,1,Ixtlahuacán de los Membrillos,0365,,,,,,,,,,,,,,,,,"5,000 a 9,999",1404400010365
44,Ixtlahuacán de los Membrillos,2,Atequiza,005A,21,0.2441860465116279,21,0.2441860465116279,14,0.16279069767441862,13,0.1511627906976744,8,0.09302325581395349,8,0.09302325581395349,,,C+,86,"5,000 a 9,999",140440002005A
44,Ixtlahuacán de los Membrillos,2,Atequiza,0115,57,0.10516605166051661,81,0.14944649446494465,86,0.15867158671586715,85,0.15682656826568267,80,0.14760147601476015,132,0.24354243542435425,21,0.03874538745387454,D,542,"5,000 a 9,999",1404400020115
44,Ixtlahuacán de los Membrillos,2,Atequiza,012A,36,0.057233704292527825,71,0.11287758346581876,93,0.1478537360890302,88,0.13990461049284578,104,0.16534181240063592,194,0.30842607313195547,43,0.06836248012718601,D,629,"5,000 a 9,999",140440002012A
44,Ixtlahuacán de los Membrillos,2,Atequiza,0134,38,0.1165644171779141,69,0.2116564417177914,71,0.21779141104294478,49,0.15030674846625766,46,0.1411042944785276,48,0.147239263803681,5,0.015337423312883436,C,326,"5,000 a 9,999",1404400020134
44,Ixtlahuacán de los Membrillos,2,Atequiza,0149,0,0.0,0,0.0,,,,,0,0.0,,,0,0.0,D,4,"5,000 a 9,999",1404400020149
44,Ixtlahuacán de los Membrillos,2,Atequiza,0153,6,0.35294117647058826,5,0.29411764705882354,,,,,0,0.0,,,,,A/B,17,"5,000 a 9,999",1404400020153
44,Ixtlahuacán de los Membrillos,2,Atequiza,0168,3,0.23076923076923078,4,0.3076923076923077,,,0,0.0,,,4,0.3076923076923077,0,0.0,D,13,"5,000 a 9,999",1404400020168
44,Ixtlahuacán de los Membrillos,2,Atequiza,0172,,,0,0.0,5,0.16666666666666666,3,0.1,5,0.16666666666666666,13,0.43333333333333335,3,0.1,D,30,"5,000 a 9,999",1404400020172
44,Ixtlahuacán de los Membrillos,2,Atequiza,0187,11,0.11827956989247312,8,0.08602150537634409,9,0.0967741935483871,16,0.17204301075268819,14,0.15053763440860216,30,0.3225806451612903,5,0.053763440860215055,D,93,"5,000 a 9,999",1404400020187
44,Ixtlahuacán de los Membrillos,2,Atequiza,0346,,,3,0.13636363636363635,3,0.13636363636363635,5,0.22727272727272727,4,0.18181818181818182,3,0.13636363636363635,3,0.13636363636363635,C-,22,"5,000 a 9,999",1404400020346
44,Ixtlahuacán de los Membrillos,2,Atequiza,0350,0,0.0,6,0.1935483870967742,8,0.25806451612903225,,,,,7,0.22580645161290322,6,0.1935483870967742,C,31,"5,000 a 9,999",1404400020350
44,Ixtlahuacán de los Membrillos,3,Buenavista,0026,20,0.038461538461538464,58,0.11153846153846154,72,0.13846153846153847,80,0.15384615384615385,77,0.14807692307692308,170,0.3269230769230769,43,0.08269230769230769,D,520,"1,000 a 2,499",1404400030026
44,Ixtlahuacán de los Membrillos,4,La Cañada,0011,4,0.02877697841726619,10,0.07194244604316546,11,0.07913669064748201,27,0.19424460431654678,28,0.2014388489208633,50,0.3597122302158273,9,0.06474820143884892,D,139,500 a 999,1404400040011
44,Ixtlahuacán de los Membrillos,5,La Capilla del Refugio,0257,,,17,0.1827956989247312,16,0.17204301075268819,9,0.0967741935483871,15,0.16129032258064516,25,0.26881720430107525,10,0.10752688172043011,D,93,"2,500 a 4,999",1404400050257
44,Ixtlahuacán de los Membrillos,5,La Capilla del Refugio,0261,12,0.0225140712945591,35,0.06566604127579738,64,0.1200750469043152,94,0.17636022514071295,100,0.18761726078799248,169,0.3170731707317073,59,0.11069418386491557,D,533,"2,500 a 4,999",1404400050261
44,Ixtlahuacán de los Membrillos,5,La Capilla del Refugio,0276,,,7,0.11864406779661017,7,0.11864406779661017,7,0.11864406779661017,10,0.1694915254237288,23,0.3898305084745763,4,0.06779661016949153,D,59,"2,500 a 4,999",1404400050276
44,Ixtlahuacán de los Membrillos,6,Los Cedros,0011,13,0.030660377358490566,27,0.06367924528301887,70,0.1650943396226415,80,0.18867924528301888,69,0.16273584905660377,133,0.3136792452830189,32,0.07547169811320754,D,424,"1,000 a 2,499",1404400060011
44,Ixtlahuacán de los Membrillos,7,Huerta Vieja,0011,0,0.0,0,0.0,,,0,0.0,4,0.2857142857142857,7,0.5,,,D,14,1 a 249,1404400070011
44,Ixtlahuacán de los Membrillos,9,Miravalle,0011,,,,,,,,,,,,,,,,,1 a 249,1404400090011
44,Ixtlahuacán de los Membrillos,10,Los Olivos,0223,,,18,0.01607142857142857,58,0.05178571428571429,142,0.12678571428571428,261,0.2330357142857143,569,0.5080357142857143,71,0.06339285714285714,D,1120,"5,000 a 9,999",1404400100223
44,Ixtlahuacán de los Membrillos,10,Los Olivos,0238,5,0.005841121495327103,13,0.015186915887850467,57,0.06658878504672897,119,0.13901869158878505,237,0.27686915887850466,381,0.44509345794392524,44,0.0514018691588785,D,856,"5,000 a 9,999",1404400100238
44,Ixtlahuacán de los Membrillos,10,Los Olivos,0242,3,0.003579952267303103,16,0.01909307875894988,65,0.07756563245823389,152,0.18138424821002386,219,0.2613365155131265,359,0.42840095465393796,24,0.028639618138424822,D,838,"5,000 a 9,999",1404400100242
44,Ixtlahuacán de los Membrillos,10,Los Olivos,037A,0,0.0,10,0.034482758620689655,31,0.10689655172413794,62,0.21379310344827587,71,0.24482758620689654,116,0.4,0,0.0,D,290,"5,000 a 9,999",140440010037A
44,Ixtlahuacán de los Membrillos,11,El Rodeo,0026,23,0.06666666666666667,41,0.11884057971014493,60,0.17391304347826086,51,0.14782608695652175,58,0.1681159420289855,93,0.26956521739130435,19,0.05507246376811594,D,345,"1,000 a 2,499",1404400110026
44,Ixtlahuacán de los Membrillos,12,Santa Rosa (La Hacienda de Santa Rosa),0011,16,0.04938271604938271,40,0.12345679012345678,38,0.11728395061728394,47,0.14506172839506173,47,0.14506172839506173,102,0.3148148148148148,34,0.10493827160493827,D,324,"1,000 a 2,499",1404400120011
44,Ixtlahuacán de los Membrillos,14,La Membrillera,0011,0,0.0,0,0.0,0,0.0,0,0.0,,,4,0.8,0,0.0,D,5,1 a 249,1404400140011
44,Ixtlahuacán de los Membrillos,18,San Isidro (El Aguacate),0011,0,0.0,0,0.0,0,0.0,,,4,0.4,5,0.5,0,0.0,D,10,1 a 249,1404400180011
44,Ixtlahuacán de los Membrillos,19,San José,0011,0,0.0,0,0.0,,,,,0,0.0,3,0.5,,,D,6,1 a 249,1404400190011
44,Ixtlahuacán de los Membrillos,20,La Campanilla,0026,0,0.0,3,0.15,4,0.2,3,0.15,,,6,0.3,3,0.15,D,20,1 a 249,1404400200026
44,Ixtlahuacán de los Membrillos,27,Las Alazanas,0011,,,,,,,,,,,,,,,,,1 a 249,1404400270011
44,Ixtlahuacán de los Membrillos,30,San Carlos (El Carmen),0011,,,,,,,,,,,,,,,,,1 a 249,1404400300011
44,Ixtlahuacán de los Membrillos,33,Haciendas del Lago,0011,,,,,0,0.0,,,,,,,0,0.0,C+,6,1 a 249,1404400330011
44,Ixtlahuacán de los Membrillos,34,Casa Blanca,0026,,,,,,,,,,,,,,,,,1 a 249,1404400340026
44,Ixtlahuacán de los Membrillos,35,El Sacrificio,0026,,,,,4,0.06451612903225806,16,0.25806451612903225,14,0.22580645161290322,20,0.3225806451612903,6,0.0967741935483871,D,62,1 a 249,1404400350026
44,Ixtlahuacán de los Membrillos,41,Los Troncones,0011,0,0.0,0,0.0,0,0.0,0,0.0,,,,,3,0.6,E,5,1 a 249,1404400410011
44,Ixtlahuacán de los Membrillos,42,El Varal,0011,0,0.0,0,0.0,0,0.0,0,0.0,,,3,0.42857142857142855,,,D,7,1 a 249,1404400420011
44,Ixtlahuacán de los Membrillos,43,Las Pilas,0011,0,0.0,0,0.0,,,0,0.0,0,0.0,10,0.7692307692307693,,,D,13,1 a 249,1404400430011
44,Ixtlahuacán de los Membrillos,48,Rancho los Alfredos,0011,,,,,,,,,,,,,,,,,1 a 249,1404400480011
44,Ixtlahuacán de los Membrillos,49,La Arena,0026,0,0.0,0,0.0,0,0.0,0,0.0,,,,,0,0.0,D+,3,1 a 249,1404400490026
44,Ixtlahuacán de los Membrillos,50,Altamira,0026,,,,,,,,,,,,,,,,,1 a 249,1404400500026
44,Ixtlahuacán de los Membrillos,51,La Curva,0026,,,,,,,,,,,,,,,,,1 a 249,1404400510026
44,Ixtlahuacán de los Membrillos,54,Los Freseros (Los Sabinos),0401,3,0.002028397565922921,28,0.018931710615280595,156,0.10547667342799188,308,0.20824881676808654,401,0.2711291413116971,564,0.3813387423935091,19,0.012846517917511832,D,1479,"15,000 a 29,999",1404400540401
44,Ixtlahuacán de los Membrillos,54,Los Freseros (Los Sabinos),0416,5,0.004464285714285714,11,0.009821428571428571,49,0.04375,177,0.15803571428571428,360,0.32142857142857145,488,0.4357142857142857,30,0.026785714285714284,D,1120,"15,000 a 29,999",1404400540416
44,Ixtlahuacán de los Membrillos,54,Los Freseros (Los Sabinos),0420,3,0.0024855012427506215,19,0.015741507870753936,89,0.07373653686826843,218,0.18061309030654515,367,0.304059652029826,499,0.4134217067108534,12,0.009942004971002486,D,1207,"15,000 a 29,999",1404400540420
44,Ixtlahuacán de los Membrillos,54,Los Freseros (Los Sabinos),0435,3,0.0038412291933418692,5,0.006402048655569782,49,0.06274007682458387,137,0.17541613316261204,224,0.28681177976952626,346,0.44302176696542894,17,0.02176696542893726,D,781,"15,000 a 29,999",1404400540435
44,Ixtlahuacán de los Membrillos,57,La Calerita (El Reniego),0011,3,0.3,,,,,,,3,0.3,,,0,0.0,D+,10,1 a 249,1404400570011
44,Ixtlahuacán de los Membrillos,59,Las Humedades,0026,,,,,,,,,,,,,,,,,1 a 249,1404400590026
44,Ixtlahuacán de los Membrillos,60,El Tepehuaje,0011,0,0.0,,,,,,,,,,,0,0.0,D+,6,1 a 249,1404400600011
44,Ixtlahuacán de los Membrillos,62,Los Arcos,0011,0,0.0,,,,,0,0.0,0,0.0,0,0.0,,,C,4,1 a 249,1404400620011
44,Ixtlahuacán de los Membrillos,64,La Bomba,0026,,,,,,,,,,,,,,,,,1 a 249,1404400640026
44,Ixtlahuacán de los Membrillos,67,La Cañita,0026,,,,,,,,,,,,,,,,,1 a 249,1404400670026
44,Ixtlahuacán de los Membrillos,69,Carboneras,0026,0,0.0,0,0.0,0,0.0,0,0.0,,,,,,,D+,4,1 a 249,1404400690026
44,Ixtlahuacán de los Membrillos,70,Los Tubos [Fraccionamiento],0026,,,,,3,0.12,3,0.12,5,0.2,11,0.44,,,D,25,1 a 249,1404400700026
44,Ixtlahuacán de los Membrillos,71,El Cerrito,0026,,,,,,,,,,,,,,,,,1 a 249,1404400710026
44,Ixtlahuacán de los Membrillos,73,Chapala Haciendas,0026,,,,,,,,,5,0.5,0,0.0,0,0.0,D+,10,1 a 249,1404400730026
44,Ixtlahuacán de los Membrillos,74,La Curva,0011,0,0.0,0,0.0,0,0.0,,,4,0.5,,,,,D+,8,1 a 249,1404400740011
44,Ixtlahuacán de los Membrillos,75,La Cinco,0026,,,,,,,,,,,,,,,,,1 a 249,1404400750026
44,Ixtlahuacán de los Membrillos,77,Conos de Cedros,0026,,,,,,,,,,,,,,,,,1 a 249,1404400770026
44,Ixtlahuacán de los Membrillos,78,El Cortijo,0026,,,,,,,,,,,,,,,,,1 a 249,1404400780026
44,Ixtlahuacán de los Membrillos,79,Crucero de Cedros,0011,,,,,,,,,,,,,,,,,1 a 249,1404400790011
44,Ixtlahuacán de los Membrillos,80,La Cuatro,0026,,,0,0.0,0,0.0,,,0,0.0,,,,,D,6,1 a 249,1404400800026
44,Ixtlahuacán de los Membrillos,82,Los Caporales (El Refugio),0011,,,,,,,0,0.0,0,0.0,0,0.0,0,0.0,C,6,1 a 249,1404400820011
44,Ixtlahuacán de los Membrillos,83,La Diez,0026,,,,,,,,,,,,,,,,,1 a 249,1404400830026
44,Ixtlahuacán de los Membrillos,84,La Escondida,0026,,,,,,,,,,,,,,,,,1 a 249,1404400840026
44,Ixtlahuacán de los Membrillos,85,La Estancia,0011,,,,,,,,,,,,,,,,,1 a 249,1404400850011
44,Ixtlahuacán de los Membrillos,89,El Guajolote Chico,0026,,,,,,,,,,,,,,,,,1 a 249,1404400890026
44,Ixtlahuacán de los Membrillos,91,La Herradura,0026,,,,,,,,,,,,,,,,,1 a 249,1404400910026
44,Ixtlahuacán de los Membrillos,94,Las Limas,0011,,,,,,,,,,,,,,,,,1 a 249,1404400940011
44,Ixtlahuacán de los Membrillos,96,La Loma,0026,0,0.0,0,0.0,,,0,0.0,,,,,0,0.0,D,4,1 a 249,1404400960026
44,Ixtlahuacán de los Membrillos,97,Loma Linda,0026,,,,,,,,,,,,,,,,,1 a 249,1404400970026
44,Ixtlahuacán de los Membrillos,99,Las Maravillas,0026,0,0.0,0,0.0,,,,,,,0,0.0,0,0.0,D+,3,1 a 249,1404400990026
44,Ixtlahuacán de los Membrillos,101,Cuesta I y II [Microondas],0026,,,,,,,,,,,,,,,,,1 a 249,1404401010026
44,Ixtlahuacán de los Membrillos,103,Los Molineros (Rancho el Chubasco),0011,,,,,,,,,,,,,,,,,1 a 249,1404401030011
44,Ixtlahuacán de los Membrillos,105,La Nueve,0026,,,,,,,,,,,,,,,,,1 a 249,1404401050026
44,Ixtlahuacán de los Membrillos,106,Ojo de Agua,0026,0,0.0,0,0.0,0,0.0,,,,,,,0,0.0,D,5,1 a 249,1404401060026
44,Ixtlahuacán de los Membrillos,109,Las Guayabas,0011,,,,,,,,,,,,,,,,,1 a 249,1404401090011
44,Ixtlahuacán de los Membrillos,110,Paraíso Escondido,0026,0,0.0,,,,,3,0.23076923076923078,,,4,0.3076923076923077,,,D,13,1 a 249,1404401100026
44,Ixtlahuacán de los Membrillos,113,La Playa (El Sobaco),0026,,,,,,,,,,,,,,,,,1 a 249,1404401130026
44,Ixtlahuacán de los Membrillos,114,Rancho Santa María,0011,,,0,0.0,0,0.0,0,0.0,0,0.0,,,,,D,4,1 a 249,1404401140011
44,Ixtlahuacán de los Membrillos,116,Potrero de las Coloradas,0026,,,,,,,,,,,,,,,,,1 a 249,1404401160026
44,Ixtlahuacán de los Membrillos,120,La Presita,0011,0,0.0,0,0.0,0,0.0,,,0,0.0,3,0.75,0,0.0,D,4,1 a 249,1404401200011
44,Ixtlahuacán de los Membrillos,127,El Rodadillo,0026,,,,,,,,,,,,,,,,,1 a 249,1404401270026
44,Ixtlahuacán de los Membrillos,128,El Zalate,0026,,,,,,,,,,,,,,,,,1 a 249,1404401280026
44,Ixtlahuacán de los Membrillos,129,San Pedro,0011,,,,,,,,,,,,,,,,,1 a 249,1404401290011
44,Ixtlahuacán de los Membrillos,130,Santa Ana de Cedros,0026,0,0.0,0,0.0,5,0.10204081632653061,6,0.12244897959183673,8,0.16326530612244897,24,0.4897959183673469,6,0.12244897959183673,D,49,1 a 249,1404401300026
44,Ixtlahuacán de los Membrillos,131,Santa María,0026,,,,,,,,,,,,,,,,,1 a 249,1404401310026
44,Ixtlahuacán de los Membrillos,134,La Siete y la Ocho,0026,,,,,,,,,,,,,,,,,1 a 249,1404401340026
44,Ixtlahuacán de los Membrillos,135,El Tepache,0026,0,0.0,0,0.0,,,,,0,0.0,0,0.0,0,0.0,C,3,1 a 249,1404401350026
44,Ixtlahuacán de los Membrillos,137,La Tinaja,0026,0,0.0,0,0.0,,,,,6,0.3,9,0.45,,,D,20,1 a 249,1404401370026
44,Ixtlahuacán de los Membrillos,139,La Treinta,0026,,,,,,,,,,,,,,,,,1 a 249,1404401390026
44,Ixtlahuacán de los Membrillos,141,El Verde (Rincón de Mariana),0026,0,0.0,0,0.0,,,0,0.0,0,0.0,,,,,E,3,1 a 249,1404401410026
44,Ixtlahuacán de los Membrillos,142,Vista Hermosa,0026,,,,,,,,,,,,,,,,,1 a 249,1404401420026
44,Ixtlahuacán de los Membrillos,145,Misión San Pablo,0011,,,,,,,,,,,,,,,,,1 a 249,1404401450011
44,Ixtlahuacán de los Membrillos,147,Las Carretas,0011,6,0.12244897959183673,12,0.24489795918367346,8,0.16326530612244897,6,0.12244897959183673,6,0.12244897959183673,10,0.20408163265306123,,,C+,49,1 a 249,1404401470011
44,Ixtlahuacán de los Membrillos,152,Granja Alexis,0011,,,,,,,,,,,,,,,,,1 a 249,1404401520011
44,Ixtlahuacán de los Membrillos,153,Charco [Granja],0011,,,,,,,,,,,,,,,,,1 a 249,1404401530011
44,Ixtlahuacán de los Membrillos,154,El Porvenir [Granja],0011,0,0.0,0,0.0,,,,,0,0.0,,,0,0.0,D,5,1 a 249,1404401540011
44,Ixtlahuacán de los Membrillos,155,San Francisco [Granja],0011,0,0.0,0,0.0,0,0.0,,,,,,,0,0.0,D,3,1 a 249,1404401550011
44,Ixtlahuacán de los Membrillos,156,San Miguel [Granja],0011,,,,,,,,,,,,,,,,,1 a 249,1404401560011
44,Ixtlahuacán de los Membrillos,157,La Querencia,0011,0,0.0,0,0.0,0,0.0,0,0.0,,,,,,,D+,4,1 a 249,1404401570011
44,Ixtlahuacán de los Membrillos,161,Rancho González (Catem),0011,,,,,,,,,,,,,,,,,1 a 249,1404401610011
44,Ixtlahuacán de los Membrillos,162,Rancho la Consentida,0011,,,,,,,,,,,,,,,,,1 a 249,1404401620011
44,Ixtlahuacán de los Membrillos,163,Rancho los Garañones,0011,,,0,0.0,0,0.0,0,0.0,0,0.0,,,0,0.0,D,3,1 a 249,1404401630011
44,Ixtlahuacán de los Membrillos,164,Rancho San Carlos,0011,,,,,,,,,,,,,,,,,1 a 249,1404401640011
44,Ixtlahuacán de los Membrillos,165,Rancho Velázquez,0011,,,,,,,,,,,,,,,,,1 a 249,1404401650011
44,Ixtlahuacán de los Membrillos,166,Orientes [Restaurante],0011,,,,,,,,,,,,,,,,,1 a 249,1404401660011
44,Ixtlahuacán de los Membrillos,168,Rancho los Villanueva,0011,,,,,,,,,,,,,,,,,1 a 249,1404401680011
44,Ixtlahuacán de los Membrillos,169,Rinconada la Loma [Fraccionamiento],0011,5,0.007132667617689016,26,0.037089871611982884,66,0.09415121255349501,122,0.17403708987161198,168,0.2396576319543509,295,0.42082738944365194,19,0.02710413694721826,D,701,"1,000 a 2,499",1404401690011
44,Ixtlahuacán de los Membrillos,170,Huerta Vieja [Fraccionamiento],0219,,,9,0.029315960912052116,43,0.14006514657980457,58,0.18892508143322476,91,0.2964169381107492,101,0.3289902280130293,4,0.013029315960912053,D,307,"2,500 a 4,999",1404401700219
44,Ixtlahuacán de los Membrillos,170,Huerta Vieja [Fraccionamiento],0384,,,11,0.03873239436619718,31,0.10915492957746478,58,0.20422535211267606,64,0.22535211267605634,115,0.40492957746478875,4,0.014084507042253521,D,284,"2,500 a 4,999",1404401700384
44,Ixtlahuacán de los Membrillos,170,Huerta Vieja [Fraccionamiento],0399,4,0.009302325581395349,23,0.053488372093023255,64,0.14883720930232558,94,0.2186046511627907,115,0.26744186046511625,126,0.2930232558139535,4,0.009302325581395349,D,430,"2,500 a 4,999",1404401700399
44,Ixtlahuacán de los Membrillos,171,Puerta del Sol [Fraccionamiento],0011,17,0.02526002971768202,50,0.07429420505200594,96,0.1426448736998514,146,0.21693907875185736,167,0.24814264487369986,190,0.2823179791976226,7,0.010401188707280832,D,673,"1,000 a 2,499",1404401710011
44,Ixtlahuacán de los Membrillos,172,Valle de los Girasoles [Fraccionamiento],0011,0,0.0,7,0.012411347517730497,38,0.0673758865248227,98,0.17375886524822695,140,0.24822695035460993,268,0.475177304964539,13,0.02304964539007092,D,564,"1,000 a 2,499",1404401720011
44,Ixtlahuacán de los Membrillos,173,Lomas de la Capilla,0011,5,0.009025270758122744,12,0.021660649819494584,48,0.08664259927797834,74,0.13357400722021662,127,0.2292418772563177,258,0.4657039711191336,30,0.05415162454873646,D,554,"1,000 a 2,499",1404401730011
44,Ixtlahuacán de los Membrillos,174,Rancho Cázares,0011,,,,,,,,,,,,,,,,,1 a 249,1404401740011
44,Ixtlahuacán de los Membrillos,175,La Florida,0026,7,0.058333333333333334,23,0.19166666666666668,27,0.225,28,0.23333333333333334,23,0.19166666666666668,11,0.09166666666666666,,,C-,120,250 a 499,1404401750026
44,Ixtlahuacán de los Membrillos,176,La Loma de Santa Rosa,0011,,,,,,,,,,,,,,,,,1 a 249,1404401760011
44,Ixtlahuacán de los Membrillos,177,La Piedrera,0011,,,,,,,,,,,,,,,,,1 a 249,1404401770011
44,Ixtlahuacán de los Membrillos,178,Los Tigres,0026,,,,,,,,,,,,,,,,,1 a 249,1404401780026
44,Ixtlahuacán de los Membrillos,179,Presa Novillero,0026,0,0.0,0,0.0,0,0.0,0,0.0,,,3,0.75,0,0.0,D,4,1 a 249,1404401790026
44,Ixtlahuacán de los Membrillos,180,La Capilla [Residencial],0011,,,18,0.02608695652173913,51,0.07391304347826087,108,0.1565217391304348,163,0.23623188405797102,288,0.41739130434782606,60,0.08695652173913043,D,690,"1,000 a 2,499",1404401800011
44,Ixtlahuacán de los Membrillos,181,Luis García,0011,6,0.02214022140221402,17,0.06273062730627306,41,0.15129151291512916,28,0.1033210332103321,38,0.14022140221402213,104,0.3837638376383764,37,0.13653136531365315,D,271,"1,000 a 2,499",1404401810011
51,Juanacatlán,1,Juanacatlán,004A,16,0.03571428571428571,38,0.08482142857142858,80,0.17857142857142858,79,0.17633928571428573,68,0.15178571428571427,134,0.29910714285714285,33,0.07366071428571429,D,448,"5,000 a 9,999",140510001004A
51,Juanacatlán,1,Juanacatlán,0054,48,0.04804804804804805,95,0.09509509509509509,163,0.16316316316316315,179,0.17917917917917917,170,0.17017017017017017,279,0.27927927927927926,65,0.06506506506506507,D,999,"5,000 a 9,999",1405100010054
51,Juanacatlán,1,Juanacatlán,0069,46,0.07165109034267912,96,0.14953271028037382,103,0.16043613707165108,106,0.16510903426791276,105,0.16355140186915887,136,0.2118380062305296,50,0.0778816199376947,D,642,"5,000 a 9,999",1405100010069
51,Juanacatlán,1,Juanacatlán,0073,9,0.04205607476635514,14,0.06542056074766354,36,0.16822429906542055,42,0.19626168224299065,35,0.16355140186915887,63,0.29439252336448596,15,0.07009345794392523,D,214,"5,000 a 9,999",1405100010073
51,Juanacatlán,1,Juanacatlán,0088,,,,,,,5,0.35714285714285715,4,0.2857142857142857,,,0,0.0,C-,14,"5,000 a 9,999",1405100010088
51,Juanacatlán,1,Juanacatlán,0092,3,0.0410958904109589,12,0.1643835616438356,18,0.2465753424657534,16,0.2191780821917808,13,0.1780821917808219,10,0.136986301369863,,,C,73,"5,000 a 9,999",1405100010092
51,Juanacatlán,1,Juanacatlán,011A,,,,,0,0.0,,,,,,,0,0.0,D,5,"5,000 a 9,999",140510001011A
51,Juanacatlán,1,Juanacatlán,0124,0,0.0,0,0.0,,,,,0,0.0,4,0.5714285714285714,0,0.0,D,7,"5,000 a 9,999",1405100010124
51,Juanacatlán,1,Juanacatlán,0139,0,0.0,4,0.045454545454545456,3,0.03409090909090909,12,0.13636363636363635,17,0.19318181818181818,36,0.4090909090909091,16,0.18181818181818182,D,88,"5,000 a 9,999",1405100010139
51,Juanacatlán,1,Juanacatlán,0143,,,0,0.0,6,0.13636363636363635,9,0.20454545454545456,9,0.20454545454545456,17,0.38636363636363635,,,D,44,"5,000 a 9,999",1405100010143
51,Juanacatlán,1,Juanacatlán,0158,,,5,0.1282051282051282,7,0.1794871794871795,11,0.28205128205128205,5,0.1282051282051282,8,0.20512820512820512,,,C-,39,"5,000 a 9,999",1405100010158
51,Juanacatlán,1,Juanacatlán,0162,0,0.0,8,0.08888888888888889,7,0.07777777777777778,14,0.15555555555555556,21,0.23333333333333334,33,0.36666666666666664,7,0.07777777777777778,D,90,"5,000 a 9,999",1405100010162
51,Juanacatlán,1,Juanacatlán,0177,,,0,0.0,,,,,0,0.0,,,,,E,5,"5,000 a 9,999",1405100010177
51,Juanacatlán,2,La Aurora,0181,9,0.008426966292134831,36,0.033707865168539325,112,0.10486891385767791,201,0.18820224719101122,265,0.24812734082397003,423,0.3960674157303371,22,0.020599250936329586,D,1068,"15,000 a 29,999",1405100020181
51,Juanacatlán,2,La Aurora,0196,7,0.005287009063444109,41,0.030966767371601207,130,0.09818731117824774,269,0.20317220543806647,312,0.23564954682779457,529,0.3995468277945619,36,0.027190332326283987,D,1324,"15,000 a 29,999",1405100020196
51,Juanacatlán,2,La Aurora,0209,6,0.005905511811023622,14,0.013779527559055118,98,0.09645669291338582,152,0.14960629921259844,249,0.24507874015748032,469,0.46161417322834647,28,0.027559055118110236,D,1016,"15,000 a 29,999",1405100020209
51,Juanacatlán,2,La Aurora,0213,3,0.002127659574468085,49,0.03475177304964539,86,0.06099290780141844,205,0.1453900709219858,335,0.2375886524822695,684,0.4851063829787234,48,0.03404255319148936,D,1410,"15,000 a 29,999",1405100020213
51,Juanacatlán,4,Casa de Teja,0035,0,0.0,,,12,0.13953488372093023,14,0.16279069767441862,31,0.36046511627906974,21,0.2441860465116279,6,0.06976744186046512,D+,86,250 a 499,1405100040035
51,Juanacatlán,7,Rancho Nuevo (Estancia de Guadalupe),0016,0,0.0,5,0.06172839506172839,13,0.16049382716049382,16,0.19753086419753085,16,0.19753086419753085,24,0.2962962962962963,7,0.08641975308641975,D,81,250 a 499,1405100070016
51,Juanacatlán,8,San Antonio Juanacaxtle,0016,10,0.02512562814070352,53,0.13316582914572864,65,0.16331658291457288,74,0.18592964824120603,69,0.17336683417085427,103,0.25879396984924624,24,0.06030150753768844,D,398,"1,000 a 2,499",1405100080016
51,Juanacatlán,9,Miraflores,0035,,,7,0.056,10,0.08,19,0.152,18,0.144,47,0.376,22,0.176,D,125,250 a 499,1405100090035
51,Juanacatlán,10,San Isidro (El Jabalí),0035,,,3,0.05555555555555555,3,0.05555555555555555,7,0.12962962962962962,15,0.2777777777777778,19,0.35185185185185186,6,0.1111111111111111,D,54,1 a 249,1405100100035
51,Juanacatlán,11,El Saucillo,0016,0,0.0,0,0.0,0,0.0,0,0.0,3,0.3,4,0.4,3,0.3,D,10,1 a 249,1405100110016
51,Juanacatlán,13,Ex-Hacienda de Zapotlanejo,0016,10,0.0398406374501992,17,0.06772908366533864,33,0.13147410358565736,47,0.18725099601593626,42,0.16733067729083664,82,0.32669322709163345,20,0.0796812749003984,D,251,500 a 999,1405100130016
51,Juanacatlán,14,Puente Viejo [Club Náutico],0016,3,0.09375,3,0.09375,4,0.125,,,14,0.4375,4,0.125,,,D+,32,1 a 249,1405100140016
51,Juanacatlán,15,La Mesa Blanca,0016,0,0.0,0,0.0,0,0.0,,,,,7,0.7,,,D,10,1 a 249,1405100150016
51,Juanacatlán,16,Los Arcos,0016,0,0.0,0,0.0,,,,,3,0.25,6,0.5,0,0.0,D,12,1 a 249,1405100160016
51,Juanacatlán,17,La Atarjea,0016,,,,,3,0.13636363636363635,4,0.18181818181818182,6,0.2727272727272727,7,0.3181818181818182,0,0.0,D,22,1 a 249,1405100170016
51,Juanacatlán,19,La Colonia,0016,0,0.0,0,0.0,,,,,0,0.0,3,0.6,0,0.0,D,5,1 a 249,1405100190016
51,Juanacatlán,21,La Estancia,0016,,,0,0.0,,,3,0.23076923076923078,4,0.3076923076923077,3,0.23076923076923078,,,D+,13,1 a 249,1405100210016
51,Juanacatlán,24,La Haciendita,0016,0,0.0,0,0.0,,,,,0,0.0,,,0,0.0,D,3,1 a 249,1405100240016
51,Juanacatlán,27,La Mezcalilla,0035,,,,,5,0.10204081632653061,12,0.24489795918367346,10,0.20408163265306123,14,0.2857142857142857,4,0.08163265306122448,D,49,1 a 249,1405100270035
51,Juanacatlán,28,Las Palmas,0016,,,,,,,,,,,,,,,,,1 a 249,1405100280016
51,Juanacatlán,29,Rancho los Sánchez (Los Laureles),0035,,,,,,,,,,,,,,,,,1 a 249,1405100290035
51,Juanacatlán,30,Rancho los Serrano,0035,,,,,,,,,,,,,,,,,1 a 249,1405100300035
51,Juanacatlán,31,Rancho San Luis,0016,,,,,,,,,,,,,,,,,1 a 249,1405100310016
51,Juanacatlán,35,Los Toriles,0016,,,,,,,,,,,,,,,,,1 a 249,1405100350016
51,Juanacatlán,36,El Trapiche,0016,,,,,,,,,,,,,,,,,1 a 249,1405100360016
51,Juanacatlán,39,El Varal,0016,0,0.0,0,0.0,,,0,0.0,0,0.0,,,0,0.0,D,3,1 a 249,1405100390016
51,Juanacatlán,43,La Miseria,0016,0,0.0,,,0,0.0,0,0.0,,,3,0.3333333333333333,3,0.3333333333333333,E,9,1 a 249,1405100430016
51,Juanacatlán,44,Rancho Buenavista,0016,,,,,,,,,,,,,,,,,1 a 249,1405100440016
51,Juanacatlán,48,La Presa,0035,,,,,,,,,,,,,,,,,1 a 249,1405100480035
70,El Salto,1,El Salto,0030,37,0.06654676258992806,64,0.11510791366906475,101,0.18165467625899281,103,0.18525179856115107,85,0.1528776978417266,127,0.22841726618705036,39,0.07014388489208633,D,556,"15,000 a 29,999",1407000010030
70,El Salto,1,El Salto,0045,59,0.07722513089005235,86,0.112565445026178,123,0.16099476439790575,128,0.16753926701570682,122,0.15968586387434555,193,0.2526178010471204,53,0.0693717277486911,D,764,"15,000 a 29,999",1407000010045
70,El Salto,1,El Salto,0098,35,0.0625,77,0.1375,108,0.19285714285714287,96,0.17142857142857143,95,0.16964285714285715,123,0.21964285714285714,26,0.04642857142857143,D,560,"15,000 a 29,999",1407000010098
70,El Salto,1,El Salto,0100,54,0.07171314741035857,95,0.12616201859229748,148,0.19654714475431606,140,0.18592297476759628,110,0.1460823373173971,168,0.22310756972111553,38,0.05046480743691899,D,753,"15,000 a 29,999",1407000010100
70,El Salto,1,El Salto,0115,42,0.06471494607087827,106,0.1633281972265023,139,0.21417565485362094,112,0.17257318952234207,99,0.15254237288135594,126,0.1941448382126348,25,0.03852080123266564,C,649,"15,000 a 29,999",1407000010115
70,El Salto,1,El Salto,012A,12,0.023483365949119372,53,0.10371819960861056,80,0.15655577299412915,110,0.21526418786692758,98,0.1917808219178082,134,0.2622309197651663,24,0.046966731898238745,D,511,"15,000 a 29,999",140700001012A
70,El Salto,1,El Salto,0134,55,0.05789473684210526,113,0.11894736842105263,174,0.1831578947368421,169,0.17789473684210527,158,0.16631578947368422,237,0.24947368421052632,44,0.04631578947368421,D,950,"15,000 a 29,999",1407000010134
70,El Salto,1,El Salto,037A,,,6,0.07692307692307693,7,0.08974358974358974,11,0.14102564102564102,16,0.20512820512820512,27,0.34615384615384615,10,0.1282051282051282,D,78,"15,000 a 29,999",140700001037A
70,El Salto,1,El Salto,0384,30,0.09375,51,0.159375,68,0.2125,54,0.16875,41,0.128125,66,0.20625,10,0.03125,C,320,"15,000 a 29,999",1407000010384
70,El Salto,1,El Salto,0399,8,0.04419889502762431,22,0.12154696132596685,35,0.19337016574585636,14,0.07734806629834254,19,0.10497237569060773,68,0.3756906077348066,15,0.08287292817679558,D,181,"15,000 a 29,999",1407000010399
70,El Salto,1,El Salto,0539,6,0.15789473684210525,,,7,0.18421052631578946,6,0.15789473684210525,5,0.13157894736842105,8,0.21052631578947367,4,0.10526315789473684,D,38,"15,000 a 29,999",1407000010539
70,El Salto,1,El Salto,0581,,,,,4,0.13793103448275862,3,0.10344827586206896,5,0.1724137931034483,11,0.3793103448275862,3,0.10344827586206896,D,29,"15,000 a 29,999",1407000010581
70,El Salto,1,El Salto,0685,,,8,0.10126582278481013,10,0.12658227848101267,10,0.12658227848101267,15,0.189873417721519,26,0.3291139240506329,8,0.10126582278481013,D,79,"15,000 a 29,999",1407000010685
70,El Salto,1,El Salto,069A,0,0.0,,,0,0.0,,,4,0.3333333333333333,4,0.3333333333333333,,,D,12,"15,000 a 29,999",140700001069A
70,El Salto,1,El Salto,0702,10,0.013812154696132596,39,0.05386740331491713,67,0.0925414364640884,90,0.12430939226519337,140,0.19337016574585636,318,0.43922651933701656,60,0.08287292817679558,D,724,"15,000 a 29,999",1407000010702
70,El Salto,1,El Salto,0717,7,0.032407407407407406,22,0.10185185185185185,31,0.14351851851851852,29,0.13425925925925927,39,0.18055555555555555,66,0.3055555555555556,22,0.10185185185185185,D,216,"15,000 a 29,999",1407000010717
70,El Salto,1,El Salto,0914,,,7,0.1044776119402985,8,0.11940298507462686,14,0.208955223880597,10,0.14925373134328357,20,0.29850746268656714,7,0.1044776119402985,D,67,"15,000 a 29,999",1407000010914
70,El Salto,1,El Salto,0929,,,0,0.0,3,0.13636363636363635,,,10,0.45454545454545453,4,0.18181818181818182,,,D+,22,"15,000 a 29,999",1407000010929
70,El Salto,1,El Salto,1043,0,0.0,0,0.0,,,5,0.29411764705882354,,,4,0.23529411764705882,4,0.23529411764705882,C-,17,"15,000 a 29,999",1407000011043
70,El Salto,1,El Salto,1058,3,0.00909090909090909,15,0.045454545454545456,38,0.11515151515151516,68,0.20606060606060606,84,0.2545454545454545,116,0.3515151515151515,6,0.01818181818181818,D,330,"15,000 a 29,999",1407000011058
70,El Salto,1,El Salto,1062,,,0,0.0,,,0,0.0,,,,,0,0.0,D+,6,"15,000 a 29,999",1407000011062
70,El Salto,1,El Salto,1217,0,0.0,0,0.0,0,0.0,,,0,0.0,8,0.5,6,0.375,D,16,"15,000 a 29,999",1407000011217
70,El Salto,1,El Salto,1240,0,0.0,0,0.0,,,5,0.0684931506849315,11,0.1506849315068493,41,0.5616438356164384,14,0.1917808219178082,D,73,"15,000 a 29,999",1407000011240
70,El Salto,1,El Salto,1274,0,0.0,0,0.0,0,0.0,,,3,0.3,4,0.4,,,D,10,"15,000 a 29,999",1407000011274
70,El Salto,1,El Salto,1289,0,0.0,,,,,0,0.0,,,4,0.4444444444444444,0,0.0,D,9,"15,000 a 29,999",1407000011289
70,El Salto,1,El Salto,1503,,,20,0.023474178403755867,61,0.0715962441314554,135,0.15845070422535212,184,0.215962441314554,391,0.45892018779342725,59,0.06924882629107981,D,852,"15,000 a 29,999",1407000011503
70,El Salto,2,La Azucena,140A,,,,,,,,,,,,,,,,,1 a 249,140700002140A
70,El Salto,4,El Cajón,140A,,,,,,,,,,,,,,,,,1 a 249,140700004140A
70,El Salto,9,Hacienda Vieja del Castillo (Castillo Viejo),140A,10,0.015408320493066256,30,0.046224961479198766,60,0.09244992295839753,81,0.12480739599383667,128,0.19722650231124808,286,0.4406779661016949,54,0.08320493066255778,D,649,"1,000 a 2,499",140700009140A
70,El Salto,11,El Muey,140A,6,0.011928429423459244,26,0.05168986083499006,51,0.10139165009940358,60,0.11928429423459244,91,0.18091451292246521,187,0.3717693836978131,82,0.16302186878727634,D,503,"1,000 a 2,499",140700011140A
70,El Salto,12,Palo Dulce,140A,0,0.0,0,0.0,0,0.0,,,,,3,0.5,,,D,6,1 a 249,140700012140A
70,El Salto,13,Las Pintas,005A,14,0.04081632653061224,28,0.08163265306122448,51,0.14868804664723032,49,0.14285714285714285,60,0.1749271137026239,104,0.3032069970845481,37,0.10787172011661808,D,343,"30,000 a 49,999",140700013005A
70,El Salto,13,Las Pintas,0083,39,0.05409153952843273,91,0.1262135922330097,126,0.17475728155339806,117,0.1622746185852982,114,0.15811373092926492,187,0.2593619972260749,47,0.0651872399445215,D,721,"30,000 a 49,999",1407000130083
70,El Salto,13,Las Pintas,0238,19,0.07142857142857142,24,0.09022556390977443,50,0.18796992481203006,50,0.18796992481203006,52,0.19548872180451127,58,0.21804511278195488,13,0.04887218045112782,D,266,"30,000 a 49,999",1407000130238
70,El Salto,13,Las Pintas,0327,43,0.04936854190585534,75,0.08610792192881746,148,0.16991963260619977,174,0.1997703788748565,130,0.14925373134328357,245,0.28128587830080365,56,0.0642939150401837,D,871,"30,000 a 49,999",1407000130327
70,El Salto,13,Las Pintas,0350,18,0.02107728337236534,43,0.05035128805620609,92,0.10772833723653395,134,0.15690866510538642,164,0.1920374707259953,288,0.3372365339578454,115,0.13466042154566746,D,854,"30,000 a 49,999",1407000130350
70,El Salto,13,Las Pintas,0365,32,0.04610951008645533,54,0.07780979827089338,100,0.1440922190201729,92,0.13256484149855907,118,0.17002881844380405,221,0.3184438040345821,77,0.11095100864553314,D,694,"30,000 a 49,999",1407000130365
70,El Salto,13,Las Pintas,0401,9,0.07894736842105263,15,0.13157894736842105,12,0.10526315789473684,19,0.16666666666666666,24,0.21052631578947367,25,0.21929824561403508,10,0.08771929824561403,D,114,"30,000 a 49,999",1407000130401
70,El Salto,13,Las Pintas,0416,36,0.04035874439461883,78,0.08744394618834081,157,0.17600896860986548,148,0.16591928251121077,140,0.15695067264573992,265,0.297085201793722,68,0.07623318385650224,D,892,"30,000 a 49,999",1407000130416
70,El Salto,13,Las Pintas,0420,13,0.02050473186119874,31,0.04889589905362776,77,0.12145110410094637,80,0.12618296529968454,95,0.1498422712933754,236,0.3722397476340694,102,0.1608832807570978,D,634,"30,000 a 49,999",1407000130420
70,El Salto,13,Las Pintas,0435,14,0.02456140350877193,34,0.05964912280701754,59,0.10350877192982456,67,0.11754385964912281,101,0.17719298245614035,238,0.41754385964912283,57,0.1,D,570,"30,000 a 49,999",1407000130435
70,El Salto,13,Las Pintas,0596,,,,,5,0.0423728813559322,12,0.1016949152542373,14,0.11864406779661017,53,0.4491525423728814,31,0.2627118644067797,D,118,"30,000 a 49,999",1407000130596
70,El Salto,13,Las Pintas,1429,20,0.02600780234070221,44,0.05721716514954486,82,0.10663198959687907,99,0.12873862158647595,155,0.20156046814044212,285,0.3706111833550065,84,0.10923276983094929,D,769,"30,000 a 49,999",1407000131429
70,El Salto,13,Las Pintas,1433,15,0.036855036855036855,33,0.08108108108108109,53,0.13022113022113022,52,0.12776412776412777,58,0.14250614250614252,157,0.3857493857493858,39,0.09582309582309582,D,407,"30,000 a 49,999",1407000131433
70,El Salto,13,Las Pintas,1448,15,0.01710376282782212,28,0.03192702394526796,73,0.08323831242873432,93,0.10604332953249715,118,0.1345496009122007,395,0.45039908779931587,155,0.17673888255416192,D,877,"30,000 a 49,999",1407000131448
70,El Salto,13,Las Pintas,1452,13,0.01870503597122302,35,0.050359712230215826,67,0.09640287769784173,87,0.1251798561151079,97,0.13956834532374102,278,0.4,118,0.1697841726618705,D,695,"30,000 a 49,999",1407000131452
70,El Salto,13,Las Pintas,1471,23,0.040998217468805706,66,0.11764705882352941,86,0.1532976827094474,80,0.14260249554367202,104,0.18538324420677363,151,0.26916221033868093,51,0.09090909090909091,D,561,"30,000 a 49,999",1407000131471
70,El Salto,13,Las Pintas,1486,37,0.04147982062780269,90,0.10089686098654709,131,0.1468609865470852,153,0.17152466367713004,162,0.18161434977578475,247,0.2769058295964126,72,0.08071748878923767,D,892,"30,000 a 49,999",1407000131486
70,El Salto,14,Las Pintitas,0219,12,0.031578947368421054,51,0.13421052631578947,55,0.14473684210526316,66,0.1736842105263158,52,0.1368421052631579,119,0.3131578947368421,25,0.06578947368421052,D,380,"15,000 a 29,999",1407000140219
70,El Salto,14,Las Pintitas,0223,17,0.03189493433395872,46,0.08630393996247655,81,0.15196998123827393,89,0.1669793621013133,89,0.1669793621013133,167,0.3133208255159475,44,0.0825515947467167,D,533,"15,000 a 29,999",1407000140223
70,El Salto,14,Las Pintitas,0276,33,0.04526748971193416,96,0.13168724279835392,68,0.09327846364883402,119,0.16323731138545952,104,0.14266117969821673,240,0.3292181069958848,69,0.09465020576131687,D,729,"15,000 a 29,999",1407000140276
70,El Salto,14,Las Pintitas,0280,25,0.06097560975609756,35,0.08536585365853659,61,0.14878048780487804,73,0.17804878048780487,69,0.16829268292682928,117,0.28536585365853656,30,0.07317073170731707,D,410,"15,000 a 29,999",1407000140280
70,El Salto,14,Las Pintitas,0346,19,0.037848605577689244,55,0.10956175298804781,66,0.13147410358565736,69,0.13745019920318724,95,0.1892430278884462,161,0.3207171314741036,37,0.07370517928286853,D,502,"15,000 a 29,999",1407000140346
70,El Salto,14,Las Pintitas,044A,17,0.029616724738675958,44,0.07665505226480836,76,0.13240418118466898,99,0.17247386759581881,95,0.16550522648083624,176,0.30662020905923343,67,0.11672473867595819,D,574,"15,000 a 29,999",140700014044A
70,El Salto,14,Las Pintitas,0454,0,0.0,,,,,,,,,8,0.5,,,D,16,"15,000 a 29,999",1407000140454
70,El Salto,14,Las Pintitas,0469,16,0.05211726384364821,27,0.08794788273615635,43,0.14006514657980457,47,0.15309446254071662,65,0.21172638436482086,91,0.2964169381107492,18,0.05863192182410423,D,307,"15,000 a 29,999",1407000140469
70,El Salto,14,Las Pintitas,0473,,,5,0.04854368932038835,19,0.18446601941747573,15,0.14563106796116504,16,0.1553398058252427,32,0.3106796116504854,14,0.13592233009708737,D,103,"15,000 a 29,999",1407000140473
70,El Salto,14,Las Pintitas,0488,6,0.012320328542094456,31,0.06365503080082136,44,0.09034907597535935,65,0.13347022587268995,77,0.15811088295687886,181,0.37166324435318276,83,0.1704312114989733,D,487,"15,000 a 29,999",1407000140488
70,El Salto,14,Las Pintitas,0543,10,0.07092198581560284,11,0.07801418439716312,17,0.12056737588652482,16,0.11347517730496454,18,0.1276595744680851,55,0.3900709219858156,14,0.09929078014184398,D,141,"15,000 a 29,999",1407000140543
70,El Salto,14,Las Pintitas,0558,81,0.38388625592417064,51,0.24170616113744076,38,0.18009478672985782,20,0.0947867298578199,12,0.05687203791469194,9,0.04265402843601896,0,0.0,A/B,211,"15,000 a 29,999",1407000140558
70,El Salto,14,Las Pintitas,0609,,,9,0.054878048780487805,13,0.07926829268292683,20,0.12195121951219512,34,0.2073170731707317,64,0.3902439024390244,23,0.1402439024390244,D,164,"15,000 a 29,999",1407000140609
70,El Salto,14,Las Pintitas,0774,8,0.0299625468164794,13,0.04868913857677903,29,0.10861423220973783,39,0.14606741573033707,38,0.14232209737827714,107,0.40074906367041196,33,0.12359550561797752,D,267,"15,000 a 29,999",1407000140774
70,El Salto,14,Las Pintitas,0810,4,0.014760147601476014,14,0.05166051660516605,24,0.08856088560885608,27,0.0996309963099631,43,0.15867158671586715,110,0.4059040590405904,49,0.18081180811808117,D,271,"15,000 a 29,999",1407000140810
70,El Salto,14,Las Pintitas,0825,42,0.056,58,0.07733333333333334,107,0.14266666666666666,135,0.18,116,0.15466666666666667,238,0.31733333333333336,54,0.072,D,750,"15,000 a 29,999",1407000140825
70,El Salto,14,Las Pintitas,083A,24,0.047244094488188976,39,0.07677165354330709,47,0.09251968503937008,94,0.18503937007874016,89,0.17519685039370078,157,0.3090551181102362,58,0.1141732283464567,D,508,"15,000 a 29,999",140700014083A
70,El Salto,14,Las Pintitas,0844,27,0.056016597510373446,45,0.09336099585062241,85,0.17634854771784234,77,0.15975103734439833,86,0.17842323651452283,132,0.27385892116182575,30,0.06224066390041494,D,482,"15,000 a 29,999",1407000140844
70,El Salto,14,Las Pintitas,0859,32,0.0735632183908046,62,0.1425287356321839,72,0.16551724137931034,74,0.17011494252873563,70,0.16091954022988506,96,0.2206896551724138,29,0.06666666666666667,D,435,"15,000 a 29,999",1407000140859
70,El Salto,14,Las Pintitas,0948,0,0.0,0,0.0,,,0,0.0,,,4,0.5,0,0.0,D,8,"15,000 a 29,999",1407000140948
70,El Salto,14,Las Pintitas,1077,0,0.0,,,,,,,,,,,0,0.0,C,6,"15,000 a 29,999",1407000141077
70,El Salto,20,San José del Castillo,0079,39,0.039634146341463415,129,0.13109756097560976,171,0.17378048780487804,198,0.20121951219512196,167,0.16971544715447154,253,0.2571138211382114,27,0.027439024390243903,D,984,"30,000 a 49,999",1407000200079
70,El Salto,20,San José del Castillo,0191,31,0.040364583333333336,71,0.09244791666666667,119,0.15494791666666666,109,0.14192708333333334,142,0.18489583333333334,233,0.3033854166666667,63,0.08203125,D,768,"30,000 a 49,999",1407000200191
70,El Salto,20,San José del Castillo,0204,23,0.0465587044534413,48,0.09716599190283401,94,0.1902834008097166,72,0.145748987854251,80,0.16194331983805668,138,0.2793522267206478,39,0.07894736842105263,D,494,"30,000 a 49,999",1407000200204
70,El Salto,20,San José del Castillo,0242,13,0.049429657794676805,34,0.12927756653992395,45,0.17110266159695817,39,0.1482889733840304,42,0.1596958174904943,76,0.2889733840304182,14,0.053231939163498096,D,263,"30,000 a 49,999",1407000200242
70,El Salto,20,San José del Castillo,0261,15,0.10416666666666667,12,0.08333333333333333,30,0.20833333333333334,25,0.1736111111111111,25,0.1736111111111111,35,0.24305555555555555,,,D,144,"30,000 a 49,999",1407000200261
70,El Salto,20,San José del Castillo,0613,0,0.0,17,0.14912280701754385,21,0.18421052631578946,27,0.23684210526315788,23,0.20175438596491227,19,0.16666666666666666,7,0.06140350877192982,C-,114,"30,000 a 49,999",1407000200613
70,El Salto,20,San José del Castillo,0789,13,0.005871725383920506,67,0.03026196928635953,191,0.08626919602529359,370,0.16711833785004518,548,0.24751580849141824,1004,0.45347786811201446,21,0.009485094850948509,D,2214,"30,000 a 49,999",1407000200789
70,El Salto,20,San José del Castillo,0793,,,,,,,0,0.0,5,0.3125,5,0.3125,3,0.1875,D,16,"30,000 a 49,999",1407000200793
70,El Salto,20,San José del Castillo,0933,4,0.0392156862745098,7,0.06862745098039216,12,0.11764705882352941,13,0.12745098039215685,24,0.23529411764705882,35,0.3431372549019608,7,0.06862745098039216,D,102,"30,000 a 49,999",1407000200933
70,El Salto,20,San José del Castillo,1221,0,0.0,,,3,0.375,0,0.0,,,,,,,C,8,"30,000 a 49,999",1407000201221
70,El Salto,20,San José del Castillo,1236,41,0.03835360149672591,154,0.14405986903648269,239,0.2235734331150608,239,0.2235734331150608,196,0.1833489242282507,188,0.17586529466791395,12,0.011225444340505144,C-,1069,"30,000 a 49,999",1407000201236
70,El Salto,20,San José del Castillo,1255,21,0.04487179487179487,66,0.14102564102564102,95,0.202991452991453,104,0.2222222222222222,89,0.19017094017094016,91,0.19444444444444445,,,C-,468,"30,000 a 49,999",1407000201255
70,El Salto,20,San José del Castillo,126A,0,0.0,18,0.02050113895216401,51,0.05808656036446469,147,0.1674259681093394,226,0.25740318906605925,432,0.4920273348519362,4,0.004555808656036446,D,878,"30,000 a 49,999",140700020126A
70,El Salto,20,San José del Castillo,1382,25,0.019904458598726114,135,0.10748407643312102,240,0.1910828025477707,272,0.21656050955414013,270,0.21496815286624205,305,0.2428343949044586,9,0.007165605095541401,D,1256,"30,000 a 49,999",1407000201382
70,El Salto,20,San José del Castillo,1397,15,0.005468465184104995,99,0.03609187021509296,259,0.0944221655122129,466,0.16988698505286182,668,0.24352898286547575,1215,0.44294567991250455,21,0.007655851257746992,D,2743,"30,000 a 49,999",1407000201397
70,El Salto,21,San José el Verde (El Verde),0721,0,0.0,6,0.03508771929824561,23,0.13450292397660818,39,0.22807017543859648,30,0.17543859649122806,61,0.3567251461988304,12,0.07017543859649122,D,171,"15,000 a 29,999",1407000210721
70,El Salto,21,San José el Verde (El Verde),0736,26,0.03741007194244604,52,0.07482014388489208,116,0.1669064748201439,125,0.17985611510791366,143,0.20575539568345325,206,0.29640287769784174,27,0.03884892086330935,D,695,"15,000 a 29,999",1407000210736
70,El Salto,21,San José el Verde (El Verde),0740,,,4,0.043478260869565216,9,0.09782608695652174,15,0.16304347826086957,18,0.1956521739130435,37,0.40217391304347827,8,0.08695652173913043,D,92,"15,000 a 29,999",1407000210740
70,El Salto,21,San José el Verde (El Verde),0755,,,6,0.047244094488188976,15,0.11811023622047244,14,0.11023622047244094,19,0.14960629921259844,54,0.4251968503937008,18,0.14173228346456693,D,127,"15,000 a 29,999",1407000210755
70,El Salto,21,San José el Verde (El Verde),076A,4,0.029197080291970802,7,0.051094890510948905,6,0.043795620437956206,15,0.10948905109489052,16,0.11678832116788321,56,0.40875912408759124,33,0.24087591240875914,D,137,"15,000 a 29,999",140700021076A
70,El Salto,21,San José el Verde (El Verde),0967,3,0.0125,17,0.07083333333333333,25,0.10416666666666667,43,0.17916666666666667,44,0.18333333333333332,104,0.43333333333333335,4,0.016666666666666666,D,240,"15,000 a 29,999",1407000210967
70,El Salto,21,San José el Verde (El Verde),1005,16,0.033402922755741124,23,0.04801670146137787,52,0.10855949895615867,54,0.1127348643006263,85,0.17745302713987474,186,0.3883089770354906,63,0.1315240083507307,D,479,"15,000 a 29,999",1407000211005
70,El Salto,21,San José el Verde (El Verde),101A,25,0.026680896478121666,61,0.06510138740661686,96,0.10245464247598719,126,0.1344717182497332,171,0.1824973319103522,372,0.39701173959445035,86,0.09178228388473852,D,937,"15,000 a 29,999",140700021101A
70,El Salto,21,San José el Verde (El Verde),1096,9,0.019823788546255508,19,0.04185022026431718,43,0.0947136563876652,64,0.14096916299559473,74,0.16299559471365638,183,0.40308370044052866,62,0.13656387665198239,D,454,"15,000 a 29,999",1407000211096
70,El Salto,21,San José el Verde (El Verde),1109,9,0.023255813953488372,25,0.06459948320413436,39,0.10077519379844961,57,0.14728682170542637,76,0.19638242894056848,136,0.35142118863049093,45,0.11627906976744186,D,387,"15,000 a 29,999",1407000211109
70,El Salto,21,San José el Verde (El Verde),1113,8,0.014209591474245116,30,0.05328596802841918,79,0.14031971580817051,88,0.15630550621669628,115,0.20426287744227353,220,0.3907637655417407,23,0.04085257548845471,D,563,"15,000 a 29,999",1407000211113
70,El Salto,21,San José el Verde (El Verde),1128,12,0.018808777429467086,51,0.07993730407523511,72,0.11285266457680251,95,0.14890282131661442,118,0.18495297805642633,234,0.3667711598746082,56,0.0877742946708464,D,638,"15,000 a 29,999",1407000211128
70,El Salto,21,San José el Verde (El Verde),1151,14,0.03626943005181347,17,0.04404145077720207,44,0.11398963730569948,68,0.17616580310880828,71,0.18393782383419688,144,0.37305699481865284,28,0.07253886010362694,D,386,"15,000 a 29,999",1407000211151
70,El Salto,21,San José el Verde (El Verde),1185,3,0.027522935779816515,15,0.13761467889908258,13,0.11926605504587157,15,0.13761467889908258,17,0.1559633027522936,33,0.30275229357798167,13,0.11926605504587157,D,109,"15,000 a 29,999",1407000211185
70,El Salto,21,San José el Verde (El Verde),119A,0,0.0,,,4,0.05970149253731343,7,0.1044776119402985,15,0.22388059701492538,28,0.417910447761194,11,0.16417910447761194,D,67,"15,000 a 29,999",140700021119A
70,El Salto,26,El Mirador,140A,,,,,,,,,,,,,,,,,1 a 249,140700026140A
70,El Salto,27,La Lorena,140A,,,,,,,,,,,,,,,,,1 a 249,140700027140A
70,El Salto,34,San Miguel,140A,0,0.0,0,0.0,0,0.0,,,,,6,0.5,4,0.3333333333333333,D,12,1 a 249,140700034140A
70,El Salto,35,El Sabino,140A,0,0.0,0,0.0,0,0.0,0,0.0,,,3,0.6,,,D,5,1 a 249,140700035140A
70,El Salto,43,El Quince (San José el Quince),0295,27,0.027720739219712527,61,0.06262833675564682,90,0.09240246406570841,160,0.16427104722792607,161,0.16529774127310062,355,0.364476386036961,120,0.12320328542094455,D,974,"15,000 a 29,999",1407000430295
70,El Salto,43,El Quince (San José el Quince),0308,10,0.016025641025641024,21,0.03365384615384615,59,0.09455128205128205,68,0.10897435897435898,101,0.16185897435897437,269,0.4310897435897436,96,0.15384615384615385,D,624,"15,000 a 29,999",1407000430308
70,El Salto,43,El Quince (San José el Quince),0492,4,0.013071895424836602,11,0.03594771241830065,31,0.10130718954248366,31,0.10130718954248366,59,0.19281045751633988,130,0.42483660130718953,40,0.13071895424836602,D,306,"15,000 a 29,999",1407000430492
70,El Salto,43,El Quince (San José el Quince),0505,3,0.018292682926829267,6,0.036585365853658534,19,0.11585365853658537,17,0.10365853658536585,27,0.16463414634146342,66,0.4024390243902439,26,0.15853658536585366,D,164,"15,000 a 29,999",1407000430505
70,El Salto,43,El Quince (San José el Quince),0628,0,0.0,,,,,4,0.3076923076923077,,,4,0.3076923076923077,,,D,13,"15,000 a 29,999",1407000430628
70,El Salto,43,El Quince (San José el Quince),0632,0,0.0,,,0,0.0,,,,,4,0.3333333333333333,4,0.3333333333333333,E,12,"15,000 a 29,999",1407000430632
70,El Salto,43,El Quince (San José el Quince),0647,,,,,,,4,0.14814814814814814,6,0.2222222222222222,11,0.4074074074074074,,,D,27,"15,000 a 29,999",1407000430647
70,El Salto,43,El Quince (San José el Quince),0651,,,,,3,0.04411764705882353,3,0.04411764705882353,12,0.17647058823529413,29,0.4264705882352941,18,0.2647058823529412,D,68,"15,000 a 29,999",1407000430651
70,El Salto,43,El Quince (San José el Quince),0666,0,0.0,,,,,,,,,,,,,E,7,"15,000 a 29,999",1407000430666
70,El Salto,43,El Quince (San José el Quince),0806,3,0.014218009478672985,10,0.04739336492890995,30,0.14218009478672985,25,0.11848341232227488,43,0.2037914691943128,84,0.3981042654028436,16,0.07582938388625593,D,211,"15,000 a 29,999",1407000430806
70,El Salto,43,El Quince (San José el Quince),0897,12,0.017241379310344827,36,0.05172413793103448,55,0.07902298850574713,87,0.125,108,0.15517241379310345,294,0.4224137931034483,104,0.14942528735632185,D,696,"15,000 a 29,999",1407000430897
70,El Salto,43,El Quince (San José el Quince),090A,9,0.02830188679245283,12,0.03773584905660377,29,0.09119496855345911,46,0.14465408805031446,50,0.15723270440251572,136,0.4276729559748428,36,0.11320754716981132,D,318,"15,000 a 29,999",140700043090A
70,El Salto,43,El Quince (San José el Quince),0971,0,0.0,4,0.06451612903225806,10,0.16129032258064516,7,0.11290322580645161,5,0.08064516129032258,27,0.43548387096774194,9,0.14516129032258066,D,62,"15,000 a 29,999",1407000430971
70,El Salto,43,El Quince (San José el Quince),0986,0,0.0,0,0.0,0,0.0,,,0,0.0,,,3,0.6,E,5,"15,000 a 29,999",1407000430986
70,El Salto,43,El Quince (San José el Quince),0990,0,0.0,0,0.0,,,,,3,0.15789473684210525,8,0.42105263157894735,5,0.2631578947368421,D,19,"15,000 a 29,999",1407000430990
70,El Salto,43,El Quince (San José el Quince),1024,25,0.05555555555555555,41,0.09111111111111111,55,0.12222222222222222,49,0.10888888888888888,69,0.15333333333333332,161,0.35777777777777775,50,0.1111111111111111,D,450,"15,000 a 29,999",1407000431024
70,El Salto,43,El Quince (San José el Quince),1039,3,0.00946372239747634,13,0.04100946372239748,17,0.05362776025236593,34,0.10725552050473186,50,0.15772870662460567,133,0.4195583596214511,67,0.2113564668769716,D,317,"15,000 a 29,999",1407000431039
70,El Salto,43,El Quince (San José el Quince),1081,0,0.0,,,,,,,6,0.2727272727272727,6,0.2727272727272727,4,0.18181818181818182,D,22,"15,000 a 29,999",1407000431081
70,El Salto,43,El Quince (San José el Quince),1132,6,0.022641509433962263,7,0.026415094339622643,27,0.1018867924528302,33,0.12452830188679245,40,0.1509433962264151,107,0.4037735849056604,45,0.16981132075471697,D,265,"15,000 a 29,999",1407000431132
70,El Salto,43,El Quince (San José el Quince),1147,9,0.019148936170212766,20,0.0425531914893617,39,0.08297872340425531,49,0.10425531914893617,69,0.14680851063829786,196,0.41702127659574467,88,0.18723404255319148,D,470,"15,000 a 29,999",1407000431147
70,El Salto,43,El Quince (San José el Quince),1202,0,0.0,7,0.0374331550802139,9,0.0481283422459893,26,0.13903743315508021,37,0.19786096256684493,74,0.39572192513368987,34,0.18181818181818182,D,187,"15,000 a 29,999",1407000431202
70,El Salto,44,San Gabriel (Rancho de los Magaña),1166,,,,,,,,,,,,,,,,,1 a 249,1407000441166
70,El Salto,51,Lomas del Ahogado,140A,0,0.0,,,,,,,5,0.14285714285714285,12,0.34285714285714286,13,0.37142857142857144,E,35,1 a 249,140700051140A
70,El Salto,61,Ninguno,140A,,,0,0.0,0,0.0,,,0,0.0,0,0.0,0,0.0,C-,3,1 a 249,140700061140A
70,El Salto,64,La Alameda [Fraccionamiento],1293,5,0.012106537530266344,24,0.05811138014527845,50,0.12106537530266344,69,0.16707021791767554,72,0.17433414043583534,181,0.43825665859564167,12,0.029055690072639227,D,413,"2,500 a 4,999",1407000641293
70,El Salto,64,La Alameda [Fraccionamiento],1306,19,0.021689497716894976,84,0.0958904109589041,141,0.16095890410958905,150,0.17123287671232876,146,0.16666666666666666,297,0.339041095890411,39,0.04452054794520548,D,876,"2,500 a 4,999",1407000641306
70,El Salto,83,El Porrón (Uvalano),140A,,,,,,,,,,,,,,,,,1 a 249,140700083140A
70,El Salto,86,Ninguno,140A,0,0.0,,,3,0.17647058823529413,,,6,0.35294117647058826,5,0.29411764705882354,0,0.0,D+,17,1 a 249,140700086140A
70,El Salto,89,San Bartolo,140A,0,0.0,0,0.0,0,0.0,0,0.0,,,,,,,D+,4,1 a 249,140700089140A
70,El Salto,96,El Gigante,1414,0,0.0,,,,,,,,,3,0.2727272727272727,3,0.2727272727272727,E,11,1 a 249,1407000961414
70,El Salto,105,El Salto,140A,0,0.0,,,,,3,0.25,,,4,0.3333333333333333,0,0.0,D,12,1 a 249,140700105140A
70,El Salto,111,Galaxia Bonito Jalisco,1310,8,0.014598540145985401,47,0.08576642335766424,90,0.16423357664233576,106,0.19343065693430658,116,0.2116788321167883,165,0.3010948905109489,16,0.029197080291970802,D,548,"15,000 a 29,999",1407001111310
70,El Salto,111,Galaxia Bonito Jalisco,1325,33,0.03270564915758176,112,0.1110009910802775,179,0.1774033696729435,250,0.24777006937561943,221,0.21902874132804756,197,0.1952428146679881,17,0.01684836471754212,C-,1009,"15,000 a 29,999",1407001111325
70,El Salto,111,Galaxia Bonito Jalisco,133A,7,0.003133393017009848,30,0.01342882721575649,138,0.06177260519247986,363,0.16248880931065354,556,0.24888093106535364,1017,0.45523724261414505,123,0.05505819158460161,D,2234,"15,000 a 29,999",140700111133A
70,El Salto,111,Galaxia Bonito Jalisco,1344,,,5,0.010548523206751054,32,0.06751054852320675,62,0.1308016877637131,83,0.1751054852320675,217,0.4578059071729958,73,0.1540084388185654,D,474,"15,000 a 29,999",1407001111344
70,El Salto,111,Galaxia Bonito Jalisco,1359,6,0.010344827586206896,19,0.032758620689655175,56,0.09655172413793103,82,0.1413793103448276,128,0.2206896551724138,232,0.4,57,0.09827586206896552,D,580,"15,000 a 29,999",1407001111359
70,El Salto,111,Galaxia Bonito Jalisco,1363,7,0.006896551724137931,43,0.042364532019704436,126,0.12413793103448276,180,0.17733990147783252,225,0.22167487684729065,364,0.3586206896551724,70,0.06896551724137931,D,1015,"15,000 a 29,999",1407001111363
70,El Salto,111,Galaxia Bonito Jalisco,1490,0,0.0,4,0.04878048780487805,11,0.13414634146341464,18,0.21951219512195122,16,0.1951219512195122,33,0.4024390243902439,0,0.0,D,82,"15,000 a 29,999",1407001111490
70,El Salto,114,Cerro Colorado (Rancho El Gran Chaparral),140A,,,,,,,,,,,,,,,,,1 a 249,140700114140A
70,El Salto,115,Lomas de Agua Blanca [Fraccionamiento],140A,0,0.0,0,0.0,,,0,0.0,0,0.0,,,4,0.6666666666666666,E,6,1 a 249,140700115140A
70,El Salto,116,Agua Blanca,1467,0,0.0,,,0,0.0,6,0.16666666666666666,7,0.19444444444444445,21,0.5833333333333334,,,D,36,"10,000 a 14,999",1407001161467
70,El Salto,117,Centro de Readaptación Social,1467,,,,,,,,,,,,,,,,,500 a 999,1407001171467
70,El Salto,118,Cerro Colorado,140A,0,0.0,,,0,0.0,,,,,,,0,0.0,D,5,1 a 249,140700118140A
70,El Salto,120,Lomas de San Miguel II,1467,8,0.02247191011235955,42,0.11797752808988764,79,0.22191011235955055,69,0.19382022471910113,72,0.20224719101123595,80,0.2247191011235955,6,0.016853932584269662,D,356,"1,000 a 2,499",1407001201467
70,El Salto,121,Lomas del Salto,1518,6,0.005063291139240506,31,0.026160337552742614,110,0.09282700421940929,204,0.17215189873417722,320,0.270042194092827,484,0.4084388185654008,30,0.02531645569620253,D,1185,"2,500 a 4,999",1407001211518
70,El Salto,124,Rancho Buenavista,1467,0,0.0,0,0.0,0,0.0,,,,,0,0.0,,,E,3,1 a 249,1407001241467
70,El Salto,125,Rancho el Portal,1467,0,,0,,0,,,,0,,,,0,,D,,1 a 249,1407001251467
70,El Salto,126,San Antonio Matute,1467,,,,,,,,,,,,,,,,,1 a 249,1407001261467
70,El Salto,127,Las Tuzas,1467,0,0.0,0,0.0,0,0.0,0,0.0,0,0.0,,,,,E,3,1 a 249,1407001271467
70,El Salto,128,Villas de Agua Blanca,1467,0,0.0,,,,,8,0.24242424242424243,10,0.30303030303030304,10,0.30303030303030304,,,D,33,1 a 249,1407001281467
70,El Salto,129,La Alcantarilla,140A,0,0.0,,,3,0.1111111111111111,4,0.14814814814814814,6,0.2222222222222222,10,0.37037037037037035,3,0.1111111111111111,D,27,1 a 249,140700129140A
70,El Salto,130,Rancho Pedregal,140A,,,,,,,,,,,,,,,,,1 a 249,140700130140A
70,El Salto,131,La Tarjea,140A,0,0.0,,,0,0.0,6,0.17647058823529413,4,0.11764705882352941,19,0.5588235294117647,4,0.11764705882352941,D,34,1 a 249,140700131140A
70,El Salto,132,Granja Lorena,140A,0,0.0,0,0.0,0,0.0,0,0.0,0,0.0,,,,,D,3,1 a 249,140700132140A
70,El Salto,133,El Mirador [Fraccionamiento],140A,0,0.0,0,0.0,0,0.0,3,0.15,6,0.3,10,0.5,,,D,20,1 a 249,140700133140A
70,El Salto,134,Parques del Triunfo,1467,6,0.006674082313681869,52,0.05784204671857619,114,0.12680756395995552,191,0.21245828698553948,241,0.26807563959955505,291,0.3236929922135706,4,0.004449388209121246,D,899,"2,500 a 4,999",1407001341467
97,Tlajomulco de Zúñiga,1,Tlajomulco de Zúñiga,0195,19,0.04157549234135667,45,0.09846827133479212,51,0.11159737417943107,79,0.17286652078774617,90,0.19693654266958424,148,0.3238512035010941,25,0.05470459518599562,D,457,"30,000 a 49,999",1409700010195
97,Tlajomulco de Zúñiga,1,Tlajomulco de Zúñiga,0208,9,0.0410958904109589,18,0.0821917808219178,36,0.1643835616438356,36,0.1643835616438356,42,0.1917808219178082,66,0.3013698630136986,12,0.0547945205479452,D,219,"30,000 a 49,999",1409700010208
97,Tlajomulco de Zúñiga,1,Tlajomulco de Zúñiga,0212,55,0.08744038155802862,116,0.18441971383147854,161,0.2559618441971383,111,0.17647058823529413,76,0.12082670906200318,98,0.15580286168521462,12,0.019077901430842606,C,629,"30,000 a 49,999",1409700010212
97,Tlajomulco de Zúñiga,1,Tlajomulco de Zúñiga,0513,3,0.12,,,5,0.2,3,0.12,6,0.24,6,0.24,0,0.0,D,25,"30,000 a 49,999",1409700010513
97,Tlajomulco de Zúñiga,1,Tlajomulco de Zúñiga,0528,32,0.08184143222506395,75,0.1918158567774936,88,0.22506393861892582,72,0.18414322250639387,72,0.18414322250639387,51,0.13043478260869565,,,C,391,"30,000 a 49,999",1409700010528
97,Tlajomulco de Zúñiga,1,Tlajomulco de Zúñiga,0532,16,0.025477707006369428,53,0.08439490445859872,124,0.19745222929936307,148,0.2356687898089172,127,0.20222929936305734,154,0.24522292993630573,6,0.009554140127388535,D,628,"30,000 a 49,999",1409700010532
97,Tlajomulco de Zúñiga,1,Tlajomulco de Zúñiga,0566,,,,,,,,,,,,,,,,,"30,000 a 49,999",1409700010566
97,Tlajomulco de Zúñiga,1,Tlajomulco de Zúñiga,0636,28,0.224,41,0.328,23,0.184,21,0.168,5,0.04,7,0.056,0,0.0,C+,125,"30,000 a 49,999",1409700010636
97,Tlajomulco de Zúñiga,1,Tlajomulco de Zúñiga,0918,38,0.050870147255689425,87,0.11646586345381527,133,0.17804551539491298,111,0.14859437751004015,148,0.19812583668005354,188,0.25167336010709507,42,0.05622489959839357,D,747,"30,000 a 49,999",1409700010918
97,Tlajomulco de Zúñiga,1,Tlajomulco de Zúñiga,0922,35,0.04074505238649592,75,0.08731082654249127,164,0.1909196740395809,155,0.18044237485448195,160,0.18626309662398138,230,0.26775320139697323,40,0.046565774155995346,D,859,"30,000 a 49,999",1409700010922
97,Tlajomulco de Zúñiga,1,Tlajomulco de Zúñiga,0937,28,0.037037037037037035,70,0.09259259259259259,111,0.14682539682539683,123,0.1626984126984127,120,0.15873015873015872,237,0.3134920634920635,67,0.08862433862433862,D,756,"30,000 a 49,999",1409700010937
97,Tlajomulco de Zúñiga,1,Tlajomulco de Zúñiga,0941,69,0.07348242811501597,163,0.17358892438764642,181,0.19275825346112885,171,0.18210862619808307,150,0.1597444089456869,171,0.18210862619808307,34,0.0362087326943557,C,939,"30,000 a 49,999",1409700010941
97,Tlajomulco de Zúñiga,1,Tlajomulco de Zúñiga,1085,0,0.0,3,0.25,0,0.0,5,0.4166666666666667,3,0.25,0,0.0,,,C-,12,"30,000 a 49,999",1409700011085
97,Tlajomulco de Zúñiga,1,Tlajomulco de Zúñiga,109A,8,0.13114754098360656,19,0.3114754098360656,12,0.19672131147540983,12,0.19672131147540983,5,0.08196721311475409,5,0.08196721311475409,0,0.0,C+,61,"30,000 a 49,999",140970001109A
97,Tlajomulco de Zúñiga,1,Tlajomulco de Zúñiga,1102,4,0.02857142857142857,17,0.12142857142857143,19,0.1357142857142857,29,0.20714285714285716,34,0.24285714285714285,36,0.2571428571428571,,,D,140,"30,000 a 49,999",1409700011102
97,Tlajomulco de Zúñiga,1,Tlajomulco de Zúñiga,1117,6,0.11538461538461539,13,0.25,12,0.23076923076923078,9,0.17307692307692307,7,0.1346153846153846,5,0.09615384615384616,0,0.0,C+,52,"30,000 a 49,999",1409700011117
97,Tlajomulco de Zúñiga,1,Tlajomulco de Zúñiga,1121,,,,,,,,,,,,,,,,,"30,000 a 49,999",1409700011121
97,Tlajomulco de Zúñiga,1,Tlajomulco de Zúñiga,1136,0,0.0,,,0,0.0,4,0.11428571428571428,6,0.17142857142857143,18,0.5142857142857142,5,0.14285714285714285,D,35,"30,000 a 49,999",1409700011136
97,Tlajomulco de Zúñiga,1,Tlajomulco de Zúñiga,1371,13,0.2765957446808511,18,0.3829787234042553,14,0.2978723404255319,,,0,0.0,0,0.0,0,0.0,C+,47,"30,000 a 49,999",1409700011371
97,Tlajomulco de Zúñiga,1,Tlajomulco de Zúñiga,1386,3,0.10714285714285714,6,0.21428571428571427,4,0.14285714285714285,4,0.14285714285714285,5,0.17857142857142858,5,0.17857142857142858,,,C+,28,"30,000 a 49,999",1409700011386
97,Tlajomulco de Zúñiga,1,Tlajomulco de Zúñiga,2098,37,0.030756442227763924,114,0.09476309226932668,231,0.19201995012468828,258,0.2144638403990025,267,0.22194513715710723,283,0.23524522028262676,13,0.010806317539484621,D,1203,"30,000 a 49,999",1409700012098
97,Tlajomulco de Zúñiga,1,Tlajomulco de Zúñiga,2100,37,0.03923647932131495,103,0.10922587486744433,171,0.18133616118769882,200,0.21208907741251326,202,0.2142099681866384,206,0.21845174973488865,24,0.02545068928950159,D,943,"30,000 a 49,999",1409700012100
97,Tlajomulco de Zúñiga,1,Tlajomulco de Zúñiga,2115,31,0.014726840855106888,227,0.10783847980997625,366,0.17387173396674585,484,0.22992874109263658,485,0.23040380047505937,483,0.22945368171021377,29,0.013776722090261283,D+,2105,"30,000 a 49,999",1409700012115
97,Tlajomulco de Zúñiga,1,Tlajomulco de Zúñiga,212A,19,0.06985294117647059,48,0.17647058823529413,50,0.18382352941176472,59,0.21691176470588236,46,0.16911764705882354,39,0.14338235294117646,11,0.04044117647058824,C-,272,"30,000 a 49,999",140970001212A
97,Tlajomulco de Zúñiga,1,Tlajomulco de Zúñiga,2134,5,0.008375209380234505,26,0.04355108877721943,59,0.09882747068676717,93,0.15577889447236182,141,0.23618090452261306,245,0.4103852596314908,28,0.04690117252931323,D,597,"30,000 a 49,999",1409700012134
97,Tlajomulco de Zúñiga,1,Tlajomulco de Zúñiga,2331,43,0.21393034825870647,76,0.3781094527363184,53,0.263681592039801,21,0.1044776119402985,6,0.029850746268656716,,,0,0.0,C+,201,"30,000 a 49,999",1409700012331
97,Tlajomulco de Zúñiga,1,Tlajomulco de Zúñiga,2346,0,0.0,3,0.024793388429752067,8,0.06611570247933884,25,0.2066115702479339,34,0.2809917355371901,45,0.371900826446281,6,0.049586776859504134,D,121,"30,000 a 49,999",1409700012346
97,Tlajomulco de Zúñiga,1,Tlajomulco de Zúñiga,3096,,,0,0.0,,,,,0,0.0,,,,,E,9,"30,000 a 49,999",1409700013096
97,Tlajomulco de Zúñiga,1,Tlajomulco de Zúñiga,3109,0,0.0,0,0.0,,,,,,,3,0.2727272727272727,5,0.45454545454545453,E,11,"30,000 a 49,999",1409700013109
97,Tlajomulco de Zúñiga,1,Tlajomulco de Zúñiga,3113,0,0.0,,,12,0.21052631578947367,11,0.19298245614035087,11,0.19298245614035087,18,0.3157894736842105,3,0.05263157894736842,D,57,"30,000 a 49,999",1409700013113
97,Tlajomulco de Zúñiga,1,Tlajomulco de Zúñiga,3128,5,0.11363636363636363,14,0.3181818181818182,12,0.2727272727272727,6,0.13636363636363635,6,0.13636363636363635,,,0,0.0,C+,44,"30,000 a 49,999",1409700013128
97,Tlajomulco de Zúñiga,1,Tlajomulco de Zúñiga,3132,,,5,0.018315018315018316,22,0.08058608058608059,43,0.1575091575091575,61,0.22344322344322345,128,0.46886446886446886,13,0.047619047619047616,D,273,"30,000 a 49,999",1409700013132
97,Tlajomulco de Zúñiga,3,Las Asturias [Fraccionamiento],059A,0,0.0,0,0.0,0,0.0,5,0.5555555555555556,,,,,,,C-,9,1 a 249,140970003059A
97,Tlajomulco de Zúñiga,4,San Juan Evangelista (San Juan),0123,7,0.0137524557956778,46,0.09037328094302555,54,0.10609037328094302,59,0.11591355599214145,90,0.17681728880157171,202,0.3968565815324165,51,0.10019646365422397,D,509,"1,000 a 2,499",1409700040123
97,Tlajomulco de Zúñiga,5,Cajititlán,0335,37,0.055891238670694864,73,0.11027190332326284,106,0.16012084592145015,110,0.1661631419939577,104,0.15709969788519637,185,0.2794561933534743,47,0.07099697885196375,D,662,"15,000 a 29,999",1409700050335
97,Tlajomulco de Zúñiga,5,Cajititlán,034A,31,0.06609808102345416,49,0.1044776119402985,58,0.12366737739872068,80,0.17057569296375266,101,0.21535181236673773,117,0.24946695095948826,33,0.07036247334754797,D,469,"15,000 a 29,999",140970005034A
97,Tlajomulco de Zúñiga,5,Cajititlán,0655,,,,,3,0.04477611940298507,10,0.14925373134328357,7,0.1044776119402985,38,0.5671641791044776,5,0.07462686567164178,D,67,"15,000 a 29,999",1409700050655
97,Tlajomulco de Zúñiga,5,Cajititlán,066A,0,0.0,,,,,0,0.0,4,0.5714285714285714,,,0,0.0,D+,7,"15,000 a 29,999",140970005066A
97,Tlajomulco de Zúñiga,5,Cajititlán,1314,0,0.0,0,0.0,,,0,0.0,,,0,0.0,0,0.0,D+,3,"15,000 a 29,999",1409700051314
97,Tlajomulco de Zúñiga,5,Cajititlán,1329,0,0.0,,,,,,,,,6,0.5454545454545454,0,0.0,D,11,"15,000 a 29,999",1409700051329
97,Tlajomulco de Zúñiga,5,Cajititlán,2581,,,0,0.0,,,,,,,,,,,D,9,"15,000 a 29,999",1409700052581
97,Tlajomulco de Zúñiga,5,Cajititlán,3147,,,31,0.034988713318284424,72,0.08126410835214447,190,0.2144469525959368,279,0.3148984198645598,303,0.34198645598194133,9,0.010158013544018058,D,886,"15,000 a 29,999",1409700053147
97,Tlajomulco de Zúñiga,5,Cajititlán,3151,,,27,0.084375,41,0.128125,77,0.240625,81,0.253125,88,0.275,5,0.015625,D,320,"15,000 a 29,999",1409700053151
97,Tlajomulco de Zúñiga,5,Cajititlán,3166,5,0.004166666666666667,34,0.028333333333333332,135,0.1125,262,0.21833333333333332,316,0.2633333333333333,425,0.3541666666666667,23,0.019166666666666665,D,1200,"15,000 a 29,999",1409700053166
97,Tlajomulco de Zúñiga,5,Cajititlán,3503,6,0.011214953271028037,29,0.05420560747663551,73,0.13644859813084112,111,0.20747663551401868,151,0.2822429906542056,159,0.297196261682243,6,0.011214953271028037,D,535,"15,000 a 29,999",1409700053503
97,Tlajomulco de Zúñiga,5,Cajititlán,3518,5,0.008347245409015025,15,0.025041736227045076,73,0.12186978297161936,136,0.2270450751252087,165,0.27545909849749584,202,0.337228714524207,3,0.005008347245409015,D,599,"15,000 a 29,999",1409700053518
97,Tlajomulco de Zúñiga,5,Cajititlán,3575,0,0.0,6,0.022900763358778626,45,0.1717557251908397,67,0.25572519083969464,65,0.2480916030534351,77,0.29389312977099236,,,D,262,"15,000 a 29,999",1409700053575
97,Tlajomulco de Zúñiga,5,Cajititlán,3768,,,,,3,0.057692307692307696,9,0.17307692307692307,17,0.3269230769230769,20,0.38461538461538464,0,0.0,D,52,"15,000 a 29,999",1409700053768
97,Tlajomulco de Zúñiga,6,La Calera,059A,16,0.02877697841726619,38,0.0683453237410072,75,0.13489208633093525,105,0.18884892086330934,108,0.19424460431654678,176,0.31654676258992803,38,0.0683453237410072,D,556,"1,000 a 2,499",140970006059A
97,Tlajomulco de Zúñiga,8,La Cañada,3679,0,0.0,,,,,4,0.18181818181818182,6,0.2727272727272727,9,0.4090909090909091,0,0.0,D,22,1 a 249,1409700083679
97,Tlajomulco de Zúñiga,9,El Capulín,2810,39,0.039473684210526314,158,0.15991902834008098,217,0.21963562753036436,190,0.19230769230769232,184,0.1862348178137652,166,0.1680161943319838,34,0.03441295546558704,C,988,"15,000 a 29,999",1409700092810
97,Tlajomulco de Zúñiga,9,El Capulín,2825,41,0.0622154779969651,79,0.11987860394537178,136,0.20637329286798178,145,0.22003034901365706,120,0.18209408194233687,131,0.19878603945371776,7,0.010622154779969651,C-,659,"15,000 a 29,999",1409700092825
97,Tlajomulco de Zúñiga,9,El Capulín,283A,17,0.027419354838709678,41,0.06612903225806452,116,0.1870967741935484,135,0.21774193548387097,147,0.23709677419354838,160,0.25806451612903225,4,0.0064516129032258064,D,620,"15,000 a 29,999",140970009283A
97,Tlajomulco de Zúñiga,9,El Capulín,2844,25,0.02824858757062147,84,0.09491525423728814,167,0.18870056497175142,200,0.22598870056497175,196,0.2214689265536723,204,0.2305084745762712,9,0.010169491525423728,D,885,"15,000 a 29,999",1409700092844
97,Tlajomulco de Zúñiga,9,El Capulín,2859,6,0.014319809069212411,26,0.06205250596658711,52,0.12410501193317422,86,0.2052505966587112,106,0.2529832935560859,132,0.315035799522673,11,0.026252983293556086,D,419,"15,000 a 29,999",1409700092859
97,Tlajomulco de Zúñiga,9,El Capulín,2863,10,0.010341261633919338,43,0.04446742502585315,131,0.13547052740434332,216,0.2233712512926577,234,0.2419855222337125,309,0.31954498448810753,24,0.02481902792140641,D,967,"15,000 a 29,999",1409700092863
97,Tlajomulco de Zúñiga,9,El Capulín,2878,7,0.013157894736842105,20,0.03759398496240601,66,0.12406015037593984,124,0.23308270676691728,122,0.22932330827067668,181,0.34022556390977443,12,0.022556390977443608,D,532,"15,000 a 29,999",1409700092878
97,Tlajomulco de Zúñiga,9,El Capulín,2882,7,0.010416666666666666,33,0.049107142857142856,96,0.14285714285714285,163,0.2425595238095238,157,0.23363095238095238,205,0.30505952380952384,11,0.01636904761904762,D,672,"15,000 a 29,999",1409700092882
97,Tlajomulco de Zúñiga,9,El Capulín,2897,,,15,0.0390625,55,0.14322916666666666,82,0.21354166666666666,83,0.21614583333333334,133,0.3463541666666667,14,0.036458333333333336,D,384,"15,000 a 29,999",1409700092897
97,Tlajomulco de Zúñiga,11,Cofradía,0104,15,0.027829313543599257,39,0.07235621521335807,78,0.14471243042671614,96,0.17810760667903525,107,0.19851576994434136,162,0.300556586270872,42,0.07792207792207792,D,539,"1,000 a 2,499",1409700110104
97,Tlajomulco de Zúñiga,13,Cruz Vieja (Soledad de Cruz Vieja),0104,5,0.031446540880503145,5,0.031446540880503145,20,0.12578616352201258,24,0.1509433962264151,26,0.16352201257861634,70,0.44025157232704404,9,0.05660377358490566,D,159,500 a 999,1409700130104
97,Tlajomulco de Zúñiga,14,Cuexcomatitlán,0123,15,0.02912621359223301,32,0.062135922330097085,56,0.1087378640776699,84,0.16310679611650486,95,0.18446601941747573,190,0.36893203883495146,43,0.08349514563106795,D,515,"1,000 a 2,499",1409700140123
97,Tlajomulco de Zúñiga,15,San Miguel Cuyutlán,0227,9,0.02601156069364162,29,0.0838150289017341,57,0.16473988439306358,63,0.18208092485549132,53,0.1531791907514451,114,0.32947976878612717,21,0.06069364161849711,D,346,"5,000 a 9,999",1409700150227
97,Tlajomulco de Zúñiga,15,San Miguel Cuyutlán,0674,6,0.040268456375838924,10,0.06711409395973154,15,0.10067114093959731,25,0.16778523489932887,28,0.18791946308724833,52,0.348993288590604,13,0.087248322147651,D,149,"5,000 a 9,999",1409700150674
97,Tlajomulco de Zúñiga,15,San Miguel Cuyutlán,0689,0,0.0,,,,,0,0.0,0,0.0,,,0,0.0,D,3,"5,000 a 9,999",1409700150689
97,Tlajomulco de Zúñiga,15,San Miguel Cuyutlán,0693,0,0.0,0,0.0,0,0.0,,,0,0.0,,,0,0.0,D,4,"5,000 a 9,999",1409700150693
97,Tlajomulco de Zúñiga,15,San Miguel Cuyutlán,0706,0,0.0,,,0,0.0,,,,,,,,,E,5,"5,000 a 9,999",1409700150706
97,Tlajomulco de Zúñiga,15,San Miguel Cuyutlán,0710,0,0.0,3,0.07692307692307693,3,0.07692307692307693,5,0.1282051282051282,11,0.28205128205128205,12,0.3076923076923077,5,0.1282051282051282,D,39,"5,000 a 9,999",1409700150710
97,Tlajomulco de Zúñiga,15,San Miguel Cuyutlán,0725,,,,,,,8,0.25,5,0.15625,13,0.40625,3,0.09375,D,32,"5,000 a 9,999",1409700150725
97,Tlajomulco de Zúñiga,15,San Miguel Cuyutlán,0956,28,0.05785123966942149,44,0.09090909090909091,63,0.13016528925619836,86,0.17768595041322313,74,0.15289256198347106,147,0.3037190082644628,42,0.08677685950413223,D,484,"5,000 a 9,999",1409700150956
97,Tlajomulco de Zúñiga,15,San Miguel Cuyutlán,0960,22,0.03486529318541997,53,0.08399366085578447,106,0.16798732171156894,127,0.20126782884310618,104,0.1648177496038035,177,0.2805071315372425,42,0.06656101426307448,D,631,"5,000 a 9,999",1409700150960
97,Tlajomulco de Zúñiga,15,San Miguel Cuyutlán,1333,0,0.0,,,3,0.23076923076923078,3,0.23076923076923078,3,0.23076923076923078,,,0,0.0,D+,13,"5,000 a 9,999",1409700151333
97,Tlajomulco de Zúñiga,15,San Miguel Cuyutlán,1348,,,,,,,,,,,,,,,,,"5,000 a 9,999",1409700151348
97,Tlajomulco de Zúñiga,15,San Miguel Cuyutlán,1723,0,0.0,,,0,0.0,0,0.0,,,4,0.5714285714285714,,,D,7,"5,000 a 9,999",1409700151723
97,Tlajomulco de Zúñiga,15,San Miguel Cuyutlán,1738,,,,,,,,,,,,,,,,,"5,000 a 9,999",1409700151738
97,Tlajomulco de Zúñiga,15,San Miguel Cuyutlán,2064,4,0.017937219730941704,12,0.053811659192825115,19,0.08520179372197309,44,0.19730941704035873,49,0.21973094170403587,85,0.3811659192825112,10,0.04484304932735426,D,223,"5,000 a 9,999",1409700152064
97,Tlajomulco de Zúñiga,15,San Miguel Cuyutlán,2492,,,,,,,,,,,,,,,,,"5,000 a 9,999",1409700152492
97,Tlajomulco de Zúñiga,15,San Miguel Cuyutlán,2539,0,0.0,,,0,0.0,,,,,10,0.7142857142857143,0,0.0,D,14,"5,000 a 9,999",1409700152539
97,Tlajomulco de Zúñiga,15,San Miguel Cuyutlán,3185,,,,,,,,,,,,,,,,,"5,000 a 9,999",1409700153185
97,Tlajomulco de Zúñiga,15,San Miguel Cuyutlán,319A,0,0.0,0,0.0,3,0.75,0,0.0,,,0,0.0,0,0.0,C,4,"5,000 a 9,999",140970015319A
97,Tlajomulco de Zúñiga,19,El Gallo,059A,,,,,,,3,0.17647058823529413,3,0.17647058823529413,6,0.35294117647058826,0,0.0,D,17,1 a 249,140970019059A
97,Tlajomulco de Zúñiga,20,Los Gavilanes,1013,883,0.4767818574514039,578,0.3120950323974082,248,0.13390928725701945,75,0.04049676025917927,35,0.018898488120950324,31,0.01673866090712743,,,A/B,1852,"5,000 a 9,999",1409700201013
97,Tlajomulco de Zúñiga,21,El Guaje (Vista Sur Residencial),3838,22,0.08627450980392157,112,0.4392156862745098,61,0.23921568627450981,32,0.12549019607843137,22,0.08627450980392157,6,0.023529411764705882,0,0.0,C+,255,"2,500 a 4,999",1409700213838
97,Tlajomulco de Zúñiga,21,El Guaje (Vista Sur Residencial),3842,47,0.10829493087557604,139,0.32027649769585254,112,0.25806451612903225,69,0.15898617511520738,47,0.10829493087557604,20,0.04608294930875576,0,0.0,C+,434,"2,500 a 4,999",1409700213842
97,Tlajomulco de Zúñiga,21,El Guaje (Vista Sur Residencial),3857,69,0.13193116634799235,204,0.390057361376673,145,0.27724665391969405,70,0.1338432122370937,25,0.04780114722753346,10,0.019120458891013385,0,0.0,C+,523,"2,500 a 4,999",1409700213857
97,Tlajomulco de Zúñiga,23,Lomas de Tejeda,2755,8,0.025806451612903226,29,0.0935483870967742,58,0.1870967741935484,56,0.18064516129032257,62,0.2,90,0.2903225806451613,7,0.02258064516129032,D,310,"2,500 a 4,999",1409700232755
97,Tlajomulco de Zúñiga,23,Lomas de Tejeda,276A,10,0.015503875968992248,24,0.037209302325581395,64,0.09922480620155039,90,0.13953488372093023,149,0.2310077519379845,282,0.4372093023255814,26,0.040310077519379844,D,645,"2,500 a 4,999",140970023276A
97,Tlajomulco de Zúñiga,23,Lomas de Tejeda,3202,5,0.012077294685990338,15,0.036231884057971016,49,0.11835748792270531,104,0.25120772946859904,91,0.21980676328502416,147,0.35507246376811596,3,0.007246376811594203,D,414,"2,500 a 4,999",1409700233202
97,Tlajomulco de Zúñiga,24,El Mirador,2308,0,0.0,,,6,0.11538461538461539,9,0.17307692307692307,9,0.17307692307692307,22,0.4230769230769231,5,0.09615384615384616,D,52,1 a 249,1409700242308
97,Tlajomulco de Zúñiga,25,San Agustín,0299,40,0.043668122270742356,118,0.12882096069868995,133,0.14519650655021835,172,0.18777292576419213,178,0.1943231441048035,225,0.24563318777292575,50,0.05458515283842795,D,916,"30,000 a 49,999",1409700250299
97,Tlajomulco de Zúñiga,25,San Agustín,0354,48,0.0587515299877601,109,0.13341493268053856,116,0.1419828641370869,131,0.16034271725826194,145,0.17747858017135862,217,0.26560587515299877,51,0.06242350061199511,D,817,"30,000 a 49,999",1409700250354
97,Tlajomulco de Zúñiga,25,San Agustín,0369,124,0.10376569037656903,242,0.20251046025104602,210,0.17573221757322174,197,0.16485355648535566,162,0.13556485355648534,224,0.18744769874476988,36,0.0301255230125523,C+,1195,"30,000 a 49,999",1409700250369
97,Tlajomulco de Zúñiga,25,San Agustín,0458,89,0.4972067039106145,56,0.3128491620111732,21,0.11731843575418995,6,0.0335195530726257,4,0.0223463687150838,3,0.01675977653631285,0,0.0,A/B,179,"30,000 a 49,999",1409700250458
97,Tlajomulco de Zúñiga,25,San Agustín,0462,103,0.21593291404612158,103,0.21593291404612158,106,0.2222222222222222,71,0.1488469601677149,46,0.09643605870020965,41,0.0859538784067086,7,0.014675052410901468,C,477,"30,000 a 49,999",1409700250462
97,Tlajomulco de Zúñiga,25,San Agustín,0477,227,0.24252136752136752,292,0.31196581196581197,183,0.1955128205128205,128,0.13675213675213677,57,0.060897435897435896,49,0.05235042735042735,0,0.0,C+,936,"30,000 a 49,999",1409700250477
97,Tlajomulco de Zúñiga,25,San Agustín,073A,9,0.42857142857142855,9,0.42857142857142855,,,,,0,0.0,0,0.0,0,0.0,C+,21,"30,000 a 49,999",140970025073A
97,Tlajomulco de Zúñiga,25,San Agustín,0759,0,0.0,,,,,0,0.0,,,4,0.5714285714285714,0,0.0,D,7,"30,000 a 49,999",1409700250759
97,Tlajomulco de Zúñiga,25,San Agustín,0763,441,0.3064628214037526,570,0.39610840861709523,263,0.18276580958999306,100,0.06949270326615706,35,0.024322446143154968,24,0.01667824878387769,6,0.004169562195969423,C+,1439,"30,000 a 49,999",1409700250763
97,Tlajomulco de Zúñiga,25,San Agustín,0778,3,0.07894736842105263,6,0.15789473684210525,5,0.13157894736842105,3,0.07894736842105263,10,0.2631578947368421,9,0.23684210526315788,,,D+,38,"30,000 a 49,999",1409700250778
97,Tlajomulco de Zúñiga,25,San Agustín,0782,31,0.36904761904761907,25,0.2976190476190476,6,0.07142857142857142,7,0.08333333333333333,,,10,0.11904761904761904,4,0.047619047619047616,A/B,84,"30,000 a 49,999",1409700250782
97,Tlajomulco de Zúñiga,25,San Agustín,0797,245,0.5408388520971302,142,0.31346578366445915,42,0.09271523178807947,13,0.02869757174392936,3,0.006622516556291391,6,0.013245033112582781,,,A/B,453,"30,000 a 49,999",1409700250797
97,Tlajomulco de Zúñiga,25,San Agustín,080A,231,0.20334507042253522,480,0.4225352112676056,242,0.2130281690140845,82,0.0721830985915493,59,0.05193661971830986,31,0.027288732394366196,11,0.009683098591549295,C+,1136,"30,000 a 49,999",140970025080A
97,Tlajomulco de Zúñiga,25,San Agustín,0814,140,0.17094017094017094,230,0.28083028083028083,114,0.1391941391941392,82,0.10012210012210013,71,0.08669108669108669,164,0.20024420024420025,18,0.02197802197802198,C+,819,"30,000 a 49,999",1409700250814
97,Tlajomulco de Zúñiga,25,San Agustín,0994,148,0.5670498084291188,66,0.25287356321839083,19,0.07279693486590039,14,0.05363984674329502,7,0.02681992337164751,7,0.02681992337164751,0,0.0,A/B,261,"30,000 a 49,999",1409700250994
97,Tlajomulco de Zúñiga,25,San Agustín,1193,0,0.0,,,0,0.0,0,0.0,,,,,0,0.0,D+,4,"30,000 a 49,999",1409700251193
97,Tlajomulco de Zúñiga,25,San Agustín,1206,5,0.024630541871921183,20,0.09852216748768473,41,0.2019704433497537,41,0.2019704433497537,33,0.1625615763546798,59,0.29064039408866993,4,0.019704433497536946,D,203,"30,000 a 49,999",1409700251206
97,Tlajomulco de Zúñiga,25,San Agustín,1210,21,0.08366533864541832,57,0.22709163346613545,82,0.32669322709163345,44,0.1752988047808765,30,0.11952191235059761,15,0.05976095617529881,,,C,251,"30,000 a 49,999",1409700251210
97,Tlajomulco de Zúñiga,25,San Agustín,1225,0,0.0,,,0,0.0,,,,,3,0.3,,,D,10,"30,000 a 49,999",1409700251225
97,Tlajomulco de Zúñiga,25,San Agustín,1297,16,0.16161616161616163,38,0.3838383838383838,24,0.24242424242424243,9,0.09090909090909091,9,0.09090909090909091,3,0.030303030303030304,0,0.0,C+,99,"30,000 a 49,999",1409700251297
97,Tlajomulco de Zúñiga,25,San Agustín,130A,133,0.5076335877862596,81,0.30916030534351147,37,0.14122137404580154,8,0.030534351145038167,3,0.011450381679389313,0,0.0,0,0.0,A/B,262,"30,000 a 49,999",140970025130A
97,Tlajomulco de Zúñiga,25,San Agustín,1390,151,0.3932291666666667,135,0.3515625,52,0.13541666666666666,25,0.06510416666666667,14,0.036458333333333336,7,0.018229166666666668,0,0.0,A/B,384,"30,000 a 49,999",1409700251390
97,Tlajomulco de Zúñiga,25,San Agustín,1403,29,0.42028985507246375,19,0.2753623188405797,9,0.13043478260869565,7,0.10144927536231885,3,0.043478260869565216,,,0,0.0,A/B,69,"30,000 a 49,999",1409700251403
97,Tlajomulco de Zúñiga,25,San Agustín,1418,103,0.35034013605442177,111,0.37755102040816324,51,0.17346938775510204,19,0.06462585034013606,8,0.027210884353741496,,,0,0.0,C+,294,"30,000 a 49,999",1409700251418
97,Tlajomulco de Zúñiga,25,San Agustín,1422,21,0.42,16,0.32,9,0.18,,,3,0.06,0,0.0,0,0.0,A/B,50,"30,000 a 49,999",1409700251422
97,Tlajomulco de Zúñiga,25,San Agustín,1456,16,0.02373887240356083,72,0.10682492581602374,112,0.1661721068249258,155,0.22997032640949555,144,0.21364985163204747,162,0.2403560830860534,13,0.019287833827893175,D,674,"30,000 a 49,999",1409700251456
97,Tlajomulco de Zúñiga,25,San Agustín,1460,4,0.12121212121212122,15,0.45454545454545453,6,0.18181818181818182,4,0.12121212121212122,,,3,0.09090909090909091,0,0.0,C+,33,"30,000 a 49,999",1409700251460
97,Tlajomulco de Zúñiga,25,San Agustín,1988,0,0.0,4,0.025157232704402517,13,0.08176100628930817,22,0.13836477987421383,38,0.2389937106918239,77,0.48427672955974843,5,0.031446540880503145,D,159,"30,000 a 49,999",1409700251988
97,Tlajomulco de Zúñiga,25,San Agustín,2191,12,0.42857142857142855,11,0.39285714285714285,,,3,0.10714285714285714,0,0.0,0,0.0,0,0.0,A/B,28,"30,000 a 49,999",1409700252191
97,Tlajomulco de Zúñiga,25,San Agustín,2204,125,0.42662116040955633,103,0.3515358361774744,42,0.14334470989761092,15,0.051194539249146756,5,0.017064846416382253,,,,,A/B,293,"30,000 a 49,999",1409700252204
97,Tlajomulco de Zúñiga,25,San Agustín,2223,328,0.5053929121725732,210,0.3235747303543914,51,0.07858243451463791,29,0.04468412942989214,15,0.023112480739599383,15,0.023112480739599383,,,A/B,649,"30,000 a 49,999",1409700252223
97,Tlajomulco de Zúñiga,25,San Agustín,2295,20,0.31746031746031744,24,0.38095238095238093,9,0.14285714285714285,6,0.09523809523809523,3,0.047619047619047616,,,0,0.0,C+,63,"30,000 a 49,999",1409700252295
97,Tlajomulco de Zúñiga,25,San Agustín,2399,9,0.02821316614420063,27,0.08463949843260188,43,0.13479623824451412,58,0.18181818181818182,37,0.11598746081504702,128,0.4012539184952978,17,0.05329153605015674,D,319,"30,000 a 49,999",1409700252399
97,Tlajomulco de Zúñiga,25,San Agustín,2420,13,0.4482758620689655,7,0.2413793103448276,4,0.13793103448275862,4,0.13793103448275862,,,0,0.0,0,0.0,A/B,29,"30,000 a 49,999",1409700252420
97,Tlajomulco de Zúñiga,25,San Agustín,2543,42,0.27631578947368424,51,0.3355263157894737,24,0.15789473684210525,16,0.10526315789473684,12,0.07894736842105263,7,0.046052631578947366,0,0.0,C+,152,"30,000 a 49,999",1409700252543
97,Tlajomulco de Zúñiga,25,San Agustín,2558,,,,,,,,,,,,,,,,,"30,000 a 49,999",1409700252558
97,Tlajomulco de Zúñiga,25,San Agustín,2562,11,0.2972972972972973,13,0.35135135135135137,3,0.08108108108108109,3,0.08108108108108109,,,,,3,0.08108108108108109,C+,37,"30,000 a 49,999",1409700252562
97,Tlajomulco de Zúñiga,25,San Agustín,2609,15,0.05928853754940711,40,0.15810276679841898,59,0.233201581027668,43,0.16996047430830039,41,0.16205533596837945,50,0.1976284584980237,5,0.019762845849802372,C,253,"30,000 a 49,999",1409700252609
97,Tlajomulco de Zúñiga,25,San Agustín,3005,79,0.42934782608695654,70,0.3804347826086957,20,0.10869565217391304,4,0.021739130434782608,4,0.021739130434782608,4,0.021739130434782608,3,0.016304347826086956,A/B,184,"30,000 a 49,999",1409700253005
97,Tlajomulco de Zúñiga,25,San Agustín,301A,,,,,,,,,,,,,,,,,"30,000 a 49,999",140970025301A
97,Tlajomulco de Zúñiga,25,San Agustín,3024,0,0.0,0,0.0,0,0.0,0,0.0,,,,,,,E,3,"30,000 a 49,999",1409700253024
97,Tlajomulco de Zúñiga,25,San Agustín,3039,0,0.0,,,,,0,0.0,0,0.0,,,0,0.0,D,3,"30,000 a 49,999",1409700253039
97,Tlajomulco de Zúñiga,25,San Agustín,3560,141,0.2660377358490566,224,0.4226415094339623,109,0.20566037735849058,39,0.07358490566037736,13,0.024528301886792454,4,0.007547169811320755,0,0.0,C+,530,"30,000 a 49,999",1409700253560
97,Tlajomulco de Zúñiga,25,San Agustín,3787,170,0.4461942257217848,159,0.41732283464566927,38,0.09973753280839895,10,0.026246719160104987,3,0.007874015748031496,,,0,0.0,A/B,381,"30,000 a 49,999",1409700253787
97,Tlajomulco de Zúñiga,25,San Agustín,3791,33,0.3626373626373626,39,0.42857142857142855,15,0.16483516483516483,3,0.03296703296703297,,,0,0.0,0,0.0,C+,91,"30,000 a 49,999",1409700253791
97,Tlajomulco de Zúñiga,25,San Agustín,3819,92,0.2920634920634921,140,0.4444444444444444,53,0.16825396825396827,22,0.06984126984126984,5,0.015873015873015872,3,0.009523809523809525,0,0.0,C+,315,"30,000 a 49,999",1409700253819
97,Tlajomulco de Zúñiga,26,El Potrerito [Granja],2416,,,,,,,,,,,,,,,,,1 a 249,1409700262416
97,Tlajomulco de Zúñiga,28,El Refugio,059A,21,0.06461538461538462,40,0.12307692307692308,48,0.1476923076923077,53,0.16307692307692306,44,0.13538461538461538,91,0.28,28,0.08615384615384615,D,325,"1,000 a 2,499",140970028059A
97,Tlajomulco de Zúñiga,31,San Lucas Evangelista,2774,12,0.027586206896551724,15,0.034482758620689655,29,0.06666666666666667,54,0.12413793103448276,70,0.16091954022988506,176,0.4045977011494253,79,0.18160919540229886,D,435,"2,500 a 4,999",1409700312774
97,Tlajomulco de Zúñiga,31,San Lucas Evangelista,2789,7,0.029661016949152543,14,0.059322033898305086,26,0.11016949152542373,39,0.1652542372881356,33,0.13983050847457626,95,0.4025423728813559,22,0.09322033898305085,D,236,"2,500 a 4,999",1409700312789
97,Tlajomulco de Zúñiga,31,San Lucas Evangelista,3630,0,0.0,0,0.0,0,0.0,0,0.0,,,3,0.375,3,0.375,E,8,"2,500 a 4,999",1409700313630
97,Tlajomulco de Zúñiga,32,San Sebastián el Grande,0053,50,0.036153289949385395,155,0.11207519884309472,240,0.1735357917570499,279,0.2017353579175705,237,0.17136659436008678,356,0.257411424439624,66,0.04772234273318872,D,1383,"15,000 a 29,999",1409700320053
97,Tlajomulco de Zúñiga,32,San Sebastián el Grande,0180,47,0.05032119914346895,96,0.10278372591006424,153,0.16381156316916487,162,0.1734475374732334,162,0.1734475374732334,260,0.278372591006424,54,0.057815845824411134,D,934,"15,000 a 29,999",1409700320180
97,Tlajomulco de Zúñiga,32,San Sebastián el Grande,0265,21,0.03074670571010249,60,0.08784773060029283,103,0.15080527086383602,89,0.13030746705710103,134,0.19619326500732065,213,0.3118594436310395,63,0.09224011713030747,D,683,"15,000 a 29,999",1409700320265
97,Tlajomulco de Zúñiga,32,San Sebastián el Grande,027A,17,0.035196687370600416,35,0.07246376811594203,70,0.14492753623188406,79,0.16356107660455488,105,0.21739130434782608,144,0.2981366459627329,33,0.06832298136645963,D,483,"15,000 a 29,999",140970032027A
97,Tlajomulco de Zúñiga,32,San Sebastián el Grande,0284,37,0.035204567078972404,107,0.10180780209324453,173,0.16460513796384396,193,0.18363463368220742,185,0.17602283539486205,276,0.2626070409134158,80,0.07611798287345385,D,1051,"15,000 a 29,999",1409700320284
97,Tlajomulco de Zúñiga,32,San Sebastián el Grande,0481,0,0.0,0,0.0,0,0.0,,,3,0.25,5,0.4166666666666667,,,D,12,"15,000 a 29,999",1409700320481
97,Tlajomulco de Zúñiga,32,San Sebastián el Grande,0496,,,3,0.10714285714285714,,,5,0.17857142857142858,7,0.25,7,0.25,4,0.14285714285714285,D,28,"15,000 a 29,999",1409700320496
97,Tlajomulco de Zúñiga,32,San Sebastián el Grande,0509,3,0.023255813953488372,7,0.05426356589147287,11,0.08527131782945736,20,0.15503875968992248,24,0.18604651162790697,45,0.3488372093023256,19,0.14728682170542637,D,129,"15,000 a 29,999",1409700320509
97,Tlajomulco de Zúñiga,32,San Sebastián el Grande,0829,32,0.0428380187416332,84,0.11244979919678715,192,0.2570281124497992,155,0.2074966532797858,140,0.18741633199464525,127,0.17001338688085676,17,0.022757697456492636,C,747,"15,000 a 29,999",1409700320829
97,Tlajomulco de Zúñiga,32,San Sebastián el Grande,0833,3,0.07894736842105263,3,0.07894736842105263,13,0.34210526315789475,6,0.15789473684210525,3,0.07894736842105263,10,0.2631578947368421,0,0.0,C,38,"15,000 a 29,999",1409700320833
97,Tlajomulco de Zúñiga,32,San Sebastián el Grande,1140,,,16,0.16326530612244897,16,0.16326530612244897,26,0.2653061224489796,13,0.1326530612244898,21,0.21428571428571427,4,0.04081632653061224,C-,98,"15,000 a 29,999",1409700321140
97,Tlajomulco de Zúñiga,32,San Sebastián el Grande,1155,0,0.0,,,4,0.18181818181818182,4,0.18181818181818182,,,6,0.2727272727272727,4,0.18181818181818182,D,22,"15,000 a 29,999",1409700321155
97,Tlajomulco de Zúñiga,32,San Sebastián el Grande,116A,18,0.0391304347826087,66,0.14347826086956522,85,0.18478260869565216,83,0.18043478260869567,94,0.20434782608695654,108,0.23478260869565218,6,0.013043478260869565,D,460,"15,000 a 29,999",140970032116A
97,Tlajomulco de Zúñiga,32,San Sebastián el Grande,1174,0,0.0,7,0.18421052631578946,5,0.13157894736842105,5,0.13157894736842105,11,0.2894736842105263,10,0.2631578947368421,0,0.0,D+,38,"15,000 a 29,999",1409700321174
97,Tlajomulco de Zúñiga,32,San Sebastián el Grande,1189,3,0.005952380952380952,35,0.06944444444444445,110,0.21825396825396826,143,0.2837301587301587,120,0.23809523809523808,85,0.16865079365079366,8,0.015873015873015872,C-,504,"15,000 a 29,999",1409700321189
97,Tlajomulco de Zúñiga,32,San Sebastián el Grande,1437,6,0.009950248756218905,52,0.08623548922056384,105,0.17412935323383086,144,0.23880597014925373,167,0.2769485903814262,120,0.19900497512437812,9,0.014925373134328358,D+,603,"15,000 a 29,999",1409700321437
97,Tlajomulco de Zúñiga,32,San Sebastián el Grande,1441,,,8,0.25,8,0.25,9,0.28125,3,0.09375,,,0,0.0,C-,32,"15,000 a 29,999",1409700321441
97,Tlajomulco de Zúñiga,32,San Sebastián el Grande,1831,3,0.03225806451612903,10,0.10752688172043011,20,0.21505376344086022,22,0.23655913978494625,23,0.24731182795698925,14,0.15053763440860216,,,D+,93,"15,000 a 29,999",1409700321831
97,Tlajomulco de Zúñiga,32,San Sebastián el Grande,1846,0,0.0,,,4,0.3076923076923077,,,,,4,0.3076923076923077,,,D,13,"15,000 a 29,999",1409700321846
97,Tlajomulco de Zúñiga,32,San Sebastián el Grande,1850,0,0.0,0,0.0,,,,,,,3,0.3333333333333333,0,0.0,D,9,"15,000 a 29,999",1409700321850
97,Tlajomulco de Zúñiga,32,San Sebastián el Grande,3217,0,0.0,,,,,3,0.07894736842105263,13,0.34210526315789475,14,0.3684210526315789,5,0.13157894736842105,D,38,"15,000 a 29,999",1409700323217
97,Tlajomulco de Zúñiga,33,Santa Cruz de la Loma (Tepetates),0015,9,0.02601156069364162,31,0.08959537572254335,57,0.16473988439306358,67,0.1936416184971098,56,0.16184971098265896,104,0.30057803468208094,22,0.06358381502890173,D,346,"1,000 a 2,499",1409700330015
97,Tlajomulco de Zúñiga,34,Santa Cruz de las Flores,0250,42,0.039961941008563276,116,0.11037107516650808,191,0.18173168411037108,200,0.19029495718363462,192,0.18268315889628925,267,0.25404376784015226,43,0.04091341579448145,D,1051,"10,000 a 14,999",1409700340250
97,Tlajomulco de Zúñiga,34,Santa Cruz de las Flores,0373,36,0.05142857142857143,75,0.10714285714285714,118,0.16857142857142857,128,0.18285714285714286,108,0.15428571428571428,201,0.28714285714285714,34,0.04857142857142857,D,700,"10,000 a 14,999",1409700340373
97,Tlajomulco de Zúñiga,34,Santa Cruz de las Flores,0388,25,0.04012841091492777,76,0.12199036918138041,114,0.18298555377207062,109,0.17495987158908508,111,0.1781701444622793,166,0.2664526484751204,22,0.03531300160513644,D,623,"10,000 a 14,999",1409700340388
97,Tlajomulco de Zúñiga,34,Santa Cruz de las Flores,0547,,,6,0.08333333333333333,12,0.16666666666666666,11,0.1527777777777778,9,0.125,29,0.4027777777777778,3,0.041666666666666664,D,72,"10,000 a 14,999",1409700340547
97,Tlajomulco de Zúñiga,34,Santa Cruz de las Flores,0848,,,3,0.13636363636363635,0,0.0,4,0.18181818181818182,3,0.13636363636363635,9,0.4090909090909091,,,D,22,"10,000 a 14,999",1409700340848
97,Tlajomulco de Zúñiga,34,Santa Cruz de las Flores,1352,0,0.0,3,0.05,5,0.08333333333333333,6,0.1,14,0.23333333333333334,29,0.48333333333333334,3,0.05,D,60,"10,000 a 14,999",1409700341352
97,Tlajomulco de Zúñiga,34,Santa Cruz de las Flores,1367,0,0.0,,,,,,,,,0,0.0,0,0.0,D+,6,"10,000 a 14,999",1409700341367
97,Tlajomulco de Zúñiga,34,Santa Cruz de las Flores,2079,158,0.24458204334365324,235,0.3637770897832817,135,0.2089783281733746,55,0.08513931888544891,33,0.05108359133126935,28,0.043343653250773995,,,C+,646,"10,000 a 14,999",1409700342079
97,Tlajomulco de Zúñiga,34,Santa Cruz de las Flores,2350,13,0.22807017543859648,19,0.3333333333333333,11,0.19298245614035087,8,0.14035087719298245,4,0.07017543859649122,,,0,0.0,C+,57,"10,000 a 14,999",1409700342350
97,Tlajomulco de Zúñiga,34,Santa Cruz de las Flores,2505,0,0.0,0,0.0,0,0.0,0,0.0,,,,,,,E,5,"10,000 a 14,999",1409700342505
97,Tlajomulco de Zúñiga,34,Santa Cruz de las Flores,3221,0,0.0,0,0.0,,,,,,,3,0.2727272727272727,3,0.2727272727272727,E,11,"10,000 a 14,999",1409700343221
97,Tlajomulco de Zúñiga,34,Santa Cruz de las Flores,3236,,,,,,,,,,,,,,,,,"10,000 a 14,999",1409700343236
97,Tlajomulco de Zúñiga,34,Santa Cruz de las Flores,3645,0,0.0,0,0.0,,,,,0,0.0,6,0.75,0,0.0,D,8,"10,000 a 14,999",1409700343645
97,Tlajomulco de Zúñiga,35,Santa Cruz del Valle,0138,162,0.0717766947275144,466,0.20646876384581303,434,0.19229065130704476,381,0.16880815241470978,347,0.1537439078422685,401,0.17766947275143996,66,0.02924235711120957,C+,2257,"30,000 a 49,999",1409700350138
97,Tlajomulco de Zúñiga,35,Santa Cruz del Valle,0231,32,0.0328879753340185,92,0.09455292908530319,147,0.1510791366906475,194,0.19938335046248715,186,0.19116135662898254,256,0.263103802672148,66,0.06783144912641316,D,973,"30,000 a 49,999",1409700350231
97,Tlajomulco de Zúñiga,35,Santa Cruz del Valle,0246,6,0.018461538461538463,24,0.07384615384615385,42,0.12923076923076923,50,0.15384615384615385,56,0.1723076923076923,114,0.3507692307692308,33,0.10153846153846154,D,325,"30,000 a 49,999",1409700350246
97,Tlajomulco de Zúñiga,35,Santa Cruz del Valle,0551,16,0.030418250950570342,56,0.10646387832699619,75,0.14258555133079848,96,0.18250950570342206,95,0.1806083650190114,153,0.2908745247148289,35,0.06653992395437262,D,526,"30,000 a 49,999",1409700350551
97,Tlajomulco de Zúñiga,35,Santa Cruz del Valle,0867,3,0.02727272727272727,,,9,0.08181818181818182,14,0.12727272727272726,18,0.16363636363636364,50,0.45454545454545453,14,0.12727272727272726,D,110,"30,000 a 49,999",1409700350867
97,Tlajomulco de Zúñiga,35,Santa Cruz del Valle,2435,0,0.0,5,0.11627906976744186,10,0.23255813953488372,14,0.32558139534883723,9,0.20930232558139536,5,0.11627906976744186,0,0.0,C-,43,"30,000 a 49,999",1409700352435
97,Tlajomulco de Zúñiga,35,Santa Cruz del Valle,3240,6,0.14634146341463414,6,0.14634146341463414,6,0.14634146341463414,6,0.14634146341463414,8,0.1951219512195122,9,0.21951219512195122,0,0.0,D,41,"30,000 a 49,999",1409700353240
97,Tlajomulco de Zúñiga,35,Santa Cruz del Valle,3556,,,15,0.0949367088607595,21,0.13291139240506328,28,0.17721518987341772,27,0.17088607594936708,55,0.34810126582278483,11,0.06962025316455696,D,158,"30,000 a 49,999",1409700353556
97,Tlajomulco de Zúñiga,35,Santa Cruz del Valle,3734,37,0.017177344475394613,209,0.09702878365831012,349,0.16202414113277622,468,0.21727019498607242,524,0.24326833797585887,539,0.2502321262766945,28,0.012999071494893221,D,2154,"30,000 a 49,999",1409700353734
97,Tlajomulco de Zúñiga,35,Santa Cruz del Valle,3772,,,35,0.02032520325203252,157,0.09117305458768873,340,0.19744483159117304,425,0.24680603948896632,746,0.4332171893147503,18,0.010452961672473868,D,1722,"30,000 a 49,999",1409700353772
97,Tlajomulco de Zúñiga,35,Santa Cruz del Valle,3823,,,,,,,7,0.3181818181818182,,,7,0.3181818181818182,,,D,22,"30,000 a 49,999",1409700353823
97,Tlajomulco de Zúñiga,37,La Teja,0104,,,,,5,0.1282051282051282,6,0.15384615384615385,8,0.20512820512820512,17,0.4358974358974359,,,D,39,1 a 249,1409700370104
97,Tlajomulco de Zúñiga,38,La Unión del Cuatro (San José del Valle),1795,15,0.045454545454545456,40,0.12121212121212122,45,0.13636363636363635,55,0.16666666666666666,34,0.10303030303030303,117,0.35454545454545455,24,0.07272727272727272,D,330,"5,000 a 9,999",1409700381795
97,Tlajomulco de Zúñiga,38,La Unión del Cuatro (San José del Valle),1808,14,0.03664921465968586,34,0.08900523560209424,56,0.14659685863874344,75,0.19633507853403143,63,0.1649214659685864,118,0.3089005235602094,22,0.05759162303664921,D,382,"5,000 a 9,999",1409700381808
97,Tlajomulco de Zúñiga,38,La Unión del Cuatro (San José del Valle),1812,0,0.0,,,,,5,0.19230769230769232,3,0.11538461538461539,9,0.34615384615384615,6,0.23076923076923078,D,26,"5,000 a 9,999",1409700381812
97,Tlajomulco de Zúñiga,38,La Unión del Cuatro (San José del Valle),1827,,,3,0.06818181818181818,7,0.1590909090909091,9,0.20454545454545456,9,0.20454545454545456,14,0.3181818181818182,,,D,44,"5,000 a 9,999",1409700381827
97,Tlajomulco de Zúñiga,38,La Unión del Cuatro (San José del Valle),2242,21,0.05722070844686648,61,0.16621253405994552,94,0.2561307901907357,82,0.22343324250681199,54,0.14713896457765668,52,0.14168937329700274,3,0.008174386920980926,C,367,"5,000 a 9,999",1409700382242
97,Tlajomulco de Zúñiga,38,La Unión del Cuatro (San José del Valle),2257,,,,,3,0.08571428571428572,4,0.11428571428571428,6,0.17142857142857143,17,0.4857142857142857,,,D,35,"5,000 a 9,999",1409700382257
97,Tlajomulco de Zúñiga,38,La Unión del Cuatro (San José del Valle),2384,19,0.152,39,0.312,35,0.28,17,0.136,13,0.104,,,,,C+,125,"5,000 a 9,999",1409700382384
97,Tlajomulco de Zúñiga,38,La Unión del Cuatro (San José del Valle),2524,,,,,4,0.06779661016949153,17,0.288135593220339,4,0.06779661016949153,32,0.5423728813559322,0,0.0,D,59,"5,000 a 9,999",1409700382524
97,Tlajomulco de Zúñiga,38,La Unión del Cuatro (San José del Valle),3255,0,0.0,18,0.06428571428571428,51,0.18214285714285713,56,0.2,75,0.26785714285714285,78,0.2785714285714286,,,D,280,"5,000 a 9,999",1409700383255
97,Tlajomulco de Zúñiga,39,El Ventarrón (San José de Buenavista),0104,0,0.0,0,0.0,3,0.21428571428571427,0,0.0,,,9,0.6428571428571429,,,D,14,1 a 249,1409700390104
97,Tlajomulco de Zúñiga,41,Zapote del Valle (Zapote de Santa Cruz),1009,4,0.02072538860103627,15,0.07772020725388601,24,0.12435233160621761,38,0.19689119170984457,41,0.21243523316062177,55,0.2849740932642487,16,0.08290155440414508,D,193,"5,000 a 9,999",1409700411009
97,Tlajomulco de Zúñiga,41,Zapote del Valle (Zapote de Santa Cruz),1259,35,0.043914680050188205,91,0.11417816813048934,118,0.1480552070263488,140,0.17565872020075282,134,0.16813048933500627,231,0.28983688833124216,48,0.060225846925972396,D,797,"5,000 a 9,999",1409700411259
97,Tlajomulco de Zúñiga,41,Zapote del Valle (Zapote de Santa Cruz),1263,39,0.04785276073619632,68,0.0834355828220859,125,0.15337423312883436,143,0.1754601226993865,139,0.1705521472392638,233,0.28588957055214725,68,0.0834355828220859,D,815,"5,000 a 9,999",1409700411263
97,Tlajomulco de Zúñiga,41,Zapote del Valle (Zapote de Santa Cruz),2149,0,0.0,,,,,,,,,9,0.5,4,0.2222222222222222,D,18,"5,000 a 9,999",1409700412149
97,Tlajomulco de Zúñiga,41,Zapote del Valle (Zapote de Santa Cruz),326A,,,,,,,,,,,,,,,,,"5,000 a 9,999",140970041326A
97,Tlajomulco de Zúñiga,41,Zapote del Valle (Zapote de Santa Cruz),3274,0,0.0,0,0.0,0,0.0,0,0.0,3,0.3,6,0.6,,,D,10,"5,000 a 9,999",1409700413274
97,Tlajomulco de Zúñiga,41,Zapote del Valle (Zapote de Santa Cruz),3289,0,0.0,0,0.0,0,0.0,,,,,5,0.5555555555555556,,,D,9,"5,000 a 9,999",1409700413289
97,Tlajomulco de Zúñiga,41,Zapote del Valle (Zapote de Santa Cruz),3293,,,,,,,,,,,,,,,,,"5,000 a 9,999",1409700413293
97,Tlajomulco de Zúñiga,41,Zapote del Valle (Zapote de Santa Cruz),3306,0,0.0,0,0.0,0,0.0,0,0.0,0,0.0,4,0.8,,,D,5,"5,000 a 9,999",1409700413306
97,Tlajomulco de Zúñiga,41,Zapote del Valle (Zapote de Santa Cruz),3310,0,0.0,,,,,0,0.0,3,0.21428571428571427,5,0.35714285714285715,3,0.21428571428571427,D,14,"5,000 a 9,999",1409700413310
97,Tlajomulco de Zúñiga,41,Zapote del Valle (Zapote de Santa Cruz),3325,0,0.0,0,0.0,0,0.0,0,0.0,4,0.3076923076923077,8,0.6153846153846154,,,D,13,"5,000 a 9,999",1409700413325
97,Tlajomulco de Zúñiga,41,Zapote del Valle (Zapote de Santa Cruz),333A,,,,,,,,,,,,,,,,,"5,000 a 9,999",140970041333A
97,Tlajomulco de Zúñiga,42,Los Potros,2308,,,,,,,,,,,,,,,,,1 a 249,1409700422308
97,Tlajomulco de Zúñiga,43,Buenavista,2613,17,0.04843304843304843,33,0.09401709401709402,57,0.1623931623931624,62,0.17663817663817663,51,0.1452991452991453,106,0.301994301994302,25,0.07122507122507123,D,351,"2,500 a 4,999",1409700432613
97,Tlajomulco de Zúñiga,43,Buenavista,2628,29,0.08579881656804733,35,0.10355029585798817,55,0.16272189349112426,53,0.15680473372781065,55,0.16272189349112426,88,0.2603550295857988,23,0.06804733727810651,D,338,"2,500 a 4,999",1409700432628
97,Tlajomulco de Zúñiga,45,El Cortijo,2416,7,0.010174418604651164,11,0.015988372093023256,43,0.0625,102,0.14825581395348839,154,0.2238372093023256,347,0.5043604651162791,24,0.03488372093023256,D,688,"1,000 a 2,499",1409700452416
97,Tlajomulco de Zúñiga,46,La Fortuna [Fraccionamiento],3861,0,0.0,17,0.017598343685300208,66,0.06832298136645963,208,0.2153209109730849,265,0.2743271221532091,402,0.4161490683229814,8,0.008281573498964804,D,966,"5,000 a 9,999",1409700463861
97,Tlajomulco de Zúñiga,46,La Fortuna [Fraccionamiento],3876,3,0.004739336492890996,5,0.007898894154818325,58,0.09162717219589257,125,0.19747235387045814,177,0.2796208530805687,254,0.40126382306477093,11,0.017377567140600316,D,633,"5,000 a 9,999",1409700463876
97,Tlajomulco de Zúñiga,48,El Cuervo,2308,0,0.0,0,0.0,0,0.0,0,0.0,0,0.0,,,3,0.75,E,4,1 a 249,1409700482308
97,Tlajomulco de Zúñiga,50,Muyután,3679,0,0.0,0,0.0,0,0.0,,,5,0.3333333333333333,8,0.5333333333333333,,,D,15,1 a 249,1409700503679
97,Tlajomulco de Zúñiga,51,El Tecolote,0104,0,0.0,,,3,0.13636363636363635,,,6,0.2727272727272727,9,0.4090909090909091,,,D,22,1 a 249,1409700510104
97,Tlajomulco de Zúñiga,55,El Malvaste,0104,0,0.0,0,0.0,0,0.0,0,0.0,0,0.0,4,0.8,,,D,5,1 a 249,1409700550104
97,Tlajomulco de Zúñiga,60,Acatitlán (Los Ranchitos),0104,,,0,0.0,,,,,9,0.2571428571428571,17,0.4857142857142857,4,0.11428571428571428,D,35,1 a 249,1409700600104
97,Tlajomulco de Zúñiga,75,El Puerto,2416,0,0.0,0,0.0,0,0.0,,,4,0.17391304347826086,10,0.43478260869565216,7,0.30434782608695654,D,23,1 a 249,1409700752416
97,Tlajomulco de Zúñiga,87,Rancho San Miguel,2416,,,,,,,,,,,,,,,,,1 a 249,1409700872416
97,Tlajomulco de Zúñiga,89,Los Ramos,2416,,,,,,,,,,,,,,,,,1 a 249,1409700892416
97,Tlajomulco de Zúñiga,93,Santa Anita [Club de Golf],1028,272,0.5141776937618148,150,0.2835538752362949,62,0.11720226843100189,26,0.04914933837429111,16,0.030245746691871456,3,0.005671077504725898,0,0.0,A/B,529,"1,000 a 2,499",1409700931028
97,Tlajomulco de Zúñiga,103,Las Ánimas,059A,0,0.0,,,,,,,0,0.0,,,0,0.0,C-,5,1 a 249,140970103059A
97,Tlajomulco de Zúñiga,105,Villa Hermosa (La Villa),2327,,,,,,,,,,,,,,,,,1 a 249,1409701052327
97,Tlajomulco de Zúñiga,106,Las Garzas,059A,0,0.0,0,0.0,0,0.0,,,4,0.26666666666666666,6,0.4,4,0.26666666666666666,D,15,1 a 249,140970106059A
97,Tlajomulco de Zúñiga,107,Aldea India,059A,0,0.0,0,0.0,0,0.0,0,0.0,,,,,0,0.0,D,4,1 a 249,140970107059A
97,Tlajomulco de Zúñiga,110,Tres Potrillos,059A,,,3,0.13636363636363635,3,0.13636363636363635,3,0.13636363636363635,6,0.2727272727272727,5,0.22727272727272727,,,D+,22,1 a 249,140970110059A
97,Tlajomulco de Zúñiga,115,La Alameda,0871,4,0.018518518518518517,14,0.06481481481481481,23,0.10648148148148148,29,0.13425925925925927,36,0.16666666666666666,87,0.4027777777777778,23,0.10648148148148148,D,216,"10,000 a 14,999",1409701150871
97,Tlajomulco de Zúñiga,115,La Alameda,0886,10,0.02506265664160401,30,0.07518796992481203,51,0.12781954887218044,73,0.18295739348370926,76,0.19047619047619047,109,0.2731829573934837,50,0.12531328320802004,D,399,"10,000 a 14,999",1409701150886
97,Tlajomulco de Zúñiga,115,La Alameda,0890,17,0.024251069900142655,75,0.10699001426533523,84,0.11982881597717546,121,0.17261055634807418,147,0.20970042796005706,188,0.268188302425107,69,0.09843081312410841,D,701,"10,000 a 14,999",1409701150890
97,Tlajomulco de Zúñiga,115,La Alameda,1278,,,16,0.2077922077922078,26,0.33766233766233766,15,0.19480519480519481,12,0.15584415584415584,6,0.07792207792207792,0,0.0,C,77,"10,000 a 14,999",1409701151278
97,Tlajomulco de Zúñiga,115,La Alameda,1511,17,0.03881278538812785,79,0.18036529680365296,90,0.2054794520547945,81,0.18493150684931506,80,0.182648401826484,84,0.1917808219178082,7,0.01598173515981735,C,438,"10,000 a 14,999",1409701151511
97,Tlajomulco de Zúñiga,115,La Alameda,1992,5,0.006944444444444444,38,0.05277777777777778,120,0.16666666666666666,142,0.19722222222222222,162,0.225,239,0.33194444444444443,14,0.019444444444444445,D,720,"10,000 a 14,999",1409701151992
97,Tlajomulco de Zúñiga,115,La Alameda,2007,,,,,,,,,,,,,,,,,"10,000 a 14,999",1409701152007
97,Tlajomulco de Zúñiga,115,La Alameda,2596,3,0.006172839506172839,26,0.053497942386831275,69,0.1419753086419753,74,0.1522633744855967,121,0.24897119341563786,185,0.38065843621399176,8,0.01646090534979424,D,486,"10,000 a 14,999",1409701152596
97,Tlajomulco de Zúñiga,115,La Alameda,3363,,,,,,,,,,,,,,,,,"10,000 a 14,999",1409701153363
97,Tlajomulco de Zúñiga,115,La Alameda,3429,,,,,13,0.13,9,0.09,30,0.3,45,0.45,0,0.0,D,100,"10,000 a 14,999",1409701153429
97,Tlajomulco de Zúñiga,115,La Alameda,3433,0,0.0,0,0.0,,,0,0.0,,,7,0.7777777777777778,0,0.0,D,9,"10,000 a 14,999",1409701153433
97,Tlajomulco de Zúñiga,117,Jardines de la Calera,059A,10,0.030959752321981424,24,0.07430340557275542,50,0.15479876160990713,51,0.15789473684210525,50,0.15479876160990713,106,0.3281733746130031,32,0.09907120743034056,D,323,"1,000 a 2,499",140970117059A
97,Tlajomulco de Zúñiga,119,Tres Gallos,059A,0,0.0,,,3,0.09090909090909091,4,0.12121212121212122,6,0.18181818181818182,13,0.3939393939393939,5,0.15151515151515152,D,33,1 a 249,140970119059A
97,Tlajomulco de Zúñiga,122,El Granjeno,3679,,,,,,,,,,,,,,,,,1 a 249,1409701223679
97,Tlajomulco de Zúñiga,125,Las Glorias [Granja],3679,,,,,,,,,,,,,,,,,1 a 249,1409701253679
97,Tlajomulco de Zúñiga,140,El Camichín,2416,,,,,,,,,,,,,,,,,1 a 249,1409701402416
97,Tlajomulco de Zúñiga,166,El Cuervo,2308,,,,,,,,,,,,,,,,,1 a 249,1409701662308
97,Tlajomulco de Zúñiga,169,El Paraíso [Granja Providencia],059A,0,0.0,0,0.0,,,,,,,,,0,0.0,C-,5,1 a 249,140970169059A
97,Tlajomulco de Zúñiga,172,Granja Teresa,2416,,,0,0.0,,,0,0.0,0,0.0,,,0,0.0,D,4,1 a 249,1409701722416
97,Tlajomulco de Zúñiga,174,Las Tarjeas (La Huerta),2308,,,,,,,,,,,,,,,,,1 a 249,1409701742308
97,Tlajomulco de Zúñiga,177,Potrero Zapote del Valle (El Ahogado),059A,4,0.06896551724137931,,,9,0.15517241379310345,11,0.1896551724137931,10,0.1724137931034483,20,0.3448275862068966,,,D,58,1 a 249,140970177059A
97,Tlajomulco de Zúñiga,180,Palomar,0301,442,0.583883751651255,231,0.3051519154557464,57,0.07529722589167767,18,0.023778071334214,4,0.005284015852047556,5,0.0066050198150594455,0,0.0,A/B,757,"5,000 a 9,999",1409701800301
97,Tlajomulco de Zúñiga,180,Palomar,1047,24,0.75,4,0.125,3,0.09375,0,0.0,,,0,0.0,0,0.0,A/B,32,"5,000 a 9,999",1409701801047
97,Tlajomulco de Zúñiga,180,Palomar,123A,201,0.459954233409611,133,0.30434782608695654,54,0.12356979405034325,37,0.08466819221967964,7,0.016018306636155607,5,0.011441647597254004,0,0.0,A/B,437,"5,000 a 9,999",140970180123A
97,Tlajomulco de Zúñiga,180,Palomar,1244,253,0.45750452079566006,144,0.2603978300180832,65,0.11754068716094032,43,0.07775768535262206,23,0.04159132007233273,21,0.0379746835443038,4,0.007233273056057866,A/B,553,"5,000 a 9,999",1409701801244
97,Tlajomulco de Zúñiga,180,Palomar,2577,59,0.686046511627907,19,0.22093023255813954,6,0.06976744186046512,,,0,0.0,0,0.0,0,0.0,A/B,86,"5,000 a 9,999",1409701802577
97,Tlajomulco de Zúñiga,186,San Diego (Pedregal de San Miguel) [Fraccionamiento],3679,9,0.140625,11,0.171875,15,0.234375,8,0.125,11,0.171875,9,0.140625,,,C,64,1 a 249,1409701863679
97,Tlajomulco de Zúñiga,200,Rancho Aurora,1066,,,,,,,,,,,,,,,,,1 a 249,1409702001066
97,Tlajomulco de Zúñiga,235,El Centenario,0104,,,,,,,,,,,,,,,,,1 a 249,1409702350104
97,Tlajomulco de Zúñiga,237,El Refugio [Granja],0104,,,,,,,,,,,,,,,,,1 a 249,1409702370104
97,Tlajomulco de Zúñiga,242,Noche Buena [Granja],0104,,,,,,,,,,,,,,,,,1 a 249,1409702420104
97,Tlajomulco de Zúñiga,244,Lomas de Buenavista,0104,0,0.0,0,0.0,0,0.0,,,,,,,0,0.0,D+,5,1 a 249,1409702440104
97,Tlajomulco de Zúñiga,325,El Lindero,1066,0,0.0,0,0.0,0,0.0,0,0.0,,,8,0.7272727272727273,,,D,11,1 a 249,1409703251066
97,Tlajomulco de Zúñiga,333,El Santo,2416,,,,,,,,,,,,,,,,,1 a 249,1409703332416
97,Tlajomulco de Zúñiga,349,Valle de Santa Cruz (Siglo 21),0104,,,,,,,4,0.3333333333333333,,,,,0,0.0,C-,12,1 a 249,1409703490104
97,Tlajomulco de Zúñiga,372,La Esperanza,1066,,,,,,,,,,,,,,,,,1 a 249,1409703721066
97,Tlajomulco de Zúñiga,383,Granja Don Alfonso,1066,,,,,,,,,,,,,,,,,1 a 249,1409703831066
97,Tlajomulco de Zúñiga,394,Huerta Calderón Zuno Uno,1066,,,,,,,,,,,,,,,,,1 a 249,1409703941066
97,Tlajomulco de Zúñiga,397,Kilómetro Seis,1066,,,,,,,,,,,,,,,,,1 a 249,1409703971066
97,Tlajomulco de Zúñiga,402,Rancho los Ocotes,1066,0,0.0,0,0.0,,,6,0.2727272727272727,5,0.22727272727272727,9,0.4090909090909091,,,D,22,1 a 249,1409704021066
97,Tlajomulco de Zúñiga,403,El Paraíso,1066,,,,,,,,,,,,,,,,,1 a 249,1409704031066
97,Tlajomulco de Zúñiga,424,La Tijera,0443,11,0.16923076923076924,25,0.38461538461538464,10,0.15384615384615385,7,0.1076923076923077,8,0.12307692307692308,4,0.06153846153846154,0,0.0,C+,65,"15,000 a 29,999",1409704240443
97,Tlajomulco de Zúñiga,424,La Tijera,0570,97,0.26869806094182824,132,0.3656509695290859,69,0.19113573407202217,38,0.10526315789473684,17,0.04709141274238227,7,0.019390581717451522,,,C+,361,"15,000 a 29,999",1409704240570
97,Tlajomulco de Zúñiga,424,La Tijera,0975,77,0.13253012048192772,121,0.2082616179001721,115,0.19793459552495696,90,0.1549053356282272,77,0.13253012048192772,91,0.1566265060240964,10,0.01721170395869191,C+,581,"15,000 a 29,999",1409704240975
97,Tlajomulco de Zúñiga,424,La Tijera,098A,80,0.07582938388625593,141,0.13364928909952606,188,0.17819905213270143,201,0.190521327014218,133,0.12606635071090047,280,0.26540284360189575,32,0.03033175355450237,D,1055,"15,000 a 29,999",140970424098A
97,Tlajomulco de Zúñiga,424,La Tijera,1761,787,0.38883399209486164,737,0.3641304347826087,311,0.15365612648221344,132,0.06521739130434782,31,0.015316205533596838,26,0.012845849802371542,0,0.0,A/B,2024,"15,000 a 29,999",1409704241761
97,Tlajomulco de Zúñiga,424,La Tijera,1776,270,0.44189852700491,201,0.32896890343698854,88,0.14402618657937807,26,0.0425531914893617,18,0.029459901800327332,6,0.009819967266775777,,,A/B,611,"15,000 a 29,999",1409704241776
97,Tlajomulco de Zúñiga,435,Avelino Chacón,1066,0,0.0,,,4,0.5,,,0,0.0,0,0.0,0,0.0,C,8,1 a 249,1409704351066
97,Tlajomulco de Zúñiga,439,Colina Real (Benito Villaseñor),3880,3,0.011583011583011582,6,0.023166023166023165,31,0.11969111969111969,69,0.26640926640926643,68,0.2625482625482625,78,0.30115830115830117,4,0.015444015444015444,D,259,"2,500 a 4,999",1409704393880
97,Tlajomulco de Zúñiga,439,Colina Real (Benito Villaseñor),3895,,,11,0.02099236641221374,57,0.10877862595419847,93,0.17748091603053434,162,0.30916030534351147,193,0.3683206106870229,6,0.011450381679389313,D,524,"2,500 a 4,999",1409704393895
97,Tlajomulco de Zúñiga,441,Cruz Blanca (Colonia Sergio Barrios),0123,0,0.0,0,0.0,0,0.0,,,5,0.11627906976744186,18,0.4186046511627907,19,0.4418604651162791,E,43,1 a 249,1409704410123
97,Tlajomulco de Zúñiga,459,Rancho las Moras,2416,,,,,10,0.16129032258064516,10,0.16129032258064516,9,0.14516129032258066,20,0.3225806451612903,9,0.14516129032258066,D,62,250 a 499,1409704592416
97,Tlajomulco de Zúñiga,461,Los Cerritos,2416,,,,,,,,,,,,,,,,,1 a 249,1409704612416
97,Tlajomulco de Zúñiga,464,Jalisco [Club de Aeromodelistas],059A,,,,,,,,,,,,,,,,,1 a 249,140970464059A
97,Tlajomulco de Zúñiga,466,La Compuerta,1066,0,0.0,,,,,3,0.1,3,0.1,16,0.5333333333333333,4,0.13333333333333333,D,30,1 a 249,1409704661066
97,Tlajomulco de Zúñiga,473,El Crucero del Salto,059A,0,0.0,,,,,,,,,6,0.42857142857142855,,,D,14,1 a 249,140970473059A
97,Tlajomulco de Zúñiga,474,Las Crucitas,0123,0,0.0,,,,,,,0,0.0,4,0.5,0,0.0,D,8,1 a 249,1409704740123
97,Tlajomulco de Zúñiga,487,La Esperanza,059A,0,0.0,0,0.0,0,0.0,3,0.6,,,,,0,0.0,C-,5,1 a 249,140970487059A
97,Tlajomulco de Zúñiga,500,Las Gaviotas [Fraccionamiento],0123,0,0.0,,,,,,,0,0.0,,,0,0.0,D,4,1 a 249,1409705000123
97,Tlajomulco de Zúñiga,501,Los Sauces [Fraccionamiento],059A,3,0.075,6,0.15,4,0.1,6,0.15,10,0.25,10,0.25,,,D,40,1 a 249,140970501059A
97,Tlajomulco de Zúñiga,502,Tres Reyes [Fraccionamiento],0123,,,7,0.3684210526315789,5,0.2631578947368421,4,0.21052631578947367,,,0,0.0,0,0.0,C+,19,1 a 249,1409705020123
97,Tlajomulco de Zúñiga,510,Gaudencio García,1066,0,0.0,0,0.0,0,0.0,0,0.0,0,0.0,,,,,D,3,1 a 249,1409705101066
97,Tlajomulco de Zúñiga,519,Granja Erika,059A,0,0.0,0,0.0,0,0.0,0,0.0,,,,,,,E,3,1 a 249,140970519059A
97,Tlajomulco de Zúñiga,529,La Providencia [Granja],3679,,,,,,,,,,,,,,,,,1 a 249,1409705293679
97,Tlajomulco de Zúñiga,535,Granja Ramón Michel,1066,,,,,,,,,,,,,,,,,1 a 249,1409705351066
97,Tlajomulco de Zúñiga,538,Tlajomulco [Granja],3679,0,0.0,0,0.0,0,0.0,0,0.0,,,,,0,0.0,D,3,1 a 249,1409705383679
97,Tlajomulco de Zúñiga,540,Gravas y Arenas,3679,,,,,,,,,,,,,,,,,1 a 249,1409705403679
97,Tlajomulco de Zúñiga,552,Huertas Productivas de Jalisco,0104,,,3,0.1875,4,0.25,3,0.1875,,,,,,,C,16,1 a 249,1409705520104
97,Tlajomulco de Zúñiga,560,Jardines de San Sebastián,1032,24,0.028037383177570093,77,0.08995327102803738,154,0.17990654205607476,167,0.19509345794392524,182,0.21261682242990654,232,0.27102803738317754,20,0.02336448598130841,D,856,"5,000 a 9,999",1409705601032
97,Tlajomulco de Zúñiga,560,Jardines de San Sebastián,1282,,,0,0.0,,,0,0.0,0,0.0,,,0,0.0,C,4,"5,000 a 9,999",1409705601282
97,Tlajomulco de Zúñiga,560,Jardines de San Sebastián,1719,5,0.034482758620689655,14,0.09655172413793103,24,0.16551724137931034,35,0.2413793103448276,33,0.22758620689655173,34,0.23448275862068965,0,0.0,C-,145,"5,000 a 9,999",1409705601719
97,Tlajomulco de Zúñiga,560,Jardines de San Sebastián,3467,0,0.0,5,0.01278772378516624,39,0.09974424552429667,94,0.24040920716112532,112,0.2864450127877238,136,0.34782608695652173,5,0.01278772378516624,D,391,"5,000 a 9,999",1409705603467
97,Tlajomulco de Zúñiga,560,Jardines de San Sebastián,3683,0,0.0,6,0.03592814371257485,17,0.10179640718562874,31,0.18562874251497005,50,0.2994011976047904,63,0.3772455089820359,0,0.0,D,167,"5,000 a 9,999",1409705603683
97,Tlajomulco de Zúñiga,561,Jardines de Tlajomulco,2308,3,0.13043478260869565,3,0.13043478260869565,4,0.17391304347826086,3,0.13043478260869565,6,0.2608695652173913,4,0.17391304347826086,0,0.0,D+,23,1 a 249,1409705612308
97,Tlajomulco de Zúñiga,563,Jesús Ortiz,1066,,,,,,,,,,,,,,,,,1 a 249,1409705631066
97,Tlajomulco de Zúñiga,569,La Joya,0123,,,,,,,,,,,,,,,,,1 a 249,1409705690123
97,Tlajomulco de Zúñiga,573,La Ladrillera,2416,,,,,,,,,,,,,,,,,1 a 249,1409705732416
97,Tlajomulco de Zúñiga,575,Lomas de Santa Anita (Colinas de Santa Anita),1066,146,0.4506172839506173,105,0.32407407407407407,44,0.13580246913580246,14,0.043209876543209874,11,0.033950617283950615,4,0.012345679012345678,0,0.0,A/B,324,"1,000 a 2,499",1409705751066
97,Tlajomulco de Zúñiga,583,Mesa de la Cruz,059A,,,,,,,,,,,,,,,,,1 a 249,140970583059A
97,Tlajomulco de Zúñiga,591,El Ojo de Agua,2416,,,,,,,,,,,,,,,,,1 a 249,1409705912416
97,Tlajomulco de Zúñiga,606,Postura,2308,,,,,,,,,0,0.0,0,0.0,0,0.0,C,5,1 a 249,1409706062308
97,Tlajomulco de Zúñiga,611,Puerta de la Cruz,2308,,,,,,,,,,,,,,,,,1 a 249,1409706112308
97,Tlajomulco de Zúñiga,613,Quinta Jesu (Valle de los Encinos),3927,6,0.005037783375314861,37,0.031066330814441646,149,0.12510495382031905,233,0.19563392107472713,329,0.2762384550797649,425,0.35684298908480266,12,0.010075566750629723,D,1191,"10,000 a 14,999",1409706133927
97,Tlajomulco de Zúñiga,613,Quinta Jesu (Valle de los Encinos),3931,5,0.004173622704507512,42,0.035058430717863104,136,0.11352253756260434,251,0.20951585976627712,310,0.2587646076794658,443,0.36978297161936563,11,0.009181969949916527,D,1198,"10,000 a 14,999",1409706133931
97,Tlajomulco de Zúñiga,613,Quinta Jesu (Valle de los Encinos),3946,3,0.0028089887640449437,37,0.03464419475655431,125,0.11704119850187265,202,0.1891385767790262,287,0.2687265917602996,404,0.3782771535580524,10,0.009363295880149813,D,1068,"10,000 a 14,999",1409706133946
97,Tlajomulco de Zúñiga,617,Rancho Blanco,059A,0,0.0,0,0.0,0,0.0,,,,,,,0,0.0,D,4,1 a 249,140970617059A
97,Tlajomulco de Zúñiga,622,Rancho el Charro,2416,0,0.0,0,0.0,,,4,0.16,6,0.24,12,0.48,,,D,25,1 a 249,1409706222416
97,Tlajomulco de Zúñiga,624,Rancho el Laurel,059A,,,,,,,,,,,,,,,,,1 a 249,140970624059A
97,Tlajomulco de Zúñiga,626,Rancho el Tiquirisi (El Negro),059A,,,,,,,,,,,,,,,,,1 a 249,140970626059A
97,Tlajomulco de Zúñiga,629,Rancho la Loma,2416,,,,,,,,,,,,,,,,,1 a 249,1409706292416
97,Tlajomulco de Zúñiga,632,Rancho las Mercedes,2416,,,,,,,,,,,,,,,,,1 a 249,1409706322416
97,Tlajomulco de Zúñiga,633,Rancho la Muralla,059A,,,,,,,,,,,,,,,,,1 a 249,140970633059A
97,Tlajomulco de Zúñiga,636,Rancho San Antonio,2416,11,0.18032786885245902,14,0.22950819672131148,11,0.18032786885245902,6,0.09836065573770492,8,0.13114754098360656,9,0.14754098360655737,,,C+,61,1 a 249,1409706362416
97,Tlajomulco de Zúñiga,637,Rancho Santa Cruz,0015,,,,,,,,,,,,,,,,,1 a 249,1409706370015
97,Tlajomulco de Zúñiga,647,Pontevedra [Fraccionamiento],1066,64,0.3004694835680751,94,0.4413145539906103,31,0.14553990610328638,15,0.07042253521126761,7,0.03286384976525822,,,0,0.0,C+,213,500 a 999,1409706471066
97,Tlajomulco de Zúñiga,657,Rancho Viejo,0104,,,,,,,,,,,,,,,,,1 a 249,1409706570104
97,Tlajomulco de Zúñiga,658,Los Ranchitos (Los Charcos),2416,6,0.013636363636363636,46,0.10454545454545454,78,0.17727272727272728,94,0.21363636363636362,88,0.2,115,0.26136363636363635,13,0.029545454545454545,D,440,"1,000 a 2,499",1409706582416
97,Tlajomulco de Zúñiga,659,El Recreo (El Bordo),3679,0,0.0,0,0.0,,,0,0.0,0,0.0,,,0,0.0,C,3,1 a 249,1409706593679
97,Tlajomulco de Zúñiga,666,La Roca,3950,5,0.0064516129032258064,29,0.03741935483870968,77,0.09935483870967741,119,0.15354838709677418,179,0.23096774193548386,288,0.3716129032258065,78,0.10064516129032258,D,775,"2,500 a 4,999",1409706663950
97,Tlajomulco de Zúñiga,672,San Juan el Grande,2416,,,,,,,,,,,,,0,0.0,D,12,1 a 249,1409706722416
97,Tlajomulco de Zúñiga,674,La Esperanza,2308,0,0.0,0,0.0,0,0.0,,,,,,,0,0.0,D,4,1 a 249,1409706742308
97,Tlajomulco de Zúñiga,676,Sergio Vidrio A,3679,,,,,,,,,,,,,,,,,1 a 249,1409706763679
97,Tlajomulco de Zúñiga,682,El Charco,0104,,,,,,,,,0,0.0,0,0.0,0,0.0,C+,5,1 a 249,1409706820104
97,Tlajomulco de Zúñiga,694,Villa San Antonio,2308,,,,,,,,,,,,,,,,,1 a 249,1409706942308
97,Tlajomulco de Zúñiga,695,El Venado,0104,,,,,,,,,,,,,,,,,1 a 249,1409706950104
97,Tlajomulco de Zúñiga,698,Sedano [Viveros],3679,,,,,,,,,,,,,,,,,1 a 249,1409706983679
97,Tlajomulco de Zúñiga,699,Santa Teresa [Vivero],3679,,,,,,,,,,,,,,,,,1 a 249,1409706993679
97,Tlajomulco de Zúñiga,701,Las Víboras (Fraccionamiento Valle de las Flores),0104,74,0.24262295081967214,98,0.32131147540983607,76,0.24918032786885247,40,0.13114754098360656,8,0.02622950819672131,8,0.02622950819672131,,,C+,305,500 a 999,1409707010104
97,Tlajomulco de Zúñiga,710,Isabel [Granja Porcícola],2416,0,0.0,,,,,0,0.0,0,0.0,,,0,0.0,D,3,1 a 249,1409707102416
97,Tlajomulco de Zúñiga,714,Loma del Molino,2416,0,0.0,,,4,0.15384615384615385,,,3,0.11538461538461539,14,0.5384615384615384,,,D,26,1 a 249,1409707142416
97,Tlajomulco de Zúñiga,720,Rancho Rafael González,0104,0,0.0,0,0.0,0,0.0,0,0.0,0,0.0,4,0.8,,,D,5,1 a 249,1409707200104
97,Tlajomulco de Zúñiga,725,El Esquivel,0015,10,0.10101010101010101,31,0.31313131313131315,24,0.24242424242424243,20,0.20202020202020202,4,0.04040404040404041,8,0.08080808080808081,,,C+,99,250 a 499,1409707250015
97,Tlajomulco de Zúñiga,729,Las Varitas,2401,23,0.2804878048780488,31,0.3780487804878049,14,0.17073170731707318,11,0.13414634146341464,,,,,0,0.0,C+,82,250 a 499,1409707292401
97,Tlajomulco de Zúñiga,734,Ocotes [Granja],1066,0,0.0,0,0.0,0,0.0,0,0.0,,,,,,,D+,4,1 a 249,1409707341066
97,Tlajomulco de Zúñiga,737,El Basqueño,0104,,,,,,,,,,,,,,,,,1 a 249,1409707370104
97,Tlajomulco de Zúñiga,738,Pericos [Club Deportivo],2308,,,,,,,,,,,,,,,,,1 a 249,1409707382308
97,Tlajomulco de Zúñiga,743,Playas de Cajititlán [Fraccionamiento],0123,0,0.0,3,0.11538461538461539,6,0.23076923076923078,0,0.0,6,0.23076923076923078,8,0.3076923076923077,3,0.11538461538461539,D,26,1 a 249,1409707430123
97,Tlajomulco de Zúñiga,745,Keta [Granja los Negros],2416,,,0,0.0,0,0.0,,,0,0.0,,,3,0.42857142857142855,E,7,1 a 249,1409707452416
97,Tlajomulco de Zúñiga,750,Mi Ranchito,0104,,,,,,,,,,,,,,,,,1 a 249,1409707500104
97,Tlajomulco de Zúñiga,754,Rancho la Rosita,2416,0,0.0,,,,,,,4,0.26666666666666666,6,0.4,,,D,15,1 a 249,1409707542416
97,Tlajomulco de Zúñiga,756,Rancho los Colomos,2416,,,,,,,,,,,,,,,,,1 a 249,1409707562416
97,Tlajomulco de Zúñiga,760,Rancho Unión (La Redonda),3679,,,,,,,,,,,,,,,,,1 a 249,1409707603679
97,Tlajomulco de Zúñiga,762,El Rincón,0104,,,,,,,,,,,,,,,,,1 a 249,1409707620104
97,Tlajomulco de Zúñiga,763,Secundaria Técnica,0123,,,,,,,,,,,,,,,,,1 a 249,1409707630123
97,Tlajomulco de Zúñiga,765,Santa Olivia [Vivero],0104,,,,,,,,,,,,,,,,,1 a 249,1409707650104
97,Tlajomulco de Zúñiga,766,La Teja (Agua Amarilla),0602,,,,,,,,,,,,,,,,,1 a 249,1409707660602
97,Tlajomulco de Zúñiga,767,La Cajilota,0602,,,,,,,,,,,3,0.2727272727272727,0,0.0,D,11,1 a 249,1409707670602
97,Tlajomulco de Zúñiga,768,La Esperanza,0602,0,0.0,0,0.0,0,0.0,0,0.0,,,,,0,0.0,D,3,1 a 249,1409707680602
97,Tlajomulco de Zúñiga,769,Hamajasa,0602,0,0.0,0,0.0,0,0.0,0,0.0,0,0.0,,,,,E,3,1 a 249,1409707690602
97,Tlajomulco de Zúñiga,771,Potrero los Amadores,3541,0,0.0,0,0.0,,,0,0.0,3,0.5,,,0,0.0,D+,6,1 a 249,1409707713541
97,Tlajomulco de Zúñiga,772,La Reserva,0602,0,0.0,0,0.0,0,0.0,0,0.0,,,0,0.0,,,E,3,1 a 249,1409707720602
97,Tlajomulco de Zúñiga,773,El Tulito (El Tule),0602,,,,,,,,,,,,,,,,,1 a 249,1409707730602
97,Tlajomulco de Zúñiga,774,El Zapatito,0602,0,0.0,,,0,0.0,0,0.0,0,0.0,,,,,C+,4,1 a 249,1409707740602
97,Tlajomulco de Zúñiga,775,Colonia los Sauces,2308,5,0.034013605442176874,10,0.06802721088435375,23,0.1564625850340136,23,0.1564625850340136,24,0.16326530612244897,48,0.32653061224489793,14,0.09523809523809523,D,147,500 a 999,1409707752308
97,Tlajomulco de Zúñiga,777,Rancho Alegre [Fraccionamiento],1780,37,0.0277569392348087,135,0.10127531882970743,273,0.204801200300075,318,0.2385596399099775,263,0.1972993248312078,295,0.2213053263315829,12,0.00900225056264066,C-,1333,"10,000 a 14,999",1409707771780
97,Tlajomulco de Zúñiga,777,Rancho Alegre [Fraccionamiento],2365,5,0.003125,40,0.025,123,0.076875,194,0.12125,271,0.169375,750,0.46875,217,0.135625,D,1600,"10,000 a 14,999",1409707772365
97,Tlajomulco de Zúñiga,777,Rancho Alegre [Fraccionamiento],244A,3,0.009523809523809525,5,0.015873015873015872,13,0.04126984126984127,42,0.13333333333333333,48,0.1523809523809524,150,0.47619047619047616,54,0.17142857142857143,D,315,"10,000 a 14,999",140970777244A
97,Tlajomulco de Zúñiga,783,Autódromo Guadalajara,2308,0,0.0,0,0.0,0,0.0,,,0,0.0,,,0,0.0,D,3,1 a 249,1409707832308
97,Tlajomulco de Zúñiga,784,Corrales la Presa (Valle de la Amistad),2308,,,,,,,,,,,,,,,,,1 a 249,1409707842308
97,Tlajomulco de Zúñiga,787,Lienzo Charro San Miguel,2308,0,0.0,0,0.0,,,,,0,0.0,,,0,0.0,D,3,1 a 249,1409707872308
97,Tlajomulco de Zúñiga,789,Rancho de Domingo Sánchez,3679,,,,,,,,,,,,,,,,,1 a 249,1409707893679
97,Tlajomulco de Zúñiga,790,Rancho Divisadero,2308,0,0.0,0,0.0,0,0.0,,,,,0,0.0,0,0.0,C-,3,1 a 249,1409707902308
97,Tlajomulco de Zúñiga,791,Rancho el Conejo,2308,,,,,,,,,,,,,,,,,1 a 249,1409707912308
97,Tlajomulco de Zúñiga,792,Rancho el Tigre (Camino a las Ánimas),2308,0,0.0,0,0.0,0,0.0,,,,,,,,,D+,5,1 a 249,1409707922308
97,Tlajomulco de Zúñiga,793,Rancho los Mangos (Los Cedazos),3679,,,,,,,,,,,,,,,,,1 a 249,1409707933679
97,Tlajomulco de Zúñiga,795,Rancho Santa Clemencia,2308,0,0.0,,,,,,,0,0.0,3,0.375,0,0.0,D,8,1 a 249,1409707952308
97,Tlajomulco de Zúñiga,798,Rancho Santa Fe,0123,,,,,,,,,,,,,,,,,1 a 249,1409707980123
97,Tlajomulco de Zúñiga,799,Transformaciones Eva,2308,,,,,,,,,,,,,,,,,1 a 249,1409707992308
97,Tlajomulco de Zúñiga,800,Balcones de la Calera,059A,32,0.1893491124260355,41,0.24260355029585798,31,0.1834319526627219,32,0.1893491124260355,15,0.08875739644970414,16,0.09467455621301775,,,C+,169,500 a 999,140970800059A
97,Tlajomulco de Zúñiga,801,El Melón (El Arroyo Hondo),059A,0,0.0,,,0,0.0,0,0.0,,,5,0.625,,,D,8,1 a 249,140970801059A
97,Tlajomulco de Zúñiga,802,El Pandillo,059A,0,0.0,,,,,,,0,0.0,3,0.42857142857142855,0,0.0,D,7,1 a 249,140970802059A
97,Tlajomulco de Zúñiga,803,La Peña,059A,,,,,,,,,,,,,,,,,1 a 249,140970803059A
97,Tlajomulco de Zúñiga,806,Los Sauces,059A,,,,,,,,,,,,,,,,,1 a 249,140970806059A
97,Tlajomulco de Zúñiga,807,El Capiri,2308,,,,,,,,,,,,,,,,,1 a 249,1409708072308
97,Tlajomulco de Zúñiga,808,La Sauceda,2308,,,,,,,,,,,,,,,,,1 a 249,1409708082308
97,Tlajomulco de Zúñiga,809,El Guayabo (El Chilar),0104,3,0.14285714285714285,0,0.0,,,3,0.14285714285714285,5,0.23809523809523808,7,0.3333333333333333,,,D,21,1 a 249,1409708090104
97,Tlajomulco de Zúñiga,811,Saritas [Granja],0104,,,0,0.0,0,0.0,,,,,3,0.42857142857142855,0,0.0,D,7,1 a 249,1409708110104
97,Tlajomulco de Zúñiga,813,La Playa,0104,,,,,,,5,0.18518518518518517,6,0.2222222222222222,9,0.3333333333333333,3,0.1111111111111111,D,27,1 a 249,1409708130104
97,Tlajomulco de Zúñiga,814,Las Avestruces,0104,,,,,,,,,,,,,,,,,1 a 249,1409708140104
97,Tlajomulco de Zúñiga,818,Rancho Luisiana,0104,0,0.0,0,0.0,,,,,,,0,0.0,0,0.0,D+,3,1 a 249,1409708180104
97,Tlajomulco de Zúñiga,819,Manuel Ornelas [Granja],059A,,,,,,,,,,,,,,,,,1 a 249,140970819059A
97,Tlajomulco de Zúñiga,822,Hacienda Santa Fe,1526,72,0.044803982576229,182,0.1132545115121344,313,0.19477286869943994,368,0.22899813316739265,328,0.20410703173615433,324,0.2016179215930305,20,0.012445550715619166,C-,1607,"100,000 a 249,999",1409708221526
97,Tlajomulco de Zúñiga,822,Hacienda Santa Fe,1530,112,0.03125872174155735,404,0.11275467485347475,799,0.22299748813843148,923,0.2576053586380128,693,0.19341334077588612,617,0.1722020653084008,35,0.009768350544236673,C-,3583,"100,000 a 249,999",1409708221530
97,Tlajomulco de Zúñiga,822,Hacienda Santa Fe,1545,17,0.011401743796109993,100,0.0670690811535882,262,0.17572099262240107,351,0.23541247484909456,326,0.21864520456069753,414,0.2776659959758551,21,0.014084507042253521,D,1491,"100,000 a 249,999",1409708221545
97,Tlajomulco de Zúñiga,822,Hacienda Santa Fe,155A,16,0.015340364333652923,60,0.05752636625119847,162,0.15532118887823587,260,0.24928092042186,248,0.23777564717162034,277,0.26558005752636626,20,0.019175455417066157,D,1043,"100,000 a 249,999",140970822155A
97,Tlajomulco de Zúñiga,822,Hacienda Santa Fe,1564,39,0.022209567198177675,131,0.0746013667425968,330,0.18792710706150342,448,0.255125284738041,402,0.22892938496583143,389,0.2215261958997722,17,0.00968109339407745,C-,1756,"100,000 a 249,999",1409708221564
97,Tlajomulco de Zúñiga,822,Hacienda Santa Fe,1579,17,0.015097690941385435,94,0.08348134991119005,206,0.18294849023090587,276,0.24511545293072823,256,0.22735346358792186,251,0.22291296625222023,26,0.023090586145648313,C-,1126,"100,000 a 249,999",1409708221579
97,Tlajomulco de Zúñiga,822,Hacienda Santa Fe,1583,30,0.021536252692031587,100,0.07178750897343862,236,0.16941852117731515,309,0.22182340272792533,339,0.24335965541995694,354,0.2541277817659727,25,0.017946877243359655,D,1393,"100,000 a 249,999",1409708221583
97,Tlajomulco de Zúñiga,822,Hacienda Santa Fe,1598,18,0.012996389891696752,91,0.06570397111913358,220,0.1588447653429603,360,0.259927797833935,330,0.23826714801444043,348,0.2512635379061372,18,0.012996389891696752,C-,1385,"100,000 a 249,999",1409708221598
97,Tlajomulco de Zúñiga,822,Hacienda Santa Fe,1600,33,0.03806228373702422,150,0.17301038062283736,220,0.2537485582468281,208,0.23990772779700115,137,0.1580161476355248,112,0.12918108419838523,7,0.008073817762399077,C,867,"100,000 a 249,999",1409708221600
97,Tlajomulco de Zúñiga,822,Hacienda Santa Fe,1615,6,0.008620689655172414,43,0.0617816091954023,110,0.15804597701149425,169,0.24281609195402298,163,0.23419540229885058,186,0.2672413793103448,19,0.027298850574712645,D,696,"100,000 a 249,999",1409708221615
97,Tlajomulco de Zúñiga,822,Hacienda Santa Fe,1899,4,0.00583941605839416,32,0.04671532846715328,105,0.15328467153284672,167,0.24379562043795622,179,0.2613138686131387,187,0.272992700729927,11,0.016058394160583942,D,685,"100,000 a 249,999",1409708221899
97,Tlajomulco de Zúñiga,822,Hacienda Santa Fe,1901,6,0.011450381679389313,39,0.07442748091603053,79,0.15076335877862596,125,0.2385496183206107,116,0.22137404580152673,154,0.29389312977099236,5,0.009541984732824428,D,524,"100,000 a 249,999",1409708221901
97,Tlajomulco de Zúñiga,822,Hacienda Santa Fe,1916,3,0.0029411764705882353,50,0.049019607843137254,156,0.15294117647058825,241,0.23627450980392156,259,0.25392156862745097,290,0.28431372549019607,21,0.020588235294117647,D,1020,"100,000 a 249,999",1409708221916
97,Tlajomulco de Zúñiga,822,Hacienda Santa Fe,1920,4,0.00425531914893617,41,0.043617021276595745,141,0.15,207,0.22021276595744682,233,0.2478723404255319,296,0.3148936170212766,18,0.019148936170212766,D,940,"100,000 a 249,999",1409708221920
97,Tlajomulco de Zúñiga,822,Hacienda Santa Fe,1935,8,0.007561436672967864,48,0.045368620037807186,167,0.15784499054820417,225,0.21266540642722118,294,0.277882797731569,303,0.28638941398865786,13,0.012287334593572778,D,1058,"100,000 a 249,999",1409708221935
97,Tlajomulco de Zúñiga,822,Hacienda Santa Fe,194A,6,0.0053475935828877,43,0.03832442067736185,135,0.12032085561497326,237,0.21122994652406418,278,0.24777183600713013,396,0.35294117647058826,27,0.02406417112299465,D,1122,"100,000 a 249,999",140970822194A
97,Tlajomulco de Zúñiga,822,Hacienda Santa Fe,1954,9,0.008555133079847909,30,0.028517110266159697,125,0.1188212927756654,171,0.16254752851711027,242,0.2300380228136882,436,0.4144486692015209,39,0.0370722433460076,D,1052,"100,000 a 249,999",1409708221954
97,Tlajomulco de Zúñiga,822,Hacienda Santa Fe,1969,4,0.00315955766192733,37,0.029225908372827805,132,0.10426540284360189,218,0.1721958925750395,345,0.2725118483412322,474,0.3744075829383886,56,0.044233807266982623,D,1266,"100,000 a 249,999",1409708221969
97,Tlajomulco de Zúñiga,822,Hacienda Santa Fe,1973,4,0.0038684719535783366,22,0.02127659574468085,107,0.10348162475822051,172,0.16634429400386846,248,0.23984526112185686,451,0.43617021276595747,30,0.029013539651837523,D,1034,"100,000 a 249,999",1409708221973
97,Tlajomulco de Zúñiga,822,Hacienda Santa Fe,2153,,,5,0.019011406844106463,17,0.06463878326996197,44,0.16730038022813687,66,0.2509505703422053,121,0.4600760456273764,9,0.034220532319391636,D,263,"100,000 a 249,999",1409708222153
97,Tlajomulco de Zúñiga,822,Hacienda Santa Fe,2168,4,0.003316749585406302,21,0.017412935323383085,105,0.08706467661691543,234,0.19402985074626866,311,0.25787728026533996,485,0.4021558872305141,46,0.03814262023217247,D,1206,"100,000 a 249,999",1409708222168
97,Tlajomulco de Zúñiga,822,Hacienda Santa Fe,2172,,,11,0.009598603839441536,62,0.05410122164048865,185,0.16143106457242584,330,0.2879581151832461,522,0.45549738219895286,34,0.029668411867364748,D,1146,"100,000 a 249,999",1409708222172
97,Tlajomulco de Zúñiga,822,Hacienda Santa Fe,2219,38,0.0440324449594438,132,0.15295480880648898,191,0.2213209733487833,178,0.20625724217844726,158,0.18308227114716108,162,0.18771726535341832,4,0.004634994206257242,C,863,"100,000 a 249,999",1409708222219
97,Tlajomulco de Zúñiga,822,Hacienda Santa Fe,2469,3,0.0013245033112582781,28,0.012362030905077263,145,0.0640176600441501,299,0.13200883002207506,565,0.24944812362030905,1151,0.5081677704194261,74,0.032671081677704196,D,2265,"100,000 a 249,999",1409708222469
97,Tlajomulco de Zúñiga,822,Hacienda Santa Fe,251A,0,0.0,,,,,4,0.09090909090909091,9,0.20454545454545456,25,0.5681818181818182,3,0.06818181818181818,D,44,"100,000 a 249,999",140970822251A
97,Tlajomulco de Zúñiga,822,Hacienda Santa Fe,3043,4,0.0042643923240938165,37,0.039445628997867806,103,0.10980810234541578,232,0.24733475479744135,228,0.24307036247334754,328,0.34968017057569295,6,0.006396588486140725,D,938,"100,000 a 249,999",1409708223043
97,Tlajomulco de Zúñiga,822,Hacienda Santa Fe,3058,4,0.002310803004043905,25,0.014442518775274409,92,0.05314846909300982,225,0.12998266897746968,404,0.23339110340843444,916,0.5291738879260544,65,0.03755054881571346,D,1731,"100,000 a 249,999",1409708223058
97,Tlajomulco de Zúñiga,822,Hacienda Santa Fe,3062,0,0.0,,,22,0.03492063492063492,48,0.0761904761904762,110,0.1746031746031746,418,0.6634920634920635,30,0.047619047619047616,D,630,"100,000 a 249,999",1409708223062
97,Tlajomulco de Zúñiga,822,Hacienda Santa Fe,3077,,,15,0.010901162790697675,75,0.05450581395348837,164,0.11918604651162791,287,0.20857558139534885,804,0.5843023255813954,29,0.021075581395348836,D,1376,"100,000 a 249,999",1409708223077
97,Tlajomulco de Zúñiga,822,Hacienda Santa Fe,3081,0,0.0,5,0.010683760683760684,19,0.0405982905982906,38,0.0811965811965812,80,0.17094017094017094,296,0.6324786324786325,30,0.0641025641025641,D,468,"100,000 a 249,999",1409708223081
97,Tlajomulco de Zúñiga,822,Hacienda Santa Fe,3452,0,0.0,,,0,0.0,4,0.08888888888888889,7,0.15555555555555556,27,0.6,6,0.13333333333333333,D,45,"100,000 a 249,999",1409708223452
97,Tlajomulco de Zúñiga,822,Hacienda Santa Fe,3471,,,15,0.01744186046511628,51,0.05930232558139535,181,0.21046511627906977,224,0.26046511627906976,379,0.44069767441860463,8,0.009302325581395349,D,860,"100,000 a 249,999",1409708223471
97,Tlajomulco de Zúñiga,822,Hacienda Santa Fe,3486,0,0.0,5,0.023696682464454975,11,0.052132701421800945,27,0.12796208530805686,52,0.24644549763033174,110,0.5213270142180095,6,0.02843601895734597,D,211,"100,000 a 249,999",1409708223486
97,Tlajomulco de Zúñiga,822,Hacienda Santa Fe,3490,0,0.0,11,0.03151862464183381,33,0.09455587392550144,65,0.18624641833810887,108,0.30945558739255014,130,0.37249283667621774,,,D,349,"100,000 a 249,999",1409708223490
97,Tlajomulco de Zúñiga,822,Hacienda Santa Fe,358A,,,5,0.012165450121654502,30,0.072992700729927,82,0.19951338199513383,112,0.2725060827250608,166,0.40389294403892945,15,0.0364963503649635,D,411,"100,000 a 249,999",140970822358A
97,Tlajomulco de Zúñiga,822,Hacienda Santa Fe,3698,,,8,0.017543859649122806,22,0.04824561403508772,73,0.1600877192982456,133,0.2916666666666667,216,0.47368421052631576,3,0.006578947368421052,D,456,"100,000 a 249,999",1409708223698
97,Tlajomulco de Zúñiga,822,Hacienda Santa Fe,3700,3,0.0030181086519114686,13,0.013078470824949699,71,0.07142857142857142,166,0.16700201207243462,270,0.2716297786720322,443,0.44567404426559354,28,0.028169014084507043,D,994,"100,000 a 249,999",1409708223700
97,Tlajomulco de Zúñiga,822,Hacienda Santa Fe,3715,0,0.0,7,0.012612612612612612,37,0.06666666666666667,109,0.1963963963963964,169,0.3045045045045045,222,0.4,11,0.01981981981981982,D,555,"100,000 a 249,999",1409708223715
97,Tlajomulco de Zúñiga,822,Hacienda Santa Fe,372A,,,6,0.008888888888888889,50,0.07407407407407407,119,0.17629629629629628,200,0.2962962962962963,281,0.4162962962962963,18,0.02666666666666667,D,675,"100,000 a 249,999",140970822372A
97,Tlajomulco de Zúñiga,822,Hacienda Santa Fe,3749,4,0.0031201248049922,26,0.0202808112324493,104,0.0811232449297972,207,0.16146645865834633,372,0.29017160686427457,564,0.43993759750390016,5,0.0039001560062402497,D,1282,"100,000 a 249,999",1409708223749
97,Tlajomulco de Zúñiga,823,Cima del Sol (Fraccionamiento Cima del Sol),4003,,,25,0.0357653791130186,67,0.09585121602288985,104,0.14878397711015737,147,0.21030042918454936,338,0.48354792560801146,16,0.022889842632331903,D,699,"5,000 a 9,999",1409708234003
97,Tlajomulco de Zúñiga,823,Cima del Sol (Fraccionamiento Cima del Sol),4041,14,0.0166270783847981,68,0.08076009501187649,157,0.18646080760095013,187,0.22209026128266032,176,0.20902612826603326,224,0.2660332541567696,16,0.019002375296912115,D,842,"5,000 a 9,999",1409708234041
97,Tlajomulco de Zúñiga,823,Cima del Sol (Fraccionamiento Cima del Sol),422A,6,0.01160541586073501,18,0.03481624758220503,58,0.11218568665377177,81,0.15667311411992263,118,0.22823984526112184,226,0.437137330754352,10,0.019342359767891684,D,517,"5,000 a 9,999",140970823422A
97,Tlajomulco de Zúñiga,827,Bosques Santa Anita [Fraccionamiento],4130,445,0.5091533180778032,296,0.33867276887871856,85,0.09725400457665904,27,0.030892448512585814,18,0.020594965675057208,3,0.003432494279176201,0,0.0,A/B,874,"2,500 a 4,999",1409708274130
97,Tlajomulco de Zúñiga,831,Real del Valle (El Paraíso) [Fraccionamiento],1634,183,0.1525,358,0.29833333333333334,283,0.23583333333333334,174,0.145,108,0.09,89,0.07416666666666667,5,0.004166666666666667,C+,1200,"15,000 a 29,999",1409708311634
97,Tlajomulco de Zúñiga,831,Real del Valle (El Paraíso) [Fraccionamiento],1649,77,0.15430861723446893,149,0.2985971943887776,118,0.23647294589178355,85,0.17034068136272545,46,0.09218436873747494,23,0.04609218436873747,,,C+,499,"15,000 a 29,999",1409708311649
97,Tlajomulco de Zúñiga,831,Real del Valle (El Paraíso) [Fraccionamiento],1653,144,0.11566265060240964,366,0.29397590361445786,305,0.24497991967871485,205,0.1646586345381526,133,0.10682730923694779,87,0.06987951807228916,5,0.004016064257028112,C+,1245,"15,000 a 29,999",1409708311653
97,Tlajomulco de Zúñiga,831,Real del Valle (El Paraíso) [Fraccionamiento],2011,130,0.19817073170731708,217,0.3307926829268293,145,0.22103658536585366,86,0.13109756097560976,44,0.06707317073170732,31,0.04725609756097561,3,0.004573170731707317,C+,656,"15,000 a 29,999",1409708312011
97,Tlajomulco de Zúñiga,831,Real del Valle (El Paraíso) [Fraccionamiento],2026,153,0.21161825726141079,232,0.32088520055325037,162,0.22406639004149378,100,0.13831258644536654,50,0.06915629322268327,26,0.035961272475795295,0,0.0,C+,723,"15,000 a 29,999",1409708312026
97,Tlajomulco de Zúñiga,831,Real del Valle (El Paraíso) [Fraccionamiento],2045,51,0.12439024390243902,115,0.2804878048780488,113,0.275609756097561,75,0.18292682926829268,35,0.08536585365853659,20,0.04878048780487805,,,C+,410,"15,000 a 29,999",1409708312045
97,Tlajomulco de Zúñiga,831,Real del Valle (El Paraíso) [Fraccionamiento],205A,50,0.12953367875647667,133,0.344559585492228,92,0.23834196891191708,52,0.13471502590673576,36,0.09326424870466321,22,0.05699481865284974,,,C+,386,"15,000 a 29,999",140970831205A
97,Tlajomulco de Zúñiga,831,Real del Valle (El Paraíso) [Fraccionamiento],2971,6,0.022222222222222223,23,0.08518518518518518,61,0.22592592592592592,64,0.23703703703703705,65,0.24074074074074073,50,0.18518518518518517,,,D+,270,"15,000 a 29,999",1409708312971
97,Tlajomulco de Zúñiga,831,Real del Valle (El Paraíso) [Fraccionamiento],2986,,,,,,,,,,,,,,,,,"15,000 a 29,999",1409708312986
97,Tlajomulco de Zúñiga,831,Real del Valle (El Paraíso) [Fraccionamiento],2990,133,0.16379310344827586,287,0.35344827586206895,189,0.23275862068965517,123,0.15147783251231528,56,0.06896551724137931,20,0.024630541871921183,4,0.0049261083743842365,C+,812,"15,000 a 29,999",1409708312990
97,Tlajomulco de Zúñiga,832,Rinconada Santa Anita [Fraccionamiento],1066,196,0.46445497630331756,147,0.34834123222748814,53,0.12559241706161137,21,0.04976303317535545,,,3,0.0071090047393364926,0,0.0,A/B,422,"1,000 a 2,499",1409708321066
97,Tlajomulco de Zúñiga,833,Villas de la Hacienda [Fraccionamiento],1475,10,0.02159827213822894,67,0.1447084233261339,116,0.2505399568034557,89,0.19222462203023757,89,0.19222462203023757,84,0.18142548596112312,8,0.017278617710583154,C,463,"15,000 a 29,999",1409708331475
97,Tlajomulco de Zúñiga,833,Villas de la Hacienda [Fraccionamiento],148A,18,0.03169014084507042,72,0.1267605633802817,128,0.22535211267605634,127,0.22359154929577466,121,0.2130281690140845,94,0.16549295774647887,8,0.014084507042253521,C,568,"15,000 a 29,999",140970833148A
97,Tlajomulco de Zúñiga,833,Villas de la Hacienda [Fraccionamiento],1494,29,0.04833333333333333,72,0.12,112,0.18666666666666668,123,0.205,116,0.19333333333333333,137,0.22833333333333333,11,0.018333333333333333,D,600,"15,000 a 29,999",1409708331494
97,Tlajomulco de Zúñiga,833,Villas de la Hacienda [Fraccionamiento],1507,43,0.088659793814433,104,0.21443298969072164,108,0.22268041237113403,112,0.2309278350515464,72,0.14845360824742268,44,0.09072164948453608,,,C-,485,"15,000 a 29,999",1409708331507
97,Tlajomulco de Zúñiga,833,Villas de la Hacienda [Fraccionamiento],162A,29,0.05025996533795494,98,0.16984402079722705,130,0.22530329289428075,145,0.2512998266897747,105,0.18197573656845753,60,0.10398613518197573,10,0.01733102253032929,C-,577,"15,000 a 29,999",140970833162A
97,Tlajomulco de Zúñiga,833,Villas de la Hacienda [Fraccionamiento],1865,81,0.07699619771863118,230,0.21863117870722434,256,0.24334600760456274,218,0.20722433460076045,145,0.13783269961977188,118,0.11216730038022814,4,0.0038022813688212928,C,1052,"15,000 a 29,999",1409708331865
97,Tlajomulco de Zúñiga,833,Villas de la Hacienda [Fraccionamiento],2276,42,0.05865921787709497,147,0.2053072625698324,171,0.2388268156424581,151,0.21089385474860337,109,0.15223463687150837,94,0.13128491620111732,,,C,716,"15,000 a 29,999",1409708332276
97,Tlajomulco de Zúñiga,833,Villas de la Hacienda [Fraccionamiento],2280,,,25,0.1592356687898089,27,0.17197452229299362,41,0.2611464968152866,32,0.20382165605095542,30,0.1910828025477707,0,0.0,C-,157,"15,000 a 29,999",1409708332280
97,Tlajomulco de Zúñiga,833,Villas de la Hacienda [Fraccionamiento],2454,19,0.0338680926916221,92,0.16399286987522282,102,0.18181818181818182,133,0.23707664884135474,108,0.1925133689839572,103,0.1836007130124777,4,0.0071301247771836,C-,561,"15,000 a 29,999",1409708332454
97,Tlajomulco de Zúñiga,833,Villas de la Hacienda [Fraccionamiento],2933,27,0.0140625,126,0.065625,336,0.175,426,0.221875,473,0.24635416666666668,523,0.27239583333333334,9,0.0046875,D,1920,"15,000 a 29,999",1409708332933
97,Tlajomulco de Zúñiga,833,Villas de la Hacienda [Fraccionamiento],3537,,,7,0.0660377358490566,19,0.1792452830188679,36,0.33962264150943394,20,0.18867924528301888,22,0.20754716981132076,0,0.0,C-,106,"15,000 a 29,999",1409708333537
97,Tlajomulco de Zúñiga,833,Villas de la Hacienda [Fraccionamiento],3594,18,0.047872340425531915,60,0.1595744680851064,97,0.2579787234042553,83,0.22074468085106383,64,0.1702127659574468,52,0.13829787234042554,,,C,376,"15,000 a 29,999",1409708333594
97,Tlajomulco de Zúñiga,833,Villas de la Hacienda [Fraccionamiento],3607,16,0.024464831804281346,75,0.11467889908256881,155,0.23700305810397554,161,0.24617737003058104,153,0.23394495412844038,94,0.1437308868501529,0,0.0,C-,654,"15,000 a 29,999",1409708333607
97,Tlajomulco de Zúñiga,833,Villas de la Hacienda [Fraccionamiento],3753,0,0.0,34,0.07083333333333333,75,0.15625,94,0.19583333333333333,128,0.26666666666666666,148,0.30833333333333335,,,D,480,"15,000 a 29,999",1409708333753
97,Tlajomulco de Zúñiga,835,Galaxia la Noria,2721,6,0.007936507936507936,21,0.027777777777777776,83,0.10978835978835978,140,0.18518518518518517,220,0.291005291005291,263,0.3478835978835979,23,0.03042328042328042,D,756,"10,000 a 14,999",1409708352721
97,Tlajomulco de Zúñiga,835,Galaxia la Noria,2736,15,0.016611295681063124,34,0.03765227021040975,107,0.1184939091915836,188,0.2081949058693245,233,0.25802879291251385,310,0.3433001107419712,16,0.017718715393133997,D,903,"10,000 a 14,999",1409708352736
97,Tlajomulco de Zúñiga,835,Galaxia la Noria,2740,5,0.0088339222614841,33,0.05830388692579505,64,0.11307420494699646,106,0.1872791519434629,138,0.24381625441696114,213,0.3763250883392226,7,0.012367491166077738,D,566,"10,000 a 14,999",1409708352740
97,Tlajomulco de Zúñiga,835,Galaxia la Noria,3378,3,0.0033407572383073497,25,0.02783964365256125,76,0.08463251670378619,202,0.22494432071269488,258,0.2873051224944321,327,0.36414253897550114,7,0.0077951002227171495,D,898,"10,000 a 14,999",1409708353378
97,Tlajomulco de Zúñiga,835,Galaxia la Noria,3522,0,0.0,5,0.029239766081871343,21,0.12280701754385964,40,0.23391812865497075,35,0.2046783625730994,69,0.40350877192982454,,,D,171,"10,000 a 14,999",1409708353522
97,Tlajomulco de Zúñiga,835,Galaxia la Noria,365A,0,0.0,6,0.019933554817275746,30,0.09966777408637874,70,0.23255813953488372,81,0.2691029900332226,113,0.3754152823920266,,,D,301,"10,000 a 14,999",140970835365A
97,Tlajomulco de Zúñiga,836,Hacienda los Fresnos,2793,37,0.044740024183796856,113,0.13663845223700122,167,0.20193470374848851,166,0.2007255139056832,159,0.19226118500604594,180,0.21765417170495768,5,0.006045949214026602,D,827,"5,000 a 9,999",1409708362793
97,Tlajomulco de Zúñiga,836,Hacienda los Fresnos,2806,23,0.01630049610205528,134,0.09496810772501772,235,0.16654854712969525,314,0.222537207654146,322,0.22820694542877393,367,0.260099220411056,16,0.011339475549255847,D,1411,"5,000 a 9,999",1409708362806
97,Tlajomulco de Zúñiga,836,Hacienda los Fresnos,3382,4,0.013745704467353952,22,0.07560137457044673,58,0.19931271477663232,68,0.23367697594501718,67,0.23024054982817868,69,0.23711340206185566,3,0.010309278350515464,D,291,"5,000 a 9,999",1409708363382
97,Tlajomulco de Zúñiga,837,Jardines del Edén,4198,37,0.04993252361673414,135,0.18218623481781376,187,0.252361673414305,151,0.203778677462888,140,0.18893387314439947,89,0.12010796221322537,,,C,741,"2,500 a 4,999",1409708374198
97,Tlajomulco de Zúñiga,837,Jardines del Edén,4200,54,0.08144796380090498,145,0.2187028657616893,150,0.22624434389140272,145,0.2187028657616893,91,0.13725490196078433,75,0.11312217194570136,3,0.004524886877828055,C,663,"2,500 a 4,999",1409708374200
97,Tlajomulco de Zúñiga,838,La Arbolada Plus,2308,60,0.13071895424836602,112,0.2440087145969499,107,0.23311546840958605,75,0.16339869281045752,59,0.12854030501089325,43,0.09368191721132897,3,0.006535947712418301,C+,459,"1,000 a 2,499",1409708382308
97,Tlajomulco de Zúñiga,842,Las Peñas,2416,0,0.0,,,5,0.13513513513513514,,,11,0.2972972972972973,17,0.4594594594594595,,,D,37,1 a 249,1409708422416
97,Tlajomulco de Zúñiga,843,Lomas del Sur,2632,28,0.030939226519337018,92,0.10165745856353592,179,0.19779005524861878,207,0.2287292817679558,175,0.19337016574585636,207,0.2287292817679558,17,0.01878453038674033,D,905,"30,000 a 49,999",1409708432632
97,Tlajomulco de Zúñiga,843,Lomas del Sur,2647,25,0.025100401606425703,112,0.11244979919678715,212,0.21285140562248997,254,0.25502008032128515,228,0.2289156626506024,161,0.16164658634538154,4,0.004016064257028112,C-,996,"30,000 a 49,999",1409708432647
97,Tlajomulco de Zúñiga,843,Lomas del Sur,2651,11,0.009345794392523364,57,0.048428207306711976,181,0.15378079864061173,276,0.2344944774851317,320,0.27187765505522515,317,0.26932880203908244,15,0.012744265080713678,D+,1177,"30,000 a 49,999",1409708432651
97,Tlajomulco de Zúñiga,843,Lomas del Sur,2666,19,0.014785992217898832,98,0.07626459143968872,201,0.15642023346303502,292,0.2272373540856031,304,0.23657587548638132,353,0.2747081712062257,18,0.014007782101167316,D,1285,"30,000 a 49,999",1409708432666
97,Tlajomulco de Zúñiga,843,Lomas del Sur,2670,26,0.013837147418839808,103,0.05481639169771155,315,0.16764236295902077,428,0.22778073443320915,474,0.2522618414050027,515,0.27408195848855776,18,0.009579563597658328,D,1879,"30,000 a 49,999",1409708432670
97,Tlajomulco de Zúñiga,843,Lomas del Sur,2685,6,0.009202453987730062,36,0.05521472392638037,104,0.15950920245398773,155,0.23773006134969324,170,0.2607361963190184,176,0.26993865030674846,5,0.007668711656441718,D,652,"30,000 a 49,999",1409708432685
97,Tlajomulco de Zúñiga,843,Lomas del Sur,269A,12,0.010704727921498661,52,0.0463871543264942,152,0.13559322033898305,261,0.2328278322925959,289,0.25780553077609275,333,0.2970561998215879,22,0.019625334522747548,D,1121,"30,000 a 49,999",140970843269A
97,Tlajomulco de Zúñiga,843,Lomas del Sur,2702,4,0.007042253521126761,29,0.051056338028169015,75,0.13204225352112675,129,0.22711267605633803,142,0.25,182,0.3204225352112676,7,0.01232394366197183,D,568,"30,000 a 49,999",1409708432702
97,Tlajomulco de Zúñiga,843,Lomas del Sur,2717,4,0.004944375772558714,26,0.032138442521631644,94,0.1161928306551298,172,0.2126081582200247,203,0.25092707045735474,292,0.36093943139678614,18,0.022249690976514216,D,809,"30,000 a 49,999",1409708432717
97,Tlajomulco de Zúñiga,843,Lomas del Sur,2952,21,0.017918088737201365,149,0.12713310580204779,237,0.2022184300341297,297,0.25341296928327645,224,0.19112627986348124,234,0.19965870307167236,10,0.008532423208191127,C-,1172,"30,000 a 49,999",1409708432952
97,Tlajomulco de Zúñiga,843,Lomas del Sur,2967,0,0.0,10,0.11363636363636363,22,0.25,26,0.29545454545454547,22,0.25,8,0.09090909090909091,0,0.0,C-,88,"30,000 a 49,999",1409708432967
97,Tlajomulco de Zúñiga,844,Lomas de San Agustín,0744,,,17,0.3333333333333333,16,0.3137254901960784,7,0.13725490196078433,9,0.17647058823529413,,,0,0.0,C+,51,"10,000 a 14,999",1409708440744
97,Tlajomulco de Zúñiga,844,Lomas de San Agustín,1687,46,0.03659506762132061,178,0.14160700079554495,262,0.20843277645186953,276,0.21957040572792363,238,0.18933969769291964,245,0.1949085123309467,12,0.00954653937947494,C-,1257,"10,000 a 14,999",1409708441687
97,Tlajomulco de Zúñiga,844,Lomas de San Agustín,1691,19,0.023809523809523808,120,0.15037593984962405,177,0.22180451127819548,192,0.24060150375939848,140,0.17543859649122806,144,0.18045112781954886,6,0.007518796992481203,C-,798,"10,000 a 14,999",1409708441691
97,Tlajomulco de Zúñiga,844,Lomas de San Agustín,1704,35,0.025417574437182282,158,0.11474219317356572,295,0.21423384168482207,314,0.2280319535221496,272,0.19753086419753085,283,0.20551924473493102,20,0.014524328249818447,C-,1377,"10,000 a 14,999",1409708441704
97,Tlajomulco de Zúñiga,844,Lomas de San Agustín,3397,0,0.0,,,0,0.0,0,0.0,0,0.0,3,0.75,0,0.0,D,4,"10,000 a 14,999",1409708443397
97,Tlajomulco de Zúñiga,844,Lomas de San Agustín,3804,227,0.2206025267249757,443,0.4305150631681244,228,0.22157434402332363,97,0.09426627793974733,25,0.024295432458697766,9,0.008746355685131196,0,0.0,C+,1029,"10,000 a 14,999",1409708443804
97,Tlajomulco de Zúñiga,845,Rancho el Mezquite,2416,,,,,,,,,,,,,,,,,1 a 249,1409708452416
97,Tlajomulco de Zúñiga,846,Rancho el Sifón,2416,3,0.25,,,,,4,0.3333333333333333,0,0.0,3,0.25,0,0.0,C-,12,1 a 249,1409708462416
97,Tlajomulco de Zúñiga,848,Residencial San Pablo,0602,30,0.12987012987012986,62,0.2683982683982684,54,0.23376623376623376,29,0.12554112554112554,33,0.14285714285714285,20,0.08658008658008658,3,0.012987012987012988,C+,231,500 a 999,1409708480602
97,Tlajomulco de Zúñiga,852,Tierra de la Esperanza (Rinconada de los Nogales),415A,,,,,10,0.1724137931034483,10,0.1724137931034483,13,0.22413793103448276,16,0.27586206896551724,6,0.10344827586206896,D,58,"2,500 a 4,999",140970852415A
97,Tlajomulco de Zúñiga,852,Tierra de la Esperanza (Rinconada de los Nogales),4164,0,0.0,4,0.027586206896551724,19,0.1310344827586207,45,0.3103448275862069,41,0.2827586206896552,36,0.2482758620689655,0,0.0,C-,145,"2,500 a 4,999",1409708524164
97,Tlajomulco de Zúñiga,852,Tierra de la Esperanza (Rinconada de los Nogales),4179,,,19,0.0397489539748954,61,0.12761506276150628,93,0.19456066945606695,105,0.2196652719665272,198,0.41422594142259417,,,D,478,"2,500 a 4,999",1409708524179
97,Tlajomulco de Zúñiga,852,Tierra de la Esperanza (Rinconada de los Nogales),4183,0,0.0,8,0.023668639053254437,12,0.03550295857988166,43,0.12721893491124261,67,0.19822485207100593,194,0.5739644970414202,14,0.04142011834319527,D,338,"2,500 a 4,999",1409708524183
97,Tlajomulco de Zúñiga,853,Valle Dorado Inn,1668,19,0.02224824355971897,92,0.10772833723653395,220,0.2576112412177986,201,0.23536299765807964,154,0.18032786885245902,164,0.1920374707259953,4,0.00468384074941452,C,854,"10,000 a 14,999",1409708531668
97,Tlajomulco de Zúñiga,853,Valle Dorado Inn,1672,31,0.030155642023346304,118,0.11478599221789883,217,0.21108949416342412,231,0.2247081712062257,218,0.21206225680933852,208,0.20233463035019456,5,0.0048638132295719845,C-,1028,"10,000 a 14,999",1409708531672
97,Tlajomulco de Zúñiga,853,Valle Dorado Inn,187A,14,0.056,33,0.132,50,0.2,55,0.22,59,0.236,35,0.14,4,0.016,D+,250,"10,000 a 14,999",140970853187A
97,Tlajomulco de Zúñiga,853,Valle Dorado Inn,1884,,,15,0.08670520231213873,47,0.27167630057803466,44,0.2543352601156069,37,0.2138728323699422,27,0.15606936416184972,,,C,173,"10,000 a 14,999",1409708531884
97,Tlajomulco de Zúñiga,853,Valle Dorado Inn,2083,0,0.0,4,0.14285714285714285,4,0.14285714285714285,7,0.25,5,0.17857142857142858,8,0.2857142857142857,0,0.0,D,28,"10,000 a 14,999",1409708532083
97,Tlajomulco de Zúñiga,853,Valle Dorado Inn,2238,45,0.0338855421686747,148,0.11144578313253012,236,0.17771084337349397,292,0.21987951807228914,256,0.1927710843373494,331,0.24924698795180722,20,0.015060240963855422,D,1328,"10,000 a 14,999",1409708532238
97,Tlajomulco de Zúñiga,854,Villa las Flores,0015,3,0.031914893617021274,10,0.10638297872340426,9,0.09574468085106383,14,0.14893617021276595,16,0.1702127659574468,38,0.40425531914893614,4,0.0425531914893617,D,94,250 a 499,1409708540015
97,Tlajomulco de Zúñiga,856,Colonia Nueva Esperanza,059A,,,,,,,9,0.1875,9,0.1875,19,0.3958333333333333,7,0.14583333333333334,D,48,1 a 249,140970856059A
97,Tlajomulco de Zúñiga,857,Las Moras,059A,,,,,,,,,,,,,,,,,1 a 249,140970857059A
97,Tlajomulco de Zúñiga,858,El Radar (Colonia San Francisco),059A,0,0.0,,,3,0.058823529411764705,4,0.0784313725490196,12,0.23529411764705882,24,0.47058823529411764,6,0.11764705882352941,D,51,1 a 249,140970858059A
97,Tlajomulco de Zúñiga,859,San José,059A,0,0.0,0,0.0,0,0.0,,,,,9,0.391304347826087,10,0.43478260869565216,E,23,1 a 249,140970859059A
97,Tlajomulco de Zúñiga,860,El Manantial (El Rinconcito),2308,5,0.034482758620689655,5,0.034482758620689655,10,0.06896551724137931,19,0.1310344827586207,14,0.09655172413793103,68,0.4689655172413793,24,0.16551724137931034,D,145,500 a 999,1409708602308
97,Tlajomulco de Zúñiga,861,Sendero Real,4075,31,0.034444444444444444,110,0.12222222222222222,183,0.20333333333333334,195,0.21666666666666667,178,0.19777777777777777,195,0.21666666666666667,8,0.008888888888888889,D,900,"2,500 a 4,999",1409708614075
97,Tlajomulco de Zúñiga,862,Colinas del Roble,290A,13,0.012560386473429951,78,0.07536231884057971,200,0.1932367149758454,216,0.20869565217391303,233,0.2251207729468599,284,0.2743961352657005,11,0.010628019323671498,D,1035,"15,000 a 29,999",140970862290A
97,Tlajomulco de Zúñiga,862,Colinas del Roble,2914,5,0.006426735218508998,25,0.032133676092544985,84,0.10796915167095116,151,0.19408740359897173,202,0.2596401028277635,295,0.3791773778920309,16,0.02056555269922879,D,778,"15,000 a 29,999",1409708622914
97,Tlajomulco de Zúñiga,862,Colinas del Roble,2929,5,0.00547645125958379,22,0.024096385542168676,96,0.10514786418400876,192,0.21029572836801752,256,0.28039430449069,309,0.3384446878422782,33,0.03614457831325301,D,913,"15,000 a 29,999",1409708622929
97,Tlajomulco de Zúñiga,862,Colinas del Roble,340A,35,0.035897435897435895,105,0.1076923076923077,207,0.2123076923076923,238,0.2441025641025641,197,0.20205128205128206,187,0.19179487179487179,6,0.006153846153846154,C-,975,"15,000 a 29,999",140970862340A
97,Tlajomulco de Zúñiga,862,Colinas del Roble,3414,26,0.0163727959697733,132,0.08312342569269521,300,0.1889168765743073,383,0.241183879093199,367,0.23110831234256926,366,0.2304785894206549,14,0.008816120906801008,C-,1588,"15,000 a 29,999",1409708623414
97,Tlajomulco de Zúñiga,863,La Purísima [Fraccionamiento],4111,11,0.014588859416445624,38,0.050397877984084884,84,0.11140583554376658,121,0.16047745358090185,145,0.19230769230769232,284,0.376657824933687,71,0.09416445623342175,D,754,"5,000 a 9,999",1409708634111
97,Tlajomulco de Zúñiga,863,La Purísima [Fraccionamiento],4126,18,0.018404907975460124,101,0.1032719836400818,177,0.18098159509202455,230,0.23517382413087934,215,0.2198364008179959,235,0.24028629856850717,,,D,978,"5,000 a 9,999",1409708634126
97,Tlajomulco de Zúñiga,863,La Purísima [Fraccionamiento],4145,14,0.03856749311294766,77,0.21212121212121213,84,0.23140495867768596,78,0.21487603305785125,67,0.18457300275482094,41,0.11294765840220386,,,C,363,"5,000 a 9,999",1409708634145
97,Tlajomulco de Zúñiga,864,Senderos de Monte Verde,1066,206,0.3857677902621723,206,0.3857677902621723,78,0.14606741573033707,29,0.054307116104868915,9,0.016853932584269662,6,0.011235955056179775,0,0.0,C+,534,"1,000 a 2,499",1409708641066
97,Tlajomulco de Zúñiga,866,Altus Bosques,0602,193,0.3271186440677966,213,0.3610169491525424,113,0.19152542372881357,43,0.07288135593220339,16,0.02711864406779661,11,0.01864406779661017,,,C+,590,"1,000 a 2,499",1409708660602
97,Tlajomulco de Zúñiga,869,Cerro Camichín Ladino y Gacho,2416,,,,,,,,,,,,,,,,,1 a 249,1409708692416
97,Tlajomulco de Zúñiga,870,Bosque Real [Fraccionamiento],408A,292,0.3443396226415094,381,0.4492924528301887,116,0.13679245283018868,40,0.04716981132075472,13,0.015330188679245283,6,0.007075471698113208,0,0.0,C+,848,"2,500 a 4,999",140970870408A
97,Tlajomulco de Zúñiga,871,Paseos del Valle [Fraccionamiento],4056,13,0.009665427509293681,68,0.05055762081784387,179,0.13308550185873605,264,0.1962825278810409,294,0.21858736059479553,494,0.36728624535315985,33,0.02453531598513011,D,1345,"5,000 a 9,999",1409708714056
97,Tlajomulco de Zúñiga,871,Paseos del Valle [Fraccionamiento],4060,5,0.004251700680272109,49,0.041666666666666664,160,0.1360544217687075,211,0.179421768707483,263,0.22363945578231292,456,0.3877551020408163,32,0.027210884353741496,D,1176,"5,000 a 9,999",1409708714060
97,Tlajomulco de Zúñiga,872,San Antonio [Fraccionamiento],2416,,,14,0.07526881720430108,28,0.15053763440860216,34,0.1827956989247312,39,0.20967741935483872,64,0.34408602150537637,6,0.03225806451612903,D,186,500 a 999,1409708722416
97,Tlajomulco de Zúñiga,874,La Nueva Esperanza II (Los Cantaros) [Fraccionamiento],3999,15,0.010245901639344262,96,0.06557377049180328,247,0.1687158469945355,323,0.22062841530054644,376,0.2568306010928962,398,0.2718579234972678,9,0.006147540983606557,D,1464,"15,000 a 29,999",1409708743999
97,Tlajomulco de Zúñiga,874,La Nueva Esperanza II (Los Cantaros) [Fraccionamiento],4018,18,0.006870229007633588,106,0.04045801526717557,323,0.12328244274809161,500,0.19083969465648856,657,0.25076335877862593,968,0.36946564885496186,48,0.0183206106870229,D,2620,"15,000 a 29,999",1409708744018
97,Tlajomulco de Zúñiga,874,La Nueva Esperanza II (Los Cantaros) [Fraccionamiento],4022,13,0.008408796895213453,107,0.06921086675291074,265,0.17141009055627426,355,0.2296248382923674,385,0.24902975420439843,405,0.26196636481241914,16,0.01034928848641656,D,1546,"15,000 a 29,999",1409708744022
97,Tlajomulco de Zúñiga,874,La Nueva Esperanza II (Los Cantaros) [Fraccionamiento],4037,12,0.008191126279863481,53,0.03617747440273038,172,0.1174061433447099,320,0.21843003412969283,370,0.2525597269624573,506,0.3453924914675768,32,0.021843003412969283,D,1465,"15,000 a 29,999",1409708744037
97,Tlajomulco de Zúñiga,875,Aeropuerto [Parque Industrial],059A,,,0,0.0,,,0,0.0,,,3,0.42857142857142855,0,0.0,D,7,1 a 249,140970875059A
97,Tlajomulco de Zúñiga,877,Renaceres [Fraccionamiento],3679,6,0.012658227848101266,40,0.08438818565400844,70,0.14767932489451477,112,0.23628691983122363,103,0.21729957805907174,143,0.30168776371308015,0,0.0,D,474,"1,000 a 2,499",1409708773679
97,Tlajomulco de Zúñiga,878,La Capacha,3541,0,0.0,,,,,0,0.0,0,0.0,,,0,0.0,C,4,1 a 249,1409708783541
97,Tlajomulco de Zúñiga,879,Colonia Niños Héroes,3541,4,0.043010752688172046,13,0.13978494623655913,23,0.24731182795698925,21,0.22580645161290322,10,0.10752688172043011,22,0.23655913978494625,0,0.0,C,93,250 a 499,1409708793541
97,Tlajomulco de Zúñiga,880,La Gigantera,0602,14,0.07777777777777778,33,0.18333333333333332,39,0.21666666666666667,36,0.2,22,0.12222222222222222,32,0.17777777777777778,4,0.022222222222222223,C,180,500 a 999,1409708800602
97,Tlajomulco de Zúñiga,881,Nava Guzmán [Productos Forestales],0602,,,,,,,,,,,,,,,,,1 a 249,1409708810602
97,Tlajomulco de Zúñiga,882,Villalta,3984,18,0.02269861286254729,87,0.10970996216897856,162,0.2042875157629256,199,0.2509457755359395,164,0.2068095838587642,157,0.19798234552332913,6,0.007566204287515763,C-,793,"2,500 a 4,999",1409708823984
97,Tlajomulco de Zúñiga,882,Villalta,4215,18,0.02635431918008785,78,0.11420204978038068,134,0.19619326500732065,148,0.21669106881405564,142,0.20790629575402636,160,0.2342606149341142,3,0.004392386530014641,D,683,"2,500 a 4,999",1409708824215
97,Tlajomulco de Zúñiga,883,Hacienda San Miguel,2416,57,0.10035211267605634,178,0.31338028169014087,160,0.28169014084507044,108,0.19014084507042253,40,0.07042253521126761,25,0.04401408450704225,0,0.0,C+,568,"1,000 a 2,499",1409708832416
97,Tlajomulco de Zúñiga,884,Los Abedules [Fraccionamiento],3965,12,0.006448146157979581,81,0.043524986566362174,255,0.1370231058570661,479,0.25738850080601827,486,0.261149919398173,540,0.2901665771090811,8,0.004298764105319721,D,1861,"5,000 a 9,999",1409708843965
97,Tlajomulco de Zúñiga,884,Los Abedules [Fraccionamiento],397A,13,0.012745098039215686,88,0.08627450980392157,233,0.2284313725490196,256,0.25098039215686274,227,0.22254901960784312,198,0.19411764705882353,5,0.004901960784313725,C-,1020,"5,000 a 9,999",140970884397A
97,Tlajomulco de Zúñiga,890,Crucero al Tecolote,0104,,,,,,,,,,,,,,,,,1 a 249,1409708900104
97,Tlajomulco de Zúñiga,891,El Mezquite,0104,,,,,,,,,,,,,,,,,1 a 249,1409708910104
97,Tlajomulco de Zúñiga,894,El Relicario,0104,0,0.0,,,0,0.0,,,,,3,0.42857142857142855,0,0.0,D,7,1 a 249,1409708940104
97,Tlajomulco de Zúñiga,895,El Venado,0104,,,,,,,,,,,,,,,,,1 a 249,1409708950104
97,Tlajomulco de Zúñiga,897,Monte Viejo,2308,0,0.0,0,0.0,0,0.0,0,0.0,0,0.0,,,,,E,4,1 a 249,1409708972308
97,Tlajomulco de Zúñiga,901,El Sauz,2308,,,,,,,,,,,,,,,,,1 a 249,1409709012308
97,Tlajomulco de Zúñiga,902,Los Trigos,059A,,,,,,,,,,,,,,,,,1 a 249,140970902059A
97,Tlajomulco de Zúñiga,903,Belcanto,3908,62,0.15196078431372548,156,0.38235294117647056,108,0.2647058823529412,54,0.1323529411764706,25,0.061274509803921566,3,0.007352941176470588,0,0.0,C+,408,"2,500 a 4,999",1409709033908
97,Tlajomulco de Zúñiga,903,Belcanto,3912,101,0.11373873873873874,329,0.3704954954954955,230,0.25900900900900903,133,0.14977477477477477,65,0.0731981981981982,30,0.033783783783783786,0,0.0,C+,888,"2,500 a 4,999",1409709033912
97,Tlajomulco de Zúñiga,904,La Mora Residencial,2416,7,0.12727272727272726,23,0.41818181818181815,13,0.23636363636363636,,,3,0.05454545454545454,5,0.09090909090909091,,,C+,55,1 a 249,1409709042416
97,Tlajomulco de Zúñiga,905,Jardines del Capulín(Nuevo Progreso),059A,0,0.0,0,0.0,3,0.2,4,0.26666666666666666,3,0.2,5,0.3333333333333333,0,0.0,D,15,1 a 249,140970905059A
98,San Pedro Tlaquepaque,1,Tlaquepaque,0031,91,0.1691449814126394,125,0.23234200743494424,87,0.16171003717472118,81,0.15055762081784388,63,0.1171003717472119,79,0.14684014869888476,12,0.022304832713754646,C+,538,"500,000 a 999,999",1409800010031
98,San Pedro Tlaquepaque,1,Tlaquepaque,0046,130,0.07278835386338185,244,0.1366181410974244,291,0.1629339305711086,313,0.17525195968645016,295,0.16517357222844345,422,0.23628219484882418,91,0.0509518477043673,D,1786,"500,000 a 999,999",1409800010046
98,San Pedro Tlaquepaque,1,Tlaquepaque,0050,172,0.13782051282051283,201,0.16105769230769232,248,0.1987179487179487,219,0.17548076923076922,157,0.12580128205128205,211,0.16907051282051283,40,0.03205128205128205,C,1248,"500,000 a 999,999",1409800010050
98,San Pedro Tlaquepaque,1,Tlaquepaque,007A,106,0.10939112487100103,188,0.19401444788441694,194,0.2002063983488132,164,0.1692466460268318,136,0.14035087719298245,156,0.1609907120743034,25,0.025799793601651185,C,969,"500,000 a 999,999",140980001007A
98,San Pedro Tlaquepaque,1,Tlaquepaque,0084,67,0.06795131845841786,116,0.11764705882352941,158,0.16024340770791076,162,0.1643002028397566,176,0.17849898580121704,252,0.25557809330628806,55,0.055780933062880324,D,986,"500,000 a 999,999",1409800010084
98,San Pedro Tlaquepaque,1,Tlaquepaque,0101,117,0.07043949428055388,242,0.1456953642384106,322,0.1938591210114389,305,0.18362432269717038,242,0.1456953642384106,366,0.22034918723660446,67,0.0403371462974112,D,1661,"500,000 a 999,999",1409800010101
98,San Pedro Tlaquepaque,1,Tlaquepaque,0116,51,0.07555555555555556,91,0.1348148148148148,114,0.1688888888888889,125,0.18518518518518517,102,0.1511111111111111,154,0.22814814814814816,38,0.056296296296296296,D,675,"500,000 a 999,999",1409800010116
98,San Pedro Tlaquepaque,1,Tlaquepaque,0120,247,0.11451089476124246,449,0.20815948076031526,417,0.1933240611961057,332,0.15391747797867408,293,0.1358368103847937,345,0.1599443671766342,74,0.034306907742234584,C+,2157,"500,000 a 999,999",1409800010120
98,San Pedro Tlaquepaque,1,Tlaquepaque,0262,54,0.048736462093862815,84,0.07581227436823104,103,0.09296028880866426,142,0.12815884476534295,200,0.18050541516245489,398,0.3592057761732852,127,0.11462093862815885,D,1108,"500,000 a 999,999",1409800010262
98,San Pedro Tlaquepaque,1,Tlaquepaque,0281,25,0.043029259896729774,71,0.12220309810671257,101,0.1738382099827883,95,0.16351118760757316,92,0.15834767641996558,161,0.27710843373493976,36,0.06196213425129088,D,581,"500,000 a 999,999",1409800010281
98,San Pedro Tlaquepaque,1,Tlaquepaque,0296,48,0.0670391061452514,69,0.09636871508379888,82,0.11452513966480447,80,0.11173184357541899,97,0.13547486033519554,250,0.34916201117318435,90,0.12569832402234637,D,716,"500,000 a 999,999",1409800010296
98,San Pedro Tlaquepaque,1,Tlaquepaque,0347,149,0.2153179190751445,197,0.2846820809248555,121,0.17485549132947978,96,0.13872832369942195,61,0.08815028901734104,60,0.08670520231213873,8,0.011560693641618497,C+,692,"500,000 a 999,999",1409800010347
98,San Pedro Tlaquepaque,1,Tlaquepaque,0351,158,0.21122994652406418,191,0.2553475935828877,148,0.19786096256684493,114,0.15240641711229946,66,0.08823529411764706,65,0.08689839572192513,6,0.008021390374331552,C+,748,"500,000 a 999,999",1409800010351
98,San Pedro Tlaquepaque,1,Tlaquepaque,0370,103,0.07054794520547945,219,0.15,282,0.19315068493150686,267,0.18287671232876712,214,0.14657534246575343,307,0.21027397260273972,68,0.04657534246575343,D,1460,"500,000 a 999,999",1409800010370
98,San Pedro Tlaquepaque,1,Tlaquepaque,0385,77,0.049773755656108594,170,0.10989010989010989,265,0.17129928894634777,275,0.1777634130575307,233,0.15061409179056237,401,0.2592113768584357,126,0.08144796380090498,D,1547,"500,000 a 999,999",1409800010385
98,San Pedro Tlaquepaque,1,Tlaquepaque,0474,309,0.19556962025316454,391,0.24746835443037973,379,0.239873417721519,220,0.13924050632911392,141,0.08924050632911393,117,0.07405063291139241,23,0.014556962025316455,C+,1580,"500,000 a 999,999",1409800010474
98,San Pedro Tlaquepaque,1,Tlaquepaque,0506,123,0.09432515337423313,219,0.16794478527607362,266,0.20398773006134968,266,0.20398773006134968,184,0.1411042944785276,207,0.15874233128834356,39,0.0299079754601227,C-,1304,"500,000 a 999,999",1409800010506
98,San Pedro Tlaquepaque,1,Tlaquepaque,0525,29,0.02404643449419569,113,0.09369817578772803,224,0.1857379767827529,171,0.1417910447761194,193,0.16003316749585406,390,0.32338308457711445,86,0.07131011608623548,D,1206,"500,000 a 999,999",1409800010525
98,San Pedro Tlaquepaque,1,Tlaquepaque,053A,262,0.23002633889376647,432,0.37928007023705007,220,0.19315188762071994,114,0.10008779631255488,62,0.05443371378402107,44,0.038630377524143986,5,0.004389815627743635,C+,1139,"500,000 a 999,999",140980001053A
98,San Pedro Tlaquepaque,1,Tlaquepaque,0597,69,0.036585365853658534,193,0.10233297985153765,282,0.14952279957582185,304,0.16118769883351008,332,0.176033934252386,558,0.295864262990456,148,0.0784729586426299,D,1886,"500,000 a 999,999",1409800010597
98,San Pedro Tlaquepaque,1,Tlaquepaque,0671,108,0.04449938195302843,294,0.1211372064276885,513,0.21137206427688504,481,0.19818706221672847,406,0.1672847136382365,513,0.21137206427688504,112,0.046147507210548,D,2427,"500,000 a 999,999",1409800010671
98,San Pedro Tlaquepaque,1,Tlaquepaque,0690,33,0.02410518626734843,130,0.09495982468955443,234,0.17092768444119796,258,0.18845872899926955,222,0.16216216216216217,429,0.3133674214755296,63,0.04601899196493791,D,1369,"500,000 a 999,999",1409800010690
98,San Pedro Tlaquepaque,1,Tlaquepaque,0718,56,0.0527803958529689,134,0.12629594721960416,223,0.21017907634307256,223,0.21017907634307256,171,0.16116870876531575,206,0.1941564561734213,48,0.04524033930254477,C-,1061,"500,000 a 999,999",1409800010718
98,San Pedro Tlaquepaque,1,Tlaquepaque,0775,26,0.031746031746031744,88,0.10744810744810745,149,0.18192918192918192,171,0.2087912087912088,131,0.15995115995115994,216,0.26373626373626374,38,0.0463980463980464,D,819,"500,000 a 999,999",1409800010775
98,San Pedro Tlaquepaque,1,Tlaquepaque,0794,38,0.03615604186489058,100,0.09514747859181731,148,0.14081826831588962,186,0.17697431018078022,196,0.18648905803996194,304,0.28924833491912466,79,0.07516650808753568,D,1051,"500,000 a 999,999",1409800010794
98,San Pedro Tlaquepaque,1,Tlaquepaque,0807,78,0.06132075471698113,154,0.12106918238993711,253,0.1988993710691824,242,0.19025157232704404,208,0.16352201257861634,285,0.2240566037735849,52,0.040880503144654086,D,1272,"500,000 a 999,999",1409800010807
98,San Pedro Tlaquepaque,1,Tlaquepaque,085A,33,0.02801358234295416,132,0.11205432937181664,210,0.17826825127334464,222,0.18845500848896435,199,0.16893039049235994,315,0.267402376910017,67,0.056876061120543296,D,1178,"500,000 a 999,999",140980001085A
98,San Pedro Tlaquepaque,1,Tlaquepaque,0879,,,,,,,,,,,,,,,,,"500,000 a 999,999",1409800010879
98,San Pedro Tlaquepaque,1,Tlaquepaque,0953,248,0.10735930735930736,508,0.21991341991341992,494,0.21385281385281385,333,0.14415584415584415,284,0.12294372294372294,374,0.1619047619047619,69,0.02987012987012987,C+,2310,"500,000 a 999,999",1409800010953
98,San Pedro Tlaquepaque,1,Tlaquepaque,0968,34,0.015287769784172662,111,0.049910071942446045,310,0.1393884892086331,364,0.16366906474820145,447,0.20098920863309352,835,0.3754496402877698,123,0.055305755395683456,D,2224,"500,000 a 999,999",1409800010968
98,San Pedro Tlaquepaque,1,Tlaquepaque,0972,7,0.01282051282051282,41,0.07509157509157509,80,0.14652014652014653,104,0.19047619047619047,90,0.16483516483516483,185,0.33882783882783885,39,0.07142857142857142,D,546,"500,000 a 999,999",1409800010972
98,San Pedro Tlaquepaque,1,Tlaquepaque,0987,59,0.05207413945278023,130,0.1147396293027361,202,0.17828773168578993,192,0.16946160635481025,212,0.18711385701676964,288,0.25419240953221534,50,0.0441306266548985,D,1133,"500,000 a 999,999",1409800010987
98,San Pedro Tlaquepaque,1,Tlaquepaque,0991,13,0.03903903903903904,29,0.08708708708708708,47,0.14114114114114115,54,0.16216216216216217,76,0.22822822822822822,100,0.3003003003003003,14,0.042042042042042045,D,333,"500,000 a 999,999",1409800010991
98,San Pedro Tlaquepaque,1,Tlaquepaque,103A,63,0.053800170794193,150,0.12809564474807855,246,0.21007685738684884,240,0.2049530315969257,195,0.16652433817250215,246,0.21007685738684884,31,0.026473099914602904,D,1171,"500,000 a 999,999",140980001103A
98,San Pedro Tlaquepaque,1,Tlaquepaque,1044,55,0.038924274593064405,155,0.10969568294409059,216,0.15286624203821655,270,0.1910828025477707,239,0.16914366595895258,398,0.2816702052370842,80,0.056617126680820945,D,1413,"500,000 a 999,999",1409800011044
98,San Pedro Tlaquepaque,1,Tlaquepaque,1059,34,0.03976608187134503,103,0.12046783625730995,145,0.1695906432748538,191,0.22339181286549709,145,0.1695906432748538,196,0.22923976608187135,41,0.047953216374269005,D,855,"500,000 a 999,999",1409800011059
98,San Pedro Tlaquepaque,1,Tlaquepaque,1063,50,0.044762757385854966,131,0.11727842435094002,176,0.1575649059982095,203,0.18173679498657117,233,0.20859444941808417,272,0.24350940017905104,52,0.046553267681289166,D,1117,"500,000 a 999,999",1409800011063
98,San Pedro Tlaquepaque,1,Tlaquepaque,1078,46,0.04114490161001789,111,0.09928443649373882,146,0.13059033989266547,180,0.16100178890876565,209,0.18694096601073346,338,0.3023255813953488,88,0.07871198568872988,D,1118,"500,000 a 999,999",1409800011078
98,San Pedro Tlaquepaque,1,Tlaquepaque,1082,58,0.04403948367501898,175,0.13287775246772968,226,0.1716021260440395,236,0.1791951404707669,214,0.1624905087319666,323,0.24525436598329536,85,0.06454062262718299,D,1317,"500,000 a 999,999",1409800011082
98,San Pedro Tlaquepaque,1,Tlaquepaque,1097,156,0.08798646362098139,393,0.22165820642978004,422,0.2380146644106035,354,0.1996615905245347,212,0.11957134799774394,198,0.1116751269035533,38,0.02143260011280316,C,1773,"500,000 a 999,999",1409800011097
98,San Pedro Tlaquepaque,1,Tlaquepaque,110A,106,0.09075342465753425,236,0.20205479452054795,223,0.1909246575342466,183,0.1566780821917808,139,0.1190068493150685,240,0.2054794520547945,41,0.0351027397260274,D,1168,"500,000 a 999,999",140980001110A
98,San Pedro Tlaquepaque,1,Tlaquepaque,1152,74,0.0549777117384844,177,0.13150074294205052,227,0.1686478454680535,237,0.1760772659732541,219,0.16270430906389302,336,0.24962852897473997,76,0.05646359583952452,D,1346,"500,000 a 999,999",1409800011152
98,San Pedro Tlaquepaque,1,Tlaquepaque,1167,52,0.06053550640279395,130,0.15133876600698487,172,0.20023282887077998,147,0.17112922002328287,149,0.17345750873108265,178,0.20721769499417927,31,0.03608847497089639,D,859,"500,000 a 999,999",1409800011167
98,San Pedro Tlaquepaque,1,Tlaquepaque,1171,22,0.0267639902676399,75,0.09124087591240876,97,0.11800486618004866,137,0.16666666666666666,141,0.17153284671532848,255,0.3102189781021898,95,0.11557177615571776,D,822,"500,000 a 999,999",1409800011171
98,San Pedro Tlaquepaque,1,Tlaquepaque,1186,16,0.02831858407079646,35,0.061946902654867256,70,0.12389380530973451,110,0.19469026548672566,112,0.19823008849557522,167,0.29557522123893804,55,0.09734513274336283,D,565,"500,000 a 999,999",1409800011186
98,San Pedro Tlaquepaque,1,Tlaquepaque,1190,51,0.039140445126630855,98,0.07521105141980046,183,0.14044512663085187,212,0.1627014581734459,234,0.17958557175748274,419,0.3215656178050652,106,0.08135072908672294,D,1303,"500,000 a 999,999",1409800011190
98,San Pedro Tlaquepaque,1,Tlaquepaque,1203,38,0.036893203883495145,85,0.0825242718446602,176,0.170873786407767,166,0.16116504854368932,192,0.18640776699029127,293,0.28446601941747574,80,0.07766990291262135,D,1030,"500,000 a 999,999",1409800011203
98,San Pedro Tlaquepaque,1,Tlaquepaque,1218,23,0.01639344262295082,111,0.07911617961511047,221,0.15751960085531005,251,0.17890235210263722,246,0.17533856022808267,449,0.32002851033499646,102,0.07270135424091233,D,1403,"500,000 a 999,999",1409800011218
98,San Pedro Tlaquepaque,1,Tlaquepaque,1222,45,0.033860045146726865,112,0.08427389014296463,224,0.16854778028592926,304,0.2287434161023326,258,0.19413092550790068,321,0.24153498871331827,65,0.04890895410082769,D,1329,"500,000 a 999,999",1409800011222
98,San Pedro Tlaquepaque,1,Tlaquepaque,1237,32,0.027280477408354646,80,0.06820119352088662,207,0.17647058823529413,202,0.17220801364023872,199,0.16965046888320545,368,0.3137254901960784,85,0.07246376811594203,D,1173,"500,000 a 999,999",1409800011237
98,San Pedro Tlaquepaque,1,Tlaquepaque,1241,15,0.025906735751295335,45,0.07772020725388601,95,0.16407599309153714,117,0.20207253886010362,110,0.18998272884283246,166,0.2867012089810017,31,0.0535405872193437,D,579,"500,000 a 999,999",1409800011241
98,San Pedro Tlaquepaque,1,Tlaquepaque,1256,26,0.09285714285714286,37,0.13214285714285715,34,0.12142857142857143,62,0.22142857142857142,46,0.16428571428571428,58,0.20714285714285716,17,0.060714285714285714,C-,280,"500,000 a 999,999",1409800011256
98,San Pedro Tlaquepaque,1,Tlaquepaque,1260,39,0.06842105263157895,73,0.1280701754385965,112,0.19649122807017544,87,0.15263157894736842,94,0.1649122807017544,135,0.23684210526315788,30,0.05263157894736842,D,570,"500,000 a 999,999",1409800011260
98,San Pedro Tlaquepaque,1,Tlaquepaque,1294,35,0.04196642685851319,74,0.08872901678657075,142,0.17026378896882494,147,0.17625899280575538,150,0.17985611510791366,240,0.28776978417266186,46,0.05515587529976019,D,834,"500,000 a 999,999",1409800011294
98,San Pedro Tlaquepaque,1,Tlaquepaque,1330,76,0.08775981524249422,208,0.24018475750577367,183,0.2113163972286374,167,0.1928406466512702,126,0.14549653579676675,89,0.10277136258660508,17,0.019630484988452657,C+,866,"500,000 a 999,999",1409800011330
98,San Pedro Tlaquepaque,1,Tlaquepaque,1345,105,0.11017838405036726,246,0.25813221406086045,211,0.22140608604407136,155,0.1626442812172088,113,0.11857292759706191,99,0.10388247639034627,24,0.025183630640083946,C+,953,"500,000 a 999,999",1409800011345
98,San Pedro Tlaquepaque,1,Tlaquepaque,135A,62,0.037781840341255334,152,0.09262644728823888,260,0.15843997562461914,301,0.1834247410115783,324,0.19744058500914077,448,0.2730042656916514,94,0.05728214503351615,D,1641,"500,000 a 999,999",140980001135A
98,San Pedro Tlaquepaque,1,Tlaquepaque,1364,47,0.058385093167701865,94,0.11677018633540373,132,0.1639751552795031,150,0.18633540372670807,128,0.15900621118012423,214,0.26583850931677017,40,0.049689440993788817,D,805,"500,000 a 999,999",1409800011364
98,San Pedro Tlaquepaque,1,Tlaquepaque,1379,77,0.05604075691411936,220,0.16011644832605532,277,0.20160116448326054,265,0.19286754002911208,182,0.1324599708879185,299,0.21761280931586607,54,0.039301310043668124,D,1374,"500,000 a 999,999",1409800011379
98,San Pedro Tlaquepaque,1,Tlaquepaque,1383,36,0.0448318804483188,82,0.10211706102117062,106,0.1320049813200498,169,0.21046077210460773,138,0.1718555417185554,208,0.2590286425902864,64,0.07970112079701121,D,803,"500,000 a 999,999",1409800011383
98,San Pedro Tlaquepaque,1,Tlaquepaque,1398,72,0.07586933614330875,120,0.12644889357218125,156,0.1643835616438356,174,0.1833508956796628,147,0.15489989462592202,236,0.24868282402528977,44,0.04636459430979979,D,949,"500,000 a 999,999",1409800011398
98,San Pedro Tlaquepaque,1,Tlaquepaque,142A,16,0.041025641025641026,40,0.10256410256410256,57,0.14615384615384616,53,0.1358974358974359,70,0.1794871794871795,118,0.30256410256410254,36,0.09230769230769231,D,390,"500,000 a 999,999",140980001142A
98,San Pedro Tlaquepaque,1,Tlaquepaque,1434,29,0.06575963718820861,49,0.1111111111111111,62,0.14058956916099774,69,0.1564625850340136,83,0.18820861678004536,120,0.272108843537415,29,0.06575963718820861,D,441,"500,000 a 999,999",1409800011434
98,San Pedro Tlaquepaque,1,Tlaquepaque,1449,75,0.07246376811594203,133,0.1285024154589372,193,0.18647342995169083,190,0.18357487922705315,170,0.1642512077294686,222,0.2144927536231884,52,0.050241545893719805,D,1035,"500,000 a 999,999",1409800011449
98,San Pedro Tlaquepaque,1,Tlaquepaque,1453,28,0.04185351270553064,49,0.07324364723467862,111,0.16591928251121077,124,0.18535127055306427,121,0.18086696562032886,177,0.2645739910313901,59,0.08819133034379671,D,669,"500,000 a 999,999",1409800011453
98,San Pedro Tlaquepaque,1,Tlaquepaque,1468,30,0.03264417845484222,65,0.07072905331882481,123,0.1338411316648531,173,0.1882480957562568,168,0.18280739934711643,279,0.30359085963003263,81,0.088139281828074,D,919,"500,000 a 999,999",1409800011468
98,San Pedro Tlaquepaque,1,Tlaquepaque,1491,46,0.0706605222734255,104,0.1597542242703533,101,0.15514592933947774,108,0.16589861751152074,108,0.16589861751152074,155,0.23809523809523808,29,0.0445468509984639,D,651,"500,000 a 999,999",1409800011491
98,San Pedro Tlaquepaque,1,Tlaquepaque,1504,65,0.08904109589041095,125,0.17123287671232876,135,0.18493150684931506,120,0.1643835616438356,107,0.14657534246575343,148,0.20273972602739726,30,0.0410958904109589,D,730,"500,000 a 999,999",1409800011504
98,San Pedro Tlaquepaque,1,Tlaquepaque,1519,188,0.14873417721518986,320,0.25316455696202533,279,0.22072784810126583,227,0.17958860759493672,117,0.0925632911392405,126,0.09968354430379747,7,0.005537974683544304,C+,1264,"500,000 a 999,999",1409800011519
98,San Pedro Tlaquepaque,1,Tlaquepaque,1538,67,0.04731638418079096,144,0.1016949152542373,235,0.16596045197740114,201,0.1419491525423729,245,0.1730225988700565,376,0.2655367231638418,148,0.10451977401129943,D,1416,"500,000 a 999,999",1409800011538
98,San Pedro Tlaquepaque,1,Tlaquepaque,1542,68,0.096045197740113,139,0.1963276836158192,147,0.2076271186440678,148,0.20903954802259886,69,0.09745762711864407,112,0.15819209039548024,25,0.03531073446327684,C-,708,"500,000 a 999,999",1409800011542
98,San Pedro Tlaquepaque,1,Tlaquepaque,1576,41,0.040553907022749754,95,0.09396636993076163,155,0.1533135509396637,169,0.1671612265084075,177,0.17507418397626112,317,0.3135509396636993,57,0.05637982195845697,D,1011,"500,000 a 999,999",1409800011576
98,San Pedro Tlaquepaque,1,Tlaquepaque,1595,30,0.04451038575667656,104,0.1543026706231454,106,0.1572700296735905,121,0.1795252225519288,119,0.17655786350148367,153,0.22700296735905046,41,0.06083086053412463,D,674,"500,000 a 999,999",1409800011595
98,San Pedro Tlaquepaque,1,Tlaquepaque,1608,31,0.061752988047808766,63,0.1254980079681275,111,0.22111553784860558,88,0.1752988047808765,65,0.1294820717131474,121,0.2410358565737052,23,0.045816733067729085,D,502,"500,000 a 999,999",1409800011608
98,San Pedro Tlaquepaque,1,Tlaquepaque,1631,37,0.049664429530201344,82,0.11006711409395974,110,0.1476510067114094,136,0.1825503355704698,131,0.17583892617449665,214,0.287248322147651,35,0.04697986577181208,D,745,"500,000 a 999,999",1409800011631
98,San Pedro Tlaquepaque,1,Tlaquepaque,1646,24,0.030112923462986198,71,0.0890840652446675,119,0.1493099121706399,162,0.20326223337515684,131,0.164366373902133,221,0.27728983688833125,69,0.08657465495608532,D,797,"500,000 a 999,999",1409800011646
98,San Pedro Tlaquepaque,1,Tlaquepaque,1650,30,0.1595744680851064,60,0.3191489361702128,50,0.26595744680851063,22,0.11702127659574468,6,0.031914893617021274,13,0.06914893617021277,7,0.03723404255319149,C+,188,"500,000 a 999,999",1409800011650
98,San Pedro Tlaquepaque,1,Tlaquepaque,1665,23,0.11219512195121951,68,0.33170731707317075,59,0.28780487804878047,28,0.13658536585365855,19,0.09268292682926829,8,0.03902439024390244,0,0.0,C+,205,"500,000 a 999,999",1409800011665
98,San Pedro Tlaquepaque,1,Tlaquepaque,167A,0,0.0,0,0.0,0,0.0,0,0.0,,,,,0,0.0,D,4,"500,000 a 999,999",140980001167A
98,San Pedro Tlaquepaque,1,Tlaquepaque,1684,65,0.19877675840978593,111,0.3394495412844037,74,0.22629969418960244,38,0.1162079510703364,24,0.07339449541284404,14,0.04281345565749235,,,C+,327,"500,000 a 999,999",1409800011684
98,San Pedro Tlaquepaque,1,Tlaquepaque,1699,46,0.09935205183585313,107,0.23110151187904968,95,0.20518358531317496,107,0.23110151187904968,63,0.13606911447084233,44,0.09503239740820735,,,C-,463,"500,000 a 999,999",1409800011699
98,San Pedro Tlaquepaque,1,Tlaquepaque,1716,45,0.1724137931034483,80,0.3065134099616858,64,0.24521072796934865,27,0.10344827586206896,22,0.0842911877394636,21,0.08045977011494253,,,C+,261,"500,000 a 999,999",1409800011716
98,San Pedro Tlaquepaque,1,Tlaquepaque,1720,0,0.0,3,0.12,5,0.2,5,0.2,4,0.16,7,0.28,,,D,25,"500,000 a 999,999",1409800011720
98,San Pedro Tlaquepaque,1,Tlaquepaque,1735,52,0.04553415061295972,128,0.11208406304728546,178,0.15586690017513136,202,0.17688266199649738,219,0.19176882661996497,298,0.2609457092819615,65,0.05691768826619965,D,1142,"500,000 a 999,999",1409800011735
98,San Pedro Tlaquepaque,1,Tlaquepaque,1769,34,0.03383084577114428,85,0.0845771144278607,174,0.17313432835820897,174,0.17313432835820897,203,0.2019900497512438,293,0.2915422885572139,42,0.041791044776119404,D,1005,"500,000 a 999,999",1409800011769
98,San Pedro Tlaquepaque,1,Tlaquepaque,1773,17,0.046831955922865015,32,0.0881542699724518,44,0.12121212121212122,59,0.162534435261708,63,0.17355371900826447,122,0.33608815426997246,26,0.07162534435261708,D,363,"500,000 a 999,999",1409800011773
98,San Pedro Tlaquepaque,1,Tlaquepaque,1788,,,,,,,,,4,0.18181818181818182,8,0.36363636363636365,3,0.13636363636363635,D,22,"500,000 a 999,999",1409800011788
98,San Pedro Tlaquepaque,1,Tlaquepaque,1792,0,0.0,,,,,5,0.2777777777777778,5,0.2777777777777778,6,0.3333333333333333,0,0.0,D,18,"500,000 a 999,999",1409800011792
98,San Pedro Tlaquepaque,1,Tlaquepaque,1805,4,0.04,10,0.1,14,0.14,16,0.16,11,0.11,34,0.34,11,0.11,D,100,"500,000 a 999,999",1409800011805
98,San Pedro Tlaquepaque,1,Tlaquepaque,181A,5,0.03731343283582089,13,0.09701492537313433,18,0.13432835820895522,30,0.22388059701492538,27,0.20149253731343283,30,0.22388059701492538,11,0.08208955223880597,D,134,"500,000 a 999,999",140980001181A
98,San Pedro Tlaquepaque,1,Tlaquepaque,1824,4,0.020100502512562814,7,0.035175879396984924,19,0.09547738693467336,28,0.1407035175879397,28,0.1407035175879397,84,0.4221105527638191,29,0.1457286432160804,D,199,"500,000 a 999,999",1409800011824
98,San Pedro Tlaquepaque,1,Tlaquepaque,1839,31,0.03066271018793274,97,0.09594460929772503,137,0.13550939663699307,182,0.18001978239366964,171,0.16913946587537093,309,0.3056379821958457,84,0.0830860534124629,D,1011,"500,000 a 999,999",1409800011839
98,San Pedro Tlaquepaque,1,Tlaquepaque,1843,38,0.051490514905149054,80,0.10840108401084012,120,0.16260162601626016,131,0.17750677506775067,119,0.16124661246612465,200,0.27100271002710025,50,0.06775067750677506,D,738,"500,000 a 999,999",1409800011843
98,San Pedro Tlaquepaque,1,Tlaquepaque,1858,0,0.0,,,,,3,0.25,3,0.25,3,0.25,0,0.0,D,12,"500,000 a 999,999",1409800011858
98,San Pedro Tlaquepaque,1,Tlaquepaque,1862,3,0.007352941176470588,22,0.05392156862745098,29,0.07107843137254902,68,0.16666666666666666,69,0.16911764705882354,165,0.40441176470588236,52,0.12745098039215685,D,408,"500,000 a 999,999",1409800011862
98,San Pedro Tlaquepaque,1,Tlaquepaque,1877,11,0.03536977491961415,22,0.0707395498392283,55,0.17684887459807075,38,0.12218649517684887,56,0.18006430868167203,100,0.3215434083601286,29,0.0932475884244373,D,311,"500,000 a 999,999",1409800011877
98,San Pedro Tlaquepaque,1,Tlaquepaque,1909,58,0.05420560747663551,138,0.12897196261682242,195,0.1822429906542056,206,0.1925233644859813,168,0.15700934579439252,241,0.2252336448598131,64,0.059813084112149535,D,1070,"500,000 a 999,999",1409800011909
98,San Pedro Tlaquepaque,1,Tlaquepaque,1913,38,0.0625,75,0.12335526315789473,100,0.16447368421052633,128,0.21052631578947367,95,0.15625,146,0.24013157894736842,26,0.04276315789473684,D,608,"500,000 a 999,999",1409800011913
98,San Pedro Tlaquepaque,1,Tlaquepaque,1928,25,0.22123893805309736,17,0.1504424778761062,13,0.11504424778761062,17,0.1504424778761062,19,0.168141592920354,19,0.168141592920354,3,0.02654867256637168,A/B,113,"500,000 a 999,999",1409800011928
98,San Pedro Tlaquepaque,1,Tlaquepaque,1951,42,0.03523489932885906,98,0.08221476510067115,185,0.1552013422818792,246,0.2063758389261745,233,0.19546979865771813,328,0.2751677852348993,60,0.050335570469798654,D,1192,"500,000 a 999,999",1409800011951
98,San Pedro Tlaquepaque,1,Tlaquepaque,1966,64,0.043272481406355645,141,0.09533468559837728,208,0.14063556457065585,286,0.1933739012846518,271,0.1832319134550372,405,0.2738336713995943,104,0.07031778228532792,D,1479,"500,000 a 999,999",1409800011966
98,San Pedro Tlaquepaque,1,Tlaquepaque,1970,38,0.035480859010270774,108,0.10084033613445378,159,0.1484593837535014,185,0.17273576097105509,189,0.17647058823529413,324,0.3025210084033613,68,0.06349206349206349,D,1071,"500,000 a 999,999",1409800011970
98,San Pedro Tlaquepaque,1,Tlaquepaque,1985,0,0.0,0,0.0,0,0.0,0,0.0,,,5,0.7142857142857143,0,0.0,D,7,"500,000 a 999,999",1409800011985
98,San Pedro Tlaquepaque,1,Tlaquepaque,2004,3,0.01675977653631285,4,0.0223463687150838,23,0.12849162011173185,26,0.1452513966480447,49,0.2737430167597765,56,0.3128491620111732,18,0.1005586592178771,D,179,"500,000 a 999,999",1409800012004
98,San Pedro Tlaquepaque,1,Tlaquepaque,2042,11,0.08333333333333333,13,0.09848484848484848,23,0.17424242424242425,21,0.1590909090909091,20,0.15151515151515152,38,0.2878787878787879,6,0.045454545454545456,D,132,"500,000 a 999,999",1409800012042
98,San Pedro Tlaquepaque,1,Tlaquepaque,2061,0,0.0,3,0.061224489795918366,,,5,0.10204081632653061,13,0.2653061224489796,16,0.32653061224489793,10,0.20408163265306123,D,49,"500,000 a 999,999",1409800012061
98,San Pedro Tlaquepaque,1,Tlaquepaque,2076,0,0.0,0,0.0,,,3,0.21428571428571427,3,0.21428571428571427,5,0.35714285714285715,,,D,14,"500,000 a 999,999",1409800012076
98,San Pedro Tlaquepaque,1,Tlaquepaque,2095,,,,,,,,,,,,,,,,,"500,000 a 999,999",1409800012095
98,San Pedro Tlaquepaque,1,Tlaquepaque,2108,12,0.029197080291970802,31,0.07542579075425791,68,0.1654501216545012,72,0.17518248175182483,68,0.1654501216545012,134,0.3260340632603406,26,0.06326034063260341,D,411,"500,000 a 999,999",1409800012108
98,San Pedro Tlaquepaque,1,Tlaquepaque,2112,113,0.23395445134575568,155,0.32091097308488614,103,0.21325051759834368,51,0.10559006211180125,31,0.06418219461697723,25,0.051759834368530024,5,0.010351966873706004,C+,483,"500,000 a 999,999",1409800012112
98,San Pedro Tlaquepaque,1,Tlaquepaque,2131,129,0.06453226613306653,405,0.20260130065032517,464,0.2321160580290145,391,0.19559779889944973,314,0.1570785392696348,283,0.14157078539269635,13,0.0065032516258129065,C,1999,"500,000 a 999,999",1409800012131
98,San Pedro Tlaquepaque,1,Tlaquepaque,2150,107,0.08670988654781199,238,0.19286871961102106,269,0.2179902755267423,216,0.17504051863857376,163,0.13209076175040518,193,0.15640194489465153,48,0.03889789303079417,C,1234,"500,000 a 999,999",1409800012150
98,San Pedro Tlaquepaque,1,Tlaquepaque,2165,71,0.08875,129,0.16125,152,0.19,134,0.1675,118,0.1475,174,0.2175,22,0.0275,D,800,"500,000 a 999,999",1409800012165
98,San Pedro Tlaquepaque,1,Tlaquepaque,217A,92,0.11471321695760599,183,0.2281795511221945,184,0.22942643391521197,140,0.1745635910224439,113,0.14089775561097256,81,0.10099750623441396,9,0.011221945137157107,C,802,"500,000 a 999,999",140980001217A
98,San Pedro Tlaquepaque,1,Tlaquepaque,2199,38,0.050666666666666665,92,0.12266666666666666,104,0.13866666666666666,141,0.188,132,0.176,188,0.25066666666666665,55,0.07333333333333333,D,750,"500,000 a 999,999",1409800012199
98,San Pedro Tlaquepaque,1,Tlaquepaque,2201,53,0.05057251908396947,70,0.06679389312977099,135,0.12881679389312978,172,0.16412213740458015,169,0.16125954198473283,367,0.3501908396946565,82,0.07824427480916031,D,1048,"500,000 a 999,999",1409800012201
98,San Pedro Tlaquepaque,1,Tlaquepaque,2216,45,0.038527397260273974,88,0.07534246575342465,138,0.11815068493150685,166,0.1421232876712329,197,0.16866438356164384,407,0.348458904109589,127,0.10873287671232877,D,1168,"500,000 a 999,999",1409800012216
98,San Pedro Tlaquepaque,1,Tlaquepaque,2220,86,0.10617283950617284,120,0.14814814814814814,149,0.18395061728395062,142,0.17530864197530865,111,0.13703703703703704,166,0.20493827160493827,36,0.044444444444444446,D,810,"500,000 a 999,999",1409800012220
98,San Pedro Tlaquepaque,1,Tlaquepaque,2235,20,0.02936857562408223,57,0.08370044052863436,96,0.14096916299559473,147,0.21585903083700442,129,0.1894273127753304,177,0.2599118942731278,55,0.08076358296622614,D,681,"500,000 a 999,999",1409800012235
98,San Pedro Tlaquepaque,1,Tlaquepaque,224A,16,0.028021015761821366,58,0.10157618213660245,101,0.17688266199649738,96,0.1681260945709282,105,0.18388791593695272,167,0.29246935201401053,28,0.04903677758318739,D,571,"500,000 a 999,999",140980001224A
98,San Pedro Tlaquepaque,1,Tlaquepaque,2254,31,0.04299583911234397,58,0.08044382801664356,102,0.14147018030513175,121,0.1678224687933426,116,0.1608876560332871,237,0.3287101248266297,56,0.07766990291262135,D,721,"500,000 a 999,999",1409800012254
98,San Pedro Tlaquepaque,1,Tlaquepaque,2269,11,0.016591251885369532,46,0.0693815987933635,98,0.1478129713423831,117,0.17647058823529413,120,0.18099547511312217,226,0.34087481146304677,45,0.06787330316742081,D,663,"500,000 a 999,999",1409800012269
98,San Pedro Tlaquepaque,1,Tlaquepaque,2273,16,0.00936768149882904,119,0.06967213114754098,289,0.16920374707259953,353,0.2066744730679157,354,0.20725995316159251,496,0.2903981264637002,81,0.04742388758782201,D,1708,"500,000 a 999,999",1409800012273
98,San Pedro Tlaquepaque,1,Tlaquepaque,2292,122,0.07402912621359223,315,0.19114077669902912,407,0.24696601941747573,373,0.2263349514563107,247,0.14987864077669902,178,0.10800970873786407,6,0.0036407766990291263,C,1648,"500,000 a 999,999",1409800012292
98,San Pedro Tlaquepaque,1,Tlaquepaque,2343,183,0.14926590538336051,300,0.24469820554649266,266,0.2169657422512235,201,0.1639477977161501,133,0.10848287112561175,123,0.100326264274062,20,0.01631321370309951,C+,1226,"500,000 a 999,999",1409800012343
98,San Pedro Tlaquepaque,1,Tlaquepaque,2358,130,0.08327994875080078,236,0.15118513773222295,324,0.20755925688661114,298,0.190903267136451,284,0.18193465727098015,263,0.16848174247277387,26,0.016655989750160152,C,1561,"500,000 a 999,999",1409800012358
98,San Pedro Tlaquepaque,1,Tlaquepaque,2362,175,0.06814641744548286,385,0.1499221183800623,547,0.21300623052959503,569,0.22157320872274144,437,0.17017133956386293,435,0.169392523364486,20,0.00778816199376947,C-,2568,"500,000 a 999,999",1409800012362
98,San Pedro Tlaquepaque,1,Tlaquepaque,2377,632,0.17817874259937977,1015,0.2861573160417254,709,0.19988722864392444,520,0.14660276289822385,351,0.0989568649563011,306,0.08627008739780095,14,0.0039469974626444885,C+,3547,"500,000 a 999,999",1409800012377
98,San Pedro Tlaquepaque,1,Tlaquepaque,2381,148,0.2840690978886756,160,0.30710172744721687,67,0.12859884836852206,71,0.1362763915547025,31,0.05950095969289827,41,0.07869481765834933,3,0.005758157389635317,C+,521,"500,000 a 999,999",1409800012381
98,San Pedro Tlaquepaque,1,Tlaquepaque,2413,214,0.2511737089201878,213,0.25,155,0.18192488262910797,107,0.1255868544600939,70,0.08215962441314555,75,0.0880281690140845,18,0.02112676056338028,A/B,852,"500,000 a 999,999",1409800012413
98,San Pedro Tlaquepaque,1,Tlaquepaque,2428,141,0.13067655236329936,237,0.2196478220574606,237,0.2196478220574606,194,0.17979610750695088,136,0.12604263206672844,119,0.1102873030583874,15,0.013901760889712697,C,1079,"500,000 a 999,999",1409800012428
98,San Pedro Tlaquepaque,1,Tlaquepaque,2432,57,0.042316258351893093,152,0.11284335560504825,256,0.1900519673348181,279,0.2071269487750557,258,0.1915367483296214,303,0.22494432071269488,42,0.031180400890868598,D,1347,"500,000 a 999,999",1409800012432
98,San Pedro Tlaquepaque,1,Tlaquepaque,2447,24,0.03614457831325301,100,0.15060240963855423,122,0.18373493975903615,162,0.24397590361445784,111,0.16716867469879518,125,0.18825301204819278,20,0.030120481927710843,C-,664,"500,000 a 999,999",1409800012447
98,San Pedro Tlaquepaque,1,Tlaquepaque,2451,25,0.039619651347068144,99,0.15689381933438987,123,0.1949286846275753,142,0.22503961965134706,108,0.17115689381933438,111,0.17591125198098256,23,0.03645007923930269,C-,631,"500,000 a 999,999",1409800012451
98,San Pedro Tlaquepaque,1,Tlaquepaque,2466,369,0.19278996865203762,603,0.31504702194357365,397,0.20741901776384536,250,0.13061650992685475,178,0.09299895506792058,110,0.05747126436781609,7,0.0036572622779519333,C+,1914,"500,000 a 999,999",1409800012466
98,San Pedro Tlaquepaque,1,Tlaquepaque,2470,34,0.0517503805175038,82,0.1248097412480974,156,0.2374429223744292,135,0.2054794520547945,129,0.1963470319634703,113,0.1719939117199391,8,0.0121765601217656,C,657,"500,000 a 999,999",1409800012470
98,San Pedro Tlaquepaque,1,Tlaquepaque,2485,55,0.08856682769726248,93,0.1497584541062802,121,0.19484702093397746,135,0.21739130434782608,96,0.15458937198067632,101,0.16264090177133655,20,0.0322061191626409,C-,621,"500,000 a 999,999",1409800012485
98,San Pedro Tlaquepaque,1,Tlaquepaque,249A,28,0.03341288782816229,84,0.10023866348448687,153,0.18257756563245822,202,0.24105011933174225,173,0.2064439140811456,182,0.2171837708830549,16,0.01909307875894988,C-,838,"500,000 a 999,999",140980001249A
98,San Pedro Tlaquepaque,1,Tlaquepaque,2502,15,0.07653061224489796,12,0.061224489795918366,36,0.1836734693877551,36,0.1836734693877551,29,0.14795918367346939,55,0.28061224489795916,13,0.0663265306122449,D,196,"500,000 a 999,999",1409800012502
98,San Pedro Tlaquepaque,1,Tlaquepaque,2517,146,0.1959731543624161,342,0.4590604026845638,156,0.20939597315436242,67,0.08993288590604027,26,0.0348993288590604,8,0.010738255033557046,0,0.0,C+,745,"500,000 a 999,999",1409800012517
98,San Pedro Tlaquepaque,1,Tlaquepaque,2521,0,0.0,0,0.0,0,0.0,0,0.0,,,3,0.75,0,0.0,D,4,"500,000 a 999,999",1409800012521
98,San Pedro Tlaquepaque,1,Tlaquepaque,2536,24,0.19834710743801653,32,0.2644628099173554,34,0.2809917355371901,21,0.17355371900826447,7,0.05785123966942149,3,0.024793388429752067,0,0.0,C,121,"500,000 a 999,999",1409800012536
98,San Pedro Tlaquepaque,1,Tlaquepaque,2540,0,0.0,,,,,,,,,5,0.38461538461538464,,,D,13,"500,000 a 999,999",1409800012540
98,San Pedro Tlaquepaque,1,Tlaquepaque,2555,265,0.12983831455169034,474,0.2322390984811367,491,0.24056834884860362,369,0.1807937285644292,252,0.12346888780009799,178,0.08721215090641843,12,0.005879470847623714,C,2041,"500,000 a 999,999",1409800012555
98,San Pedro Tlaquepaque,1,Tlaquepaque,256A,118,0.12291666666666666,257,0.2677083333333333,248,0.25833333333333336,171,0.178125,112,0.11666666666666667,50,0.052083333333333336,4,0.004166666666666667,C+,960,"500,000 a 999,999",140980001256A
98,San Pedro Tlaquepaque,1,Tlaquepaque,2574,1301,0.36290097629009765,1291,0.3601115760111576,567,0.1581589958158996,263,0.07336122733612273,80,0.022315202231520222,77,0.021478382147838215,6,0.0016736401673640166,A/B,3585,"500,000 a 999,999",1409800012574
98,San Pedro Tlaquepaque,1,Tlaquepaque,2589,129,0.10386473429951691,345,0.2777777777777778,319,0.25684380032206117,211,0.16988727858293076,141,0.11352657004830918,92,0.07407407407407407,5,0.004025764895330112,C+,1242,"500,000 a 999,999",1409800012589
98,San Pedro Tlaquepaque,1,Tlaquepaque,2606,123,0.12706611570247933,189,0.1952479338842975,214,0.22107438016528927,208,0.21487603305785125,129,0.13326446280991736,97,0.10020661157024793,8,0.008264462809917356,C,968,"500,000 a 999,999",1409800012606
98,San Pedro Tlaquepaque,1,Tlaquepaque,2610,74,0.08249721293199554,176,0.19620958751393533,248,0.27647714604236345,206,0.22965440356744704,100,0.11148272017837235,88,0.09810479375696766,5,0.005574136008918618,C,897,"500,000 a 999,999",1409800012610
98,San Pedro Tlaquepaque,1,Tlaquepaque,2625,53,0.0593505039193729,88,0.09854423292273236,152,0.1702127659574468,164,0.18365061590145576,157,0.17581187010078386,235,0.2631578947368421,44,0.04927211646136618,D,893,"500,000 a 999,999",1409800012625
98,San Pedro Tlaquepaque,1,Tlaquepaque,263A,25,0.04570383912248629,56,0.10237659963436929,71,0.12979890310786105,102,0.18647166361974407,96,0.17550274223034734,156,0.2851919561243144,41,0.07495429616087751,D,547,"500,000 a 999,999",140980001263A
98,San Pedro Tlaquepaque,1,Tlaquepaque,2644,15,0.046012269938650305,33,0.10122699386503067,64,0.19631901840490798,60,0.18404907975460122,63,0.19325153374233128,80,0.24539877300613497,11,0.03374233128834356,D,326,"500,000 a 999,999",1409800012644
98,San Pedro Tlaquepaque,1,Tlaquepaque,2659,33,0.03270564915758176,105,0.10406342913776016,158,0.1565906838453915,173,0.17145688800792863,216,0.21407333994053518,295,0.2923686818632309,29,0.028741328047571853,D,1009,"500,000 a 999,999",1409800012659
98,San Pedro Tlaquepaque,1,Tlaquepaque,2663,74,0.12914485165794065,165,0.2879581151832461,125,0.2181500872600349,98,0.17102966841186737,63,0.1099476439790576,43,0.07504363001745201,5,0.008726003490401396,C+,573,"500,000 a 999,999",1409800012663
98,San Pedro Tlaquepaque,1,Tlaquepaque,2697,89,0.10348837209302325,209,0.24302325581395348,226,0.2627906976744186,164,0.19069767441860466,95,0.11046511627906977,69,0.08023255813953488,8,0.009302325581395349,C,860,"500,000 a 999,999",1409800012697
98,San Pedro Tlaquepaque,1,Tlaquepaque,270A,77,0.07512195121951219,239,0.23317073170731709,280,0.2731707317073171,197,0.19219512195121952,122,0.11902439024390243,105,0.1024390243902439,5,0.004878048780487805,C,1025,"500,000 a 999,999",140980001270A
98,San Pedro Tlaquepaque,1,Tlaquepaque,2714,342,0.10923027786649633,806,0.25742574257425743,837,0.26732673267326734,545,0.1740657936761418,347,0.11082721175343341,243,0.07761098690514212,11,0.0035132545512615776,C,3131,"500,000 a 999,999",1409800012714
98,San Pedro Tlaquepaque,1,Tlaquepaque,2729,83,0.10440251572327044,237,0.2981132075471698,197,0.24779874213836478,130,0.16352201257861634,78,0.09811320754716982,67,0.08427672955974842,3,0.0037735849056603774,C+,795,"500,000 a 999,999",1409800012729
98,San Pedro Tlaquepaque,1,Tlaquepaque,2733,197,0.13419618528610355,388,0.26430517711171664,364,0.24795640326975477,248,0.16893732970027248,149,0.10149863760217984,119,0.08106267029972752,3,0.0020435967302452314,C+,1468,"500,000 a 999,999",1409800012733
98,San Pedro Tlaquepaque,1,Tlaquepaque,2748,5,0.04032258064516129,23,0.18548387096774194,20,0.16129032258064516,22,0.1774193548387097,11,0.08870967741935484,33,0.2661290322580645,10,0.08064516129032258,D,124,"500,000 a 999,999",1409800012748
98,San Pedro Tlaquepaque,1,Tlaquepaque,2752,82,0.16110019646365423,148,0.2907662082514735,120,0.2357563850687623,58,0.11394891944990176,37,0.07269155206286837,49,0.0962671905697446,15,0.029469548133595286,C+,509,"500,000 a 999,999",1409800012752
98,San Pedro Tlaquepaque,1,Tlaquepaque,2767,25,0.048355899419729204,60,0.11605415860735009,102,0.19729206963249515,88,0.1702127659574468,84,0.16247582205029013,130,0.2514506769825919,28,0.05415860735009671,D,517,"500,000 a 999,999",1409800012767
98,San Pedro Tlaquepaque,1,Tlaquepaque,2771,98,0.09116279069767441,267,0.2483720930232558,302,0.28093023255813954,184,0.17116279069767443,99,0.09209302325581395,106,0.0986046511627907,19,0.017674418604651163,C,1075,"500,000 a 999,999",1409800012771
98,San Pedro Tlaquepaque,1,Tlaquepaque,2786,18,0.024,66,0.088,138,0.184,170,0.22666666666666666,121,0.16133333333333333,189,0.252,48,0.064,D,750,"500,000 a 999,999",1409800012786
98,San Pedro Tlaquepaque,1,Tlaquepaque,2790,262,0.2668024439918534,288,0.29327902240325865,229,0.23319755600814665,126,0.12830957230142567,46,0.04684317718940937,29,0.029531568228105907,,,C+,982,"500,000 a 999,999",1409800012790
98,San Pedro Tlaquepaque,1,Tlaquepaque,2803,236,0.27314814814814814,276,0.3194444444444444,185,0.21412037037037038,103,0.11921296296296297,38,0.04398148148148148,26,0.03009259259259259,0,0.0,C+,864,"500,000 a 999,999",1409800012803
98,San Pedro Tlaquepaque,1,Tlaquepaque,2818,84,0.06896551724137931,218,0.17898193760262726,284,0.23316912972085385,216,0.17733990147783252,160,0.13136288998357964,216,0.17733990147783252,40,0.03284072249589491,C,1218,"500,000 a 999,999",1409800012818
98,San Pedro Tlaquepaque,1,Tlaquepaque,2822,46,0.054958183990442055,149,0.17801672640382318,180,0.21505376344086022,189,0.22580645161290322,154,0.18399044205495818,115,0.13739545997610514,4,0.0047789725209080045,C-,837,"500,000 a 999,999",1409800012822
98,San Pedro Tlaquepaque,1,Tlaquepaque,2837,93,0.12952646239554316,204,0.2841225626740947,158,0.2200557103064067,99,0.13788300835654596,74,0.10306406685236769,79,0.11002785515320335,11,0.01532033426183844,C+,718,"500,000 a 999,999",1409800012837
98,San Pedro Tlaquepaque,1,Tlaquepaque,2841,65,0.07719714964370546,197,0.2339667458432304,210,0.2494061757719715,171,0.20308788598574823,87,0.10332541567695962,96,0.11401425178147269,16,0.019002375296912115,C,842,"500,000 a 999,999",1409800012841
98,San Pedro Tlaquepaque,1,Tlaquepaque,2856,226,0.1573816155988858,423,0.2945682451253482,332,0.23119777158774374,192,0.13370473537604458,123,0.08565459610027855,118,0.08217270194986072,22,0.01532033426183844,C+,1436,"500,000 a 999,999",1409800012856
98,San Pedro Tlaquepaque,1,Tlaquepaque,2860,61,0.07922077922077922,173,0.22467532467532467,197,0.2558441558441558,180,0.23376623376623376,103,0.13376623376623376,49,0.06363636363636363,7,0.00909090909090909,C,770,"500,000 a 999,999",1409800012860
98,San Pedro Tlaquepaque,1,Tlaquepaque,2894,140,0.3954802259887006,123,0.3474576271186441,49,0.1384180790960452,28,0.07909604519774012,11,0.031073446327683617,3,0.00847457627118644,0,0.0,A/B,354,"500,000 a 999,999",1409800012894
98,San Pedro Tlaquepaque,1,Tlaquepaque,2907,0,0.0,0,0.0,0,0.0,0,0.0,,,3,0.75,0,0.0,D,4,"500,000 a 999,999",1409800012907
98,San Pedro Tlaquepaque,1,Tlaquepaque,2911,353,0.3330188679245283,360,0.33962264150943394,204,0.19245283018867926,74,0.06981132075471698,44,0.04150943396226415,25,0.02358490566037736,0,0.0,C+,1060,"500,000 a 999,999",1409800012911
98,San Pedro Tlaquepaque,1,Tlaquepaque,2926,17,0.1827956989247312,31,0.3333333333333333,25,0.26881720430107525,11,0.11827956989247312,5,0.053763440860215055,,,,,C+,93,"500,000 a 999,999",1409800012926
98,San Pedro Tlaquepaque,1,Tlaquepaque,2930,4,0.034782608695652174,4,0.034782608695652174,5,0.043478260869565216,11,0.09565217391304348,11,0.09565217391304348,63,0.5478260869565217,17,0.14782608695652175,D,115,"500,000 a 999,999",1409800012930
98,San Pedro Tlaquepaque,1,Tlaquepaque,2964,56,0.26666666666666666,80,0.38095238095238093,44,0.20952380952380953,24,0.11428571428571428,5,0.023809523809523808,,,0,0.0,C+,210,"500,000 a 999,999",1409800012964
98,San Pedro Tlaquepaque,1,Tlaquepaque,2979,,,5,0.11627906976744186,4,0.09302325581395349,12,0.27906976744186046,6,0.13953488372093023,14,0.32558139534883723,,,D,43,"500,000 a 999,999",1409800012979
98,San Pedro Tlaquepaque,1,Tlaquepaque,2983,85,0.2236842105263158,127,0.33421052631578946,82,0.21578947368421053,42,0.11052631578947368,25,0.06578947368421052,18,0.04736842105263158,,,C+,380,"500,000 a 999,999",1409800012983
98,San Pedro Tlaquepaque,1,Tlaquepaque,2998,50,0.2127659574468085,100,0.425531914893617,58,0.24680851063829787,20,0.0851063829787234,5,0.02127659574468085,,,0,0.0,C+,235,"500,000 a 999,999",1409800012998
98,San Pedro Tlaquepaque,1,Tlaquepaque,3002,6,0.03636363636363636,19,0.11515151515151516,33,0.2,38,0.23030303030303031,40,0.24242424242424243,29,0.17575757575757575,0,0.0,D+,165,"500,000 a 999,999",1409800013002
98,San Pedro Tlaquepaque,1,Tlaquepaque,3036,0,0.0,,,4,0.07692307692307693,,,4,0.07692307692307693,21,0.40384615384615385,19,0.36538461538461536,D,52,"500,000 a 999,999",1409800013036
98,San Pedro Tlaquepaque,1,Tlaquepaque,3040,3,0.008333333333333333,6,0.016666666666666666,12,0.03333333333333333,35,0.09722222222222222,54,0.15,171,0.475,79,0.21944444444444444,D,360,"500,000 a 999,999",1409800013040
98,San Pedro Tlaquepaque,1,Tlaquepaque,3055,0,0.0,9,0.06206896551724138,11,0.07586206896551724,27,0.18620689655172415,19,0.1310344827586207,64,0.4413793103448276,15,0.10344827586206896,D,145,"500,000 a 999,999",1409800013055
98,San Pedro Tlaquepaque,1,Tlaquepaque,306A,,,4,0.058823529411764705,6,0.08823529411764706,6,0.08823529411764706,13,0.19117647058823528,22,0.3235294117647059,15,0.22058823529411764,D,68,"500,000 a 999,999",140980001306A
98,San Pedro Tlaquepaque,1,Tlaquepaque,3074,63,0.1171003717472119,180,0.3345724907063197,129,0.23977695167286245,87,0.16171003717472118,50,0.09293680297397769,26,0.048327137546468404,3,0.0055762081784386614,C+,538,"500,000 a 999,999",1409800013074
98,San Pedro Tlaquepaque,1,Tlaquepaque,3089,0,0.0,,,,,0,0.0,,,0,0.0,,,E,5,"500,000 a 999,999",1409800013089
98,San Pedro Tlaquepaque,1,Tlaquepaque,3093,0,0.0,,,,,4,0.21052631578947367,3,0.15789473684210525,6,0.3157894736842105,3,0.15789473684210525,D,19,"500,000 a 999,999",1409800013093
98,San Pedro Tlaquepaque,1,Tlaquepaque,3106,,,,,,,,,0,0.0,0,0.0,,,E,5,"500,000 a 999,999",1409800013106
98,San Pedro Tlaquepaque,1,Tlaquepaque,3110,,,,,,,,,,,,,,,,,"500,000 a 999,999",1409800013110
98,San Pedro Tlaquepaque,1,Tlaquepaque,3125,0,0.0,0,0.0,,,3,0.1,4,0.13333333333333333,17,0.5666666666666667,5,0.16666666666666666,D,30,"500,000 a 999,999",1409800013125
98,San Pedro Tlaquepaque,1,Tlaquepaque,313A,23,0.1419753086419753,78,0.48148148148148145,38,0.2345679012345679,12,0.07407407407407407,7,0.043209876543209874,4,0.024691358024691357,0,0.0,C+,162,"500,000 a 999,999",140980001313A
98,San Pedro Tlaquepaque,1,Tlaquepaque,3144,,,,,,,,,,,,,,,,,"500,000 a 999,999",1409800013144
98,San Pedro Tlaquepaque,1,Tlaquepaque,3163,,,37,0.057902973395931145,92,0.14397496087636932,135,0.2112676056338028,162,0.2535211267605634,202,0.3161189358372457,9,0.014084507042253521,D,639,"500,000 a 999,999",1409800013163
98,San Pedro Tlaquepaque,1,Tlaquepaque,3182,30,0.017657445556209534,135,0.07945850500294291,340,0.20011771630370806,417,0.24543849323131253,377,0.22189523248969983,392,0.2307239552678046,8,0.004708652148322542,C-,1699,"500,000 a 999,999",1409800013182
98,San Pedro Tlaquepaque,1,Tlaquepaque,3197,0,0.0,3,0.07142857142857142,3,0.07142857142857142,5,0.11904761904761904,4,0.09523809523809523,21,0.5,6,0.14285714285714285,D,42,"500,000 a 999,999",1409800013197
98,San Pedro Tlaquepaque,1,Tlaquepaque,320A,151,0.07394711067580803,413,0.20225269343780608,514,0.2517140058765916,443,0.2169441723800196,305,0.1493633692458374,204,0.09990205680705191,12,0.005876591576885406,C,2042,"500,000 a 999,999",140980001320A
98,San Pedro Tlaquepaque,1,Tlaquepaque,3214,80,0.049170251997541485,307,0.18869084204056547,441,0.27105101413644744,381,0.23417332513829134,240,0.14751075599262448,165,0.10141364474492932,13,0.007990165949600492,C,1627,"500,000 a 999,999",1409800013214
98,San Pedro Tlaquepaque,1,Tlaquepaque,3252,0,0.0,3,0.05454545454545454,9,0.16363636363636364,13,0.23636363636363636,13,0.23636363636363636,17,0.3090909090909091,0,0.0,D,55,"500,000 a 999,999",1409800013252
98,San Pedro Tlaquepaque,1,Tlaquepaque,3267,84,0.2420749279538905,145,0.41786743515850144,74,0.2132564841498559,28,0.08069164265129683,11,0.03170028818443804,5,0.01440922190201729,0,0.0,C+,347,"500,000 a 999,999",1409800013267
98,San Pedro Tlaquepaque,1,Tlaquepaque,3271,72,0.1994459833795014,175,0.48476454293628807,72,0.1994459833795014,27,0.07479224376731301,11,0.030470914127423823,4,0.0110803324099723,0,0.0,C+,361,"500,000 a 999,999",1409800013271
98,San Pedro Tlaquepaque,1,Tlaquepaque,3286,129,0.24431818181818182,220,0.4166666666666667,112,0.21212121212121213,47,0.08901515151515152,14,0.026515151515151516,6,0.011363636363636364,0,0.0,C+,528,"500,000 a 999,999",1409800013286
98,San Pedro Tlaquepaque,1,Tlaquepaque,3290,0,0.0,4,0.042105263157894736,10,0.10526315789473684,12,0.12631578947368421,14,0.14736842105263157,40,0.42105263157894735,15,0.15789473684210525,D,95,"500,000 a 999,999",1409800013290
98,San Pedro Tlaquepaque,1,Tlaquepaque,3303,,,4,0.0547945205479452,9,0.1232876712328767,10,0.136986301369863,17,0.2328767123287671,26,0.3561643835616438,5,0.0684931506849315,D,73,"500,000 a 999,999",1409800013303
98,San Pedro Tlaquepaque,1,Tlaquepaque,3318,0,0.0,0,0.0,0,0.0,,,3,0.05555555555555555,34,0.6296296296296297,16,0.2962962962962963,D,54,"500,000 a 999,999",1409800013318
98,San Pedro Tlaquepaque,1,Tlaquepaque,3322,4,0.010443864229765013,13,0.033942558746736295,32,0.0835509138381201,49,0.1279373368146214,67,0.17493472584856398,139,0.3629242819843342,79,0.206266318537859,D,383,"500,000 a 999,999",1409800013322
98,San Pedro Tlaquepaque,1,Tlaquepaque,3337,4,0.01509433962264151,6,0.022641509433962263,17,0.06415094339622641,23,0.08679245283018867,40,0.1509433962264151,104,0.39245283018867927,71,0.2679245283018868,D,265,"500,000 a 999,999",1409800013337
98,San Pedro Tlaquepaque,1,Tlaquepaque,3341,4,0.01078167115902965,,,22,0.05929919137466307,24,0.0646900269541779,52,0.14016172506738545,189,0.5094339622641509,79,0.21293800539083557,D,371,"500,000 a 999,999",1409800013341
98,San Pedro Tlaquepaque,1,Tlaquepaque,3356,0,0.0,0,0.0,0,0.0,,,,,0,0.0,,,E,3,"500,000 a 999,999",1409800013356
98,San Pedro Tlaquepaque,1,Tlaquepaque,3375,104,0.21181262729124237,217,0.4419551934826884,111,0.22606924643584522,34,0.06924643584521385,14,0.028513238289205704,10,0.020366598778004074,,,C+,491,"500,000 a 999,999",1409800013375
98,San Pedro Tlaquepaque,1,Tlaquepaque,338A,,,,,4,0.05263157894736842,13,0.17105263157894737,11,0.14473684210526316,33,0.4342105263157895,12,0.15789473684210525,D,76,"500,000 a 999,999",140980001338A
98,San Pedro Tlaquepaque,1,Tlaquepaque,3394,,,0,0.0,3,0.09090909090909091,,,4,0.12121212121212122,13,0.3939393939393939,11,0.3333333333333333,D,33,"500,000 a 999,999",1409800013394
98,San Pedro Tlaquepaque,1,Tlaquepaque,3411,10,0.136986301369863,27,0.3698630136986301,23,0.3150684931506849,8,0.1095890410958904,5,0.0684931506849315,0,0.0,0,0.0,C+,73,"500,000 a 999,999",1409800013411
98,San Pedro Tlaquepaque,3,La Calerilla,0012,4,0.022222222222222223,10,0.05555555555555555,21,0.11666666666666667,27,0.15,34,0.18888888888888888,64,0.35555555555555557,20,0.1111111111111111,D,180,500 a 999,1409800030012
98,San Pedro Tlaquepaque,14,Santa Anita,0027,61,0.07210401891252956,105,0.12411347517730496,150,0.1773049645390071,165,0.1950354609929078,128,0.15130023640661938,192,0.22695035460992907,45,0.05319148936170213,D,846,"15,000 a 29,999",1409800140027
98,San Pedro Tlaquepaque,14,Santa Anita,1114,40,0.04926108374384237,132,0.1625615763546798,163,0.20073891625615764,163,0.20073891625615764,117,0.1440886699507389,144,0.17733990147783252,53,0.06527093596059114,C-,812,"15,000 a 29,999",1409800141114
98,San Pedro Tlaquepaque,14,Santa Anita,1129,93,0.06305084745762712,267,0.18101694915254238,320,0.21694915254237288,303,0.20542372881355933,228,0.15457627118644068,227,0.15389830508474575,37,0.025084745762711864,C,1475,"15,000 a 29,999",1409800141129
98,San Pedro Tlaquepaque,14,Santa Anita,2019,27,0.07105263157894737,73,0.19210526315789472,55,0.14473684210526316,79,0.20789473684210527,62,0.1631578947368421,66,0.1736842105263158,18,0.04736842105263158,C-,380,"15,000 a 29,999",1409800142019
98,San Pedro Tlaquepaque,14,Santa Anita,2023,45,0.06114130434782609,169,0.2296195652173913,166,0.22554347826086957,171,0.23233695652173914,93,0.12635869565217392,84,0.11413043478260869,8,0.010869565217391304,C-,736,"15,000 a 29,999",1409800142023
98,San Pedro Tlaquepaque,14,Santa Anita,2038,,,7,0.12727272727272726,12,0.21818181818181817,16,0.2909090909090909,11,0.2,7,0.12727272727272726,0,0.0,C-,55,"15,000 a 29,999",1409800142038
98,San Pedro Tlaquepaque,14,Santa Anita,2127,20,0.04219409282700422,75,0.15822784810126583,126,0.26582278481012656,101,0.21308016877637131,81,0.17088607594936708,68,0.14345991561181434,3,0.006329113924050633,C,474,"15,000 a 29,999",1409800142127
98,San Pedro Tlaquepaque,14,Santa Anita,2945,26,0.18181818181818182,50,0.34965034965034963,26,0.18181818181818182,24,0.16783216783216784,7,0.04895104895104895,10,0.06993006993006994,0,0.0,C+,143,"15,000 a 29,999",1409800142945
98,San Pedro Tlaquepaque,14,Santa Anita,295A,201,0.20489296636085627,394,0.4016309887869521,207,0.21100917431192662,112,0.11416921508664628,39,0.039755351681957186,26,0.026503567787971458,,,C+,981,"15,000 a 29,999",140980014295A
98,San Pedro Tlaquepaque,14,Santa Anita,3017,61,0.2687224669603524,76,0.33480176211453744,58,0.2555066079295154,21,0.09251101321585903,6,0.02643171806167401,3,0.013215859030837005,,,C+,227,"15,000 a 29,999",1409800143017
98,San Pedro Tlaquepaque,14,Santa Anita,3021,0,0.0,,,0,0.0,5,0.38461538461538464,3,0.23076923076923078,,,,,C-,13,"15,000 a 29,999",1409800143021
98,San Pedro Tlaquepaque,14,Santa Anita,3159,0,0.0,3,0.12,3,0.12,7,0.28,5,0.2,7,0.28,0,0.0,D,25,"15,000 a 29,999",1409800143159
98,San Pedro Tlaquepaque,14,Santa Anita,3178,100,0.25,113,0.2825,75,0.1875,40,0.1,28,0.07,35,0.0875,9,0.0225,C+,400,"15,000 a 29,999",1409800143178
98,San Pedro Tlaquepaque,14,Santa Anita,3229,,,6,0.1,8,0.13333333333333333,9,0.15,14,0.23333333333333334,16,0.26666666666666666,5,0.08333333333333333,D,60,"15,000 a 29,999",1409800143229
98,San Pedro Tlaquepaque,14,Santa Anita,3233,,,0,0.0,0,0.0,3,0.5,,,0,0.0,0,0.0,C-,6,"15,000 a 29,999",1409800143233
98,San Pedro Tlaquepaque,14,Santa Anita,3248,0,0.0,,,,,4,0.2222222222222222,3,0.16666666666666666,5,0.2777777777777778,,,D,18,"15,000 a 29,999",1409800143248
98,San Pedro Tlaquepaque,14,Santa Anita,3407,18,0.2608695652173913,32,0.463768115942029,11,0.15942028985507245,6,0.08695652173913043,,,0,0.0,,,C+,69,"15,000 a 29,999",1409800143407
98,San Pedro Tlaquepaque,17,San Martín de las Flores de Abajo (La Abadía) [Fraccionamiento],0243,7,0.034482758620689655,15,0.07389162561576355,24,0.11822660098522167,28,0.13793103448275862,27,0.1330049261083744,72,0.35467980295566504,30,0.1477832512315271,D,203,500 a 999,1409800170243
98,San Pedro Tlaquepaque,29,Las Pomas,0012,5,0.11363636363636363,,,5,0.11363636363636363,8,0.18181818181818182,9,0.20454545454545456,13,0.29545454545454547,3,0.06818181818181818,D,44,1 a 249,1409800290012
98,San Pedro Tlaquepaque,39,El Colomo,0012,,,,,,,,,,,,,,,,,1 a 249,1409800390012
98,San Pedro Tlaquepaque,49,Los Magueyes (Fraccionamiento el Sereno),0012,180,0.3185840707964602,234,0.41415929203539825,97,0.17168141592920355,35,0.061946902654867256,8,0.01415929203539823,10,0.017699115044247787,,,C+,565,"1,000 a 2,499",1409800490012
98,San Pedro Tlaquepaque,70,La Mial (La Guamuchilera),0243,0,0.0,0,0.0,0,0.0,,,,,4,0.6666666666666666,0,0.0,D,6,1 a 249,1409800700243
98,San Pedro Tlaquepaque,81,El Bajío [Lomas del Club],1010,0,0.0,,,0,0.0,0,0.0,,,,,,,E,5,250 a 499,1409800811010
98,San Pedro Tlaquepaque,83,Rancho los Camichines,0012,,,,,,,,,,,,,,,,,1 a 249,1409800830012
98,San Pedro Tlaquepaque,91,Los Pinos,1010,0,0.0,0,0.0,0,0.0,,,0,0.0,0,0.0,,,E,3,1 a 249,1409800911010
98,San Pedro Tlaquepaque,92,Pomas,0012,6,0.061224489795918366,14,0.14285714285714285,15,0.15306122448979592,18,0.1836734693877551,9,0.09183673469387756,34,0.3469387755102041,,,D,98,250 a 499,1409800920012
98,San Pedro Tlaquepaque,95,Santa Juana,1010,0,0.0,0,0.0,0,0.0,0,0.0,0,0.0,,,,,E,3,1 a 249,1409800951010
98,San Pedro Tlaquepaque,105,Santa Rosa (Real Tulipanes) [Fraccionamiento],0012,41,0.17982456140350878,62,0.2719298245614035,57,0.25,31,0.13596491228070176,23,0.10087719298245613,13,0.05701754385964912,,,C+,228,500 a 999,1409801050012
98,San Pedro Tlaquepaque,108,Lomas de la Zapata (Zapata Segunda Sección),0243,0,0.0,0,0.0,0,0.0,,,,,4,0.3076923076923077,6,0.46153846153846156,E,13,1 a 249,1409801080243
98,San Pedro Tlaquepaque,113,Rancho la Viña,0012,,,,,,,,,,,,,,,,,1 a 249,1409801130012
98,San Pedro Tlaquepaque,124,El Fresnito,1010,0,,0,,0,,0,,0,,0,,0,,E,0,1 a 249,1409801241010
98,San Pedro Tlaquepaque,126,Quinta Nova Residencial [Fraccionamiento],0012,29,0.1870967741935484,59,0.38064516129032255,34,0.21935483870967742,19,0.12258064516129032,10,0.06451612903225806,4,0.025806451612903226,0,0.0,C+,155,250 a 499,1409801260012
98,San Pedro Tlaquepaque,128,Paseo del Prado,2875,40,0.045662100456621,152,0.1735159817351598,225,0.2568493150684932,207,0.2363013698630137,147,0.1678082191780822,101,0.11529680365296803,4,0.0045662100456621,C,876,"5,000 a 9,999",1409801282875
98,San Pedro Tlaquepaque,128,Paseo del Prado,288A,28,0.04770017035775128,104,0.17717206132879046,159,0.2708688245315162,122,0.20783645655877342,84,0.14310051107325383,84,0.14310051107325383,6,0.010221465076660987,C,587,"5,000 a 9,999",140980128288A
98,San Pedro Tlaquepaque,130,La Loma,0012,,,,,,,,,,,,,,,,,1 a 249,1409801300012
98,San Pedro Tlaquepaque,131,El Mirador,0243,3,0.007211538461538462,10,0.02403846153846154,26,0.0625,47,0.11298076923076923,61,0.1466346153846154,195,0.46875,74,0.1778846153846154,D,416,"1,000 a 2,499",1409801310243
98,San Pedro Tlaquepaque,132,San Juan,0243,0,0.0,0,0.0,0,0.0,4,0.09090909090909091,6,0.13636363636363635,20,0.45454545454545453,14,0.3181818181818182,D,44,1 a 249,1409801320243
98,San Pedro Tlaquepaque,133,Verde Valle,0243,,,0,0.0,3,0.02459016393442623,9,0.07377049180327869,27,0.22131147540983606,59,0.48360655737704916,22,0.18032786885245902,D,122,500 a 999,1409801330243
98,San Pedro Tlaquepaque,134,La Ordeña de Santa Anita,0012,0,0.0,0,0.0,0,0.0,,,,,,,,,D,6,1 a 249,1409801340012
98,San Pedro Tlaquepaque,135,Rancho el Caracol,0243,0,0.0,0,0.0,0,0.0,0,0.0,0,0.0,,,,,E,4,1 a 249,1409801350243
101,Tonalá,1,Tonalá,0147,75,0.05140507196710076,161,0.11034955448937629,237,0.16244002741603839,294,0.20150788211103496,247,0.16929403701165183,389,0.26662097326936257,56,0.03838245373543523,D,1459,"250,000 a 499,999",1410100010147
101,Tonalá,1,Tonalá,0151,27,0.03633916554508748,78,0.10497981157469717,126,0.1695827725437416,143,0.19246298788694483,146,0.19650067294751009,166,0.2234185733512786,57,0.07671601615074024,D,743,"250,000 a 499,999",1410100010151
101,Tonalá,1,Tonalá,019A,45,0.04128440366972477,132,0.12110091743119267,218,0.2,238,0.21834862385321102,192,0.1761467889908257,226,0.20733944954128442,39,0.03577981651376147,C-,1090,"250,000 a 499,999",141010001019A
101,Tonalá,1,Tonalá,0202,87,0.054993678887484194,174,0.10998735777496839,262,0.16561314791403287,265,0.1675094816687737,284,0.179519595448799,410,0.25916561314791403,100,0.0632111251580278,D,1582,"250,000 a 499,999",1410100010202
101,Tonalá,1,Tonalá,0310,183,0.11976439790575916,291,0.19044502617801048,304,0.19895287958115182,264,0.17277486910994763,222,0.14528795811518325,232,0.1518324607329843,32,0.020942408376963352,C,1528,"250,000 a 499,999",1410100010310
101,Tonalá,1,Tonalá,0363,68,0.04401294498381877,176,0.113915857605178,266,0.17216828478964402,304,0.19676375404530744,270,0.17475728155339806,384,0.24854368932038834,77,0.04983818770226537,D,1545,"250,000 a 499,999",1410100010363
101,Tonalá,1,Tonalá,0378,41,0.036771300448430494,135,0.1210762331838565,214,0.19192825112107623,239,0.21434977578475337,185,0.16591928251121077,255,0.22869955156950672,46,0.04125560538116592,D,1115,"250,000 a 499,999",1410100010378
101,Tonalá,1,Tonalá,0382,40,0.04434589800443459,110,0.12195121951219512,166,0.18403547671840353,185,0.20509977827050999,164,0.18181818181818182,197,0.21840354767184036,40,0.04434589800443459,D,902,"250,000 a 499,999",1410100010382
101,Tonalá,1,Tonalá,0397,36,0.027756360832690823,90,0.06939090208172706,156,0.1202775636083269,222,0.17116422513492677,225,0.17347725520431764,460,0.3546646106399383,108,0.08326908249807248,D,1297,"250,000 a 499,999",1410100010397
101,Tonalá,1,Tonalá,040A,56,0.08199121522693997,95,0.1390922401171303,132,0.19326500732064422,124,0.1815519765739385,104,0.15226939970717424,150,0.21961932650073207,22,0.032210834553440704,D,683,"250,000 a 499,999",141010001040A
101,Tonalá,1,Tonalá,0433,127,0.0704381586245147,294,0.16306156405990016,355,0.19689406544647808,344,0.19079312257348863,250,0.1386577925679423,344,0.19079312257348863,89,0.04936217415418746,C,1803,"250,000 a 499,999",1410100010433
101,Tonalá,1,Tonalá,0448,12,0.021778584392014518,48,0.08711433756805807,60,0.1088929219600726,62,0.11252268602540835,120,0.2177858439201452,192,0.3484573502722323,57,0.10344827586206896,D,551,"250,000 a 499,999",1410100010448
101,Tonalá,1,Tonalá,0452,36,0.03451581975071908,102,0.0977948226270374,138,0.13231064237775647,171,0.16395014381591563,174,0.16682646212847554,334,0.3202301054650048,88,0.08437200383509108,D,1043,"250,000 a 499,999",1410100010452
101,Tonalá,1,Tonalá,0471,20,0.011743981209630064,126,0.0739870816206694,180,0.10569583088667057,224,0.1315325895478567,303,0.17792131532589547,662,0.38872577803875513,188,0.1103934233705226,D,1703,"250,000 a 499,999",1410100010471
101,Tonalá,1,Tonalá,0486,57,0.0668229777256741,98,0.11488862837045721,188,0.22039859320046892,173,0.20281359906213364,159,0.18640093786635403,156,0.182883939038687,22,0.02579132473622509,C,853,"250,000 a 499,999",1410100010486
101,Tonalá,1,Tonalá,0490,40,0.0547945205479452,83,0.1136986301369863,160,0.2191780821917808,136,0.1863013698630137,155,0.21232876712328766,129,0.17671232876712328,27,0.036986301369863014,C,730,"250,000 a 499,999",1410100010490
101,Tonalá,1,Tonalá,0503,34,0.04398447606727038,88,0.11384217335058215,166,0.2147477360931436,151,0.19534282018111254,173,0.2238033635187581,148,0.19146183699870634,13,0.016817593790426907,D+,773,"250,000 a 499,999",1410100010503
101,Tonalá,1,Tonalá,0518,30,0.05338078291814947,63,0.11209964412811388,109,0.19395017793594305,105,0.18683274021352314,107,0.1903914590747331,110,0.19572953736654805,38,0.06761565836298933,D,562,"250,000 a 499,999",1410100010518
101,Tonalá,1,Tonalá,0522,14,0.01832460732984293,51,0.06675392670157068,91,0.11910994764397906,115,0.1505235602094241,132,0.17277486910994763,292,0.38219895287958117,69,0.09031413612565445,D,764,"250,000 a 499,999",1410100010522
101,Tonalá,1,Tonalá,0537,16,0.02194787379972565,62,0.0850480109739369,112,0.15363511659807957,138,0.18930041152263374,173,0.23731138545953362,195,0.2674897119341564,33,0.04526748971193416,D,729,"250,000 a 499,999",1410100010537
101,Tonalá,1,Tonalá,0541,48,0.05442176870748299,103,0.11678004535147392,150,0.17006802721088435,204,0.23129251700680273,159,0.18027210884353742,192,0.21768707482993196,26,0.02947845804988662,C-,882,"250,000 a 499,999",1410100010541
101,Tonalá,1,Tonalá,0556,11,0.020522388059701493,42,0.07835820895522388,66,0.12313432835820895,73,0.13619402985074627,96,0.1791044776119403,197,0.3675373134328358,51,0.09514925373134328,D,536,"250,000 a 499,999",1410100010556
101,Tonalá,1,Tonalá,0575,69,0.059431524547803614,130,0.1119724375538329,211,0.181739879414298,202,0.1739879414298019,188,0.16192937123169682,296,0.2549526270456503,65,0.05598621877691645,D,1161,"250,000 a 499,999",1410100010575
101,Tonalá,1,Tonalá,0594,121,0.07553058676654183,308,0.19225967540574282,425,0.26529338327091134,279,0.17415730337078653,225,0.1404494382022472,217,0.13545568039950062,27,0.016853932584269662,C,1602,"250,000 a 499,999",1410100010594
101,Tonalá,1,Tonalá,0607,23,0.04572564612326044,64,0.1272365805168986,103,0.2047713717693837,93,0.1848906560636183,97,0.19284294234592445,99,0.19681908548707752,24,0.04771371769383698,C,503,"250,000 a 499,999",1410100010607
101,Tonalá,1,Tonalá,0611,31,0.049679487179487176,92,0.14743589743589744,113,0.18108974358974358,120,0.19230769230769232,112,0.1794871794871795,132,0.21153846153846154,24,0.038461538461538464,D,624,"250,000 a 499,999",1410100010611
101,Tonalá,1,Tonalá,0626,49,0.07153284671532846,85,0.12408759124087591,119,0.17372262773722627,123,0.17956204379562044,107,0.1562043795620438,187,0.272992700729927,15,0.021897810218978103,D,685,"250,000 a 499,999",1410100010626
101,Tonalá,1,Tonalá,0630,29,0.04991394148020654,63,0.10843373493975904,102,0.17555938037865748,116,0.19965576592082615,117,0.20137693631669534,115,0.19793459552495696,39,0.06712564543889846,D+,581,"250,000 a 499,999",1410100010630
101,Tonalá,1,Tonalá,0645,27,0.05142857142857143,49,0.09333333333333334,101,0.19238095238095237,124,0.2361904761904762,87,0.1657142857142857,122,0.23238095238095238,15,0.02857142857142857,C-,525,"250,000 a 499,999",1410100010645
101,Tonalá,1,Tonalá,065A,75,0.06643046944198405,182,0.1612046058458813,226,0.20017714791851196,221,0.19574844995571303,181,0.16031886625332153,214,0.18954827280779452,30,0.026572187776793623,C,1129,"250,000 a 499,999",141010001065A
101,Tonalá,1,Tonalá,0679,123,0.05336225596529284,331,0.1436008676789588,350,0.15184381778741865,305,0.13232104121475055,336,0.1457700650759219,651,0.2824295010845987,209,0.09067245119305857,D,2305,"250,000 a 499,999",1410100010679
101,Tonalá,1,Tonalá,0700,40,0.04132231404958678,111,0.11466942148760331,153,0.15805785123966942,163,0.1683884297520661,161,0.16632231404958678,282,0.29132231404958675,58,0.05991735537190083,D,968,"250,000 a 499,999",1410100010700
101,Tonalá,1,Tonalá,0715,44,0.03859649122807018,93,0.08157894736842106,174,0.15263157894736842,225,0.19736842105263158,232,0.20350877192982456,313,0.27456140350877195,59,0.05175438596491228,D,1140,"250,000 a 499,999",1410100010715
101,Tonalá,1,Tonalá,072A,44,0.04234841193455245,132,0.12704523580365737,220,0.21174205967276227,241,0.23195380173243504,178,0.17131857555341676,186,0.17901828681424448,38,0.03657362848893166,C-,1039,"250,000 a 499,999",141010001072A
101,Tonalá,1,Tonalá,0734,46,0.0659025787965616,86,0.12320916905444126,139,0.1991404011461318,123,0.17621776504297995,109,0.15616045845272206,179,0.25644699140401145,16,0.022922636103151862,D,698,"250,000 a 499,999",1410100010734
101,Tonalá,1,Tonalá,0749,42,0.038112522686025406,91,0.08257713248638839,175,0.1588021778584392,191,0.1733212341197822,201,0.1823956442831216,339,0.3076225045372051,63,0.05716878402903811,D,1102,"250,000 a 499,999",1410100010749
101,Tonalá,1,Tonalá,0753,46,0.038301415487094086,120,0.09991673605328892,164,0.13655287260616153,233,0.19400499583680267,205,0.17069109075770192,346,0.2880932556203164,87,0.07243963363863447,D,1201,"250,000 a 499,999",1410100010753
101,Tonalá,1,Tonalá,0768,42,0.03746654772524532,137,0.12221231043710973,243,0.2167707404103479,222,0.19803746654772525,217,0.1935771632471008,232,0.20695807314897413,28,0.024977698483496878,C,1121,"250,000 a 499,999",1410100010768
101,Tonalá,1,Tonalá,0772,63,0.05092966855295069,164,0.13257881972514146,239,0.19320937752627323,273,0.22069523039611966,226,0.18270008084074374,239,0.19320937752627323,33,0.02667744543249798,C-,1237,"250,000 a 499,999",1410100010772
101,Tonalá,1,Tonalá,0787,75,0.05211952744961779,181,0.12578179291174427,300,0.20847810979847117,310,0.21542738012508686,206,0.14315496872828354,336,0.2334954829742877,31,0.021542738012508687,D,1439,"250,000 a 499,999",1410100010787
101,Tonalá,1,Tonalá,0791,69,0.04883227176220807,212,0.15003538570417552,308,0.21797593772116064,218,0.1542816702052371,220,0.15569709837225762,344,0.2434536447275301,42,0.029723991507430998,D,1413,"250,000 a 499,999",1410100010791
101,Tonalá,1,Tonalá,0819,36,0.06428571428571428,73,0.13035714285714287,117,0.20892857142857144,113,0.2017857142857143,94,0.16785714285714284,112,0.2,15,0.026785714285714284,C,560,"250,000 a 499,999",1410100010819
101,Tonalá,1,Tonalá,0823,113,0.12597547380156077,171,0.19063545150501673,200,0.2229654403567447,173,0.19286510590858416,124,0.13823857302118173,107,0.11928651059085842,9,0.010033444816053512,C,897,"250,000 a 499,999",1410100010823
101,Tonalá,1,Tonalá,0842,105,0.14542936288088643,182,0.2520775623268698,163,0.2257617728531856,102,0.14127423822714683,90,0.12465373961218837,76,0.10526315789473684,4,0.00554016620498615,C+,722,"250,000 a 499,999",1410100010842
101,Tonalá,1,Tonalá,0857,39,0.06027820710973725,94,0.14528593508500773,125,0.19319938176197837,158,0.24420401854714066,111,0.17156105100463678,113,0.17465224111282843,7,0.010819165378670788,C-,647,"250,000 a 499,999",1410100010857
101,Tonalá,1,Tonalá,0861,67,0.038505747126436785,224,0.12873563218390804,372,0.21379310344827587,384,0.2206896551724138,354,0.20344827586206896,323,0.18563218390804598,16,0.009195402298850575,C-,1740,"250,000 a 499,999",1410100010861
101,Tonalá,1,Tonalá,0880,9,0.014634146341463415,49,0.07967479674796749,98,0.15934959349593497,154,0.25040650406504067,164,0.26666666666666666,134,0.21788617886178863,7,0.011382113821138212,D+,615,"250,000 a 499,999",1410100010880
101,Tonalá,1,Tonalá,0895,70,0.08254716981132075,163,0.19221698113207547,182,0.21462264150943397,172,0.2028301886792453,136,0.16037735849056603,112,0.1320754716981132,13,0.015330188679245283,C,848,"250,000 a 499,999",1410100010895
101,Tonalá,1,Tonalá,0912,94,0.06846321922796796,190,0.13838310269482884,215,0.15659140568099053,225,0.1638747268754552,226,0.16460305899490169,321,0.2337946103423161,102,0.07428987618353969,D,1373,"250,000 a 499,999",1410100010912
101,Tonalá,1,Tonalá,0927,97,0.09444985394352483,147,0.14313534566699124,196,0.19084712755598832,198,0.19279454722492698,137,0.13339824732229796,207,0.20155793573515093,45,0.043816942551119765,D,1027,"250,000 a 499,999",1410100010927
101,Tonalá,1,Tonalá,0931,107,0.11706783369803063,156,0.17067833698030635,169,0.18490153172866522,166,0.18161925601750548,136,0.1487964989059081,149,0.16301969365426697,31,0.03391684901531729,C,914,"250,000 a 499,999",1410100010931
101,Tonalá,1,Tonalá,0946,80,0.05312084993359894,201,0.13346613545816732,231,0.15338645418326693,276,0.18326693227091634,270,0.17928286852589642,364,0.24169986719787517,84,0.055776892430278883,D,1506,"250,000 a 499,999",1410100010946
101,Tonalá,1,Tonalá,0950,88,0.0838095238095238,189,0.18,217,0.20666666666666667,208,0.1980952380952381,158,0.15047619047619049,158,0.15047619047619049,32,0.030476190476190476,C,1050,"250,000 a 499,999",1410100010950
101,Tonalá,1,Tonalá,0965,61,0.05240549828178694,122,0.10481099656357389,169,0.14518900343642613,241,0.20704467353951891,213,0.18298969072164947,306,0.26288659793814434,52,0.044673539518900345,D,1164,"250,000 a 499,999",1410100010965
101,Tonalá,1,Tonalá,097A,43,0.09388646288209607,68,0.14847161572052403,81,0.17685589519650655,67,0.1462882096069869,56,0.1222707423580786,105,0.2292576419213974,38,0.08296943231441048,D,458,"250,000 a 499,999",141010001097A
101,Tonalá,1,Tonalá,0984,57,0.06057385759829968,126,0.1339001062699256,133,0.14133900106269925,150,0.1594048884165781,148,0.15727948990435706,253,0.2688629117959617,74,0.07863974495217853,D,941,"250,000 a 499,999",1410100010984
101,Tonalá,1,Tonalá,0999,113,0.09054487179487179,167,0.13381410256410256,243,0.19471153846153846,241,0.19310897435897437,203,0.16266025641025642,235,0.18830128205128205,46,0.03685897435897436,C,1248,"250,000 a 499,999",1410100010999
101,Tonalá,1,Tonalá,1003,60,0.06217616580310881,141,0.1461139896373057,165,0.17098445595854922,181,0.18756476683937823,147,0.15233160621761657,222,0.23005181347150258,49,0.05077720207253886,D,965,"250,000 a 499,999",1410100011003
101,Tonalá,1,Tonalá,1018,30,0.048154093097913325,85,0.13643659711075443,118,0.18940609951845908,114,0.18298555377207062,90,0.14446227929373998,146,0.23434991974317818,40,0.06420545746388442,D,623,"250,000 a 499,999",1410100011018
101,Tonalá,1,Tonalá,1022,61,0.07770700636942675,149,0.18980891719745224,159,0.20254777070063695,140,0.17834394904458598,113,0.14394904458598726,134,0.17070063694267515,29,0.03694267515923567,C,785,"250,000 a 499,999",1410100011022
101,Tonalá,1,Tonalá,1037,100,0.0708215297450425,223,0.15793201133144477,308,0.21813031161473087,319,0.22592067988668554,212,0.1501416430594901,233,0.165014164305949,17,0.012039660056657223,C-,1412,"250,000 a 499,999",1410100011037
101,Tonalá,1,Tonalá,1041,71,0.13345864661654136,99,0.18609022556390978,120,0.22556390977443608,88,0.16541353383458646,64,0.12030075187969924,72,0.13533834586466165,18,0.03383458646616541,C,532,"250,000 a 499,999",1410100011041
101,Tonalá,1,Tonalá,1056,75,0.08361204013377926,128,0.1426978818283166,167,0.18617614269788182,179,0.1995540691192865,154,0.1716833890746934,174,0.1939799331103679,20,0.022296544035674472,C-,897,"250,000 a 499,999",1410100011056
101,Tonalá,1,Tonalá,1075,65,0.03676470588235294,208,0.11764705882352941,385,0.21776018099547512,419,0.23699095022624433,323,0.18269230769230768,350,0.19796380090497737,18,0.010180995475113122,C-,1768,"250,000 a 499,999",1410100011075
101,Tonalá,1,Tonalá,108A,66,0.040515653775322284,236,0.14487415592387967,355,0.21792510742786986,362,0.2222222222222222,322,0.1976672805402087,266,0.1632903621853898,22,0.013505217925107428,C-,1629,"250,000 a 499,999",141010001108A
101,Tonalá,1,Tonalá,1094,31,0.047839506172839504,74,0.11419753086419752,97,0.14969135802469136,130,0.2006172839506173,126,0.19444444444444445,169,0.26080246913580246,21,0.032407407407407406,D,648,"250,000 a 499,999",1410100011094
101,Tonalá,1,Tonalá,1107,109,0.07991202346041056,290,0.2126099706744868,373,0.27346041055718473,254,0.18621700879765396,189,0.13856304985337242,140,0.10263929618768329,9,0.006598240469208211,C,1364,"250,000 a 499,999",1410100011107
101,Tonalá,1,Tonalá,1126,16,0.034261241970021415,59,0.12633832976445397,87,0.18629550321199143,88,0.18843683083511778,79,0.16916488222698073,107,0.2291220556745182,31,0.06638115631691649,D,467,"250,000 a 499,999",1410100011126
101,Tonalá,1,Tonalá,1130,19,0.024869109947643978,59,0.07722513089005235,114,0.14921465968586387,129,0.168848167539267,129,0.168848167539267,248,0.32460732984293195,66,0.08638743455497382,D,764,"250,000 a 499,999",1410100011130
101,Tonalá,1,Tonalá,1145,0,0.0,5,0.0423728813559322,9,0.07627118644067797,19,0.16101694915254236,24,0.2033898305084746,55,0.4661016949152542,6,0.05084745762711865,D,118,"250,000 a 499,999",1410100011145
101,Tonalá,1,Tonalá,115A,18,0.06498194945848375,50,0.18050541516245489,66,0.23826714801444043,42,0.15162454873646208,49,0.17689530685920576,48,0.17328519855595667,4,0.01444043321299639,C,277,"250,000 a 499,999",141010001115A
101,Tonalá,1,Tonalá,1164,127,0.13685344827586207,196,0.21120689655172414,221,0.23814655172413793,180,0.1939655172413793,105,0.11314655172413793,94,0.10129310344827586,5,0.005387931034482759,C,928,"250,000 a 499,999",1410100011164
101,Tonalá,1,Tonalá,1179,35,0.11006289308176101,75,0.2358490566037736,74,0.23270440251572327,54,0.16981132075471697,32,0.10062893081761007,42,0.1320754716981132,6,0.018867924528301886,C+,318,"250,000 a 499,999",1410100011179
101,Tonalá,1,Tonalá,1183,5,0.20833333333333334,3,0.125,6,0.25,,,4,0.16666666666666666,3,0.125,,,C,24,"250,000 a 499,999",1410100011183
101,Tonalá,1,Tonalá,1198,0,0.0,0,0.0,,,0,0.0,,,4,0.5714285714285714,0,0.0,D,7,"250,000 a 499,999",1410100011198
101,Tonalá,1,Tonalá,1200,65,0.11711711711711711,142,0.25585585585585585,151,0.27207207207207207,100,0.18018018018018017,53,0.09549549549549549,40,0.07207207207207207,4,0.007207207207207207,C,555,"250,000 a 499,999",1410100011200
101,Tonalá,1,Tonalá,1215,4,0.07692307692307693,5,0.09615384615384616,6,0.11538461538461539,5,0.09615384615384616,5,0.09615384615384616,15,0.28846153846153844,12,0.23076923076923078,D,52,"250,000 a 499,999",1410100011215
101,Tonalá,1,Tonalá,1268,86,0.06005586592178771,178,0.12430167597765363,239,0.16689944134078213,241,0.16829608938547486,224,0.1564245810055866,359,0.2506983240223464,105,0.07332402234636871,D,1432,"250,000 a 499,999",1410100011268
101,Tonalá,1,Tonalá,1272,5,0.011210762331838564,30,0.06726457399103139,69,0.1547085201793722,83,0.1860986547085202,93,0.2085201793721973,123,0.2757847533632287,43,0.09641255605381166,D,446,"250,000 a 499,999",1410100011272
101,Tonalá,1,Tonalá,1287,6,0.0410958904109589,13,0.08904109589041095,26,0.1780821917808219,34,0.2328767123287671,27,0.18493150684931506,39,0.2671232876712329,,,D,146,"250,000 a 499,999",1410100011287
101,Tonalá,1,Tonalá,1291,,,,,,,,,,,,,,,,,"250,000 a 499,999",1410100011291
101,Tonalá,1,Tonalá,1304,37,0.042382588774341354,83,0.09507445589919816,128,0.1466208476517755,157,0.17983963344788087,166,0.19014891179839633,248,0.284077892325315,54,0.061855670103092786,D,873,"250,000 a 499,999",1410100011304
101,Tonalá,1,Tonalá,1319,38,0.05420827389443652,62,0.0884450784593438,92,0.1312410841654779,141,0.20114122681883023,140,0.19971469329529243,190,0.2710413694721826,38,0.05420827389443652,D,701,"250,000 a 499,999",1410100011319
101,Tonalá,1,Tonalá,1323,40,0.046620046620046623,124,0.1445221445221445,199,0.23193473193473194,173,0.20163170163170163,144,0.16783216783216784,166,0.19347319347319347,12,0.013986013986013986,C,858,"250,000 a 499,999",1410100011323
101,Tonalá,1,Tonalá,1338,35,0.058823529411764705,88,0.14789915966386555,133,0.2235294117647059,144,0.24201680672268908,87,0.146218487394958,106,0.1781512605042017,,,C-,595,"250,000 a 499,999",1410100011338
101,Tonalá,1,Tonalá,1357,12,0.017241379310344827,94,0.13505747126436782,159,0.22844827586206898,156,0.22413793103448276,162,0.23275862068965517,105,0.15086206896551724,8,0.011494252873563218,D+,696,"250,000 a 499,999",1410100011357
101,Tonalá,1,Tonalá,1361,50,0.04716981132075472,139,0.1311320754716981,236,0.22264150943396227,230,0.2169811320754717,216,0.2037735849056604,174,0.1641509433962264,15,0.014150943396226415,C,1060,"250,000 a 499,999",1410100011361
101,Tonalá,1,Tonalá,1376,5,0.022321428571428572,20,0.08928571428571429,44,0.19642857142857142,45,0.20089285714285715,50,0.22321428571428573,58,0.25892857142857145,,,D,224,"250,000 a 499,999",1410100011376
101,Tonalá,1,Tonalá,1395,85,0.06927465362673187,211,0.1719641401792991,309,0.25183374083129584,268,0.21841890790546048,199,0.1621841890790546,149,0.12143439282803586,6,0.004889975550122249,C,1227,"250,000 a 499,999",1410100011395
101,Tonalá,1,Tonalá,1408,59,0.061780104712041886,152,0.15916230366492146,232,0.24293193717277486,229,0.23979057591623038,138,0.14450261780104712,141,0.14764397905759163,4,0.004188481675392671,C,955,"250,000 a 499,999",1410100011408
101,Tonalá,1,Tonalá,1412,43,0.06677018633540373,115,0.17857142857142858,129,0.20031055900621117,127,0.1972049689440994,119,0.18478260869565216,102,0.15838509316770186,9,0.013975155279503106,C,644,"250,000 a 499,999",1410100011412
101,Tonalá,1,Tonalá,1427,4,0.007858546168958742,42,0.0825147347740668,78,0.15324165029469547,104,0.2043222003929273,146,0.2868369351669941,131,0.25736738703339884,4,0.007858546168958742,D+,509,"250,000 a 499,999",1410100011427
101,Tonalá,1,Tonalá,1431,84,0.08341608738828203,220,0.21847070506454816,252,0.2502482621648461,220,0.21847070506454816,128,0.12711022840119166,97,0.09632571996027806,6,0.005958291956305859,C,1007,"250,000 a 499,999",1410100011431
101,Tonalá,1,Tonalá,1446,27,0.03744798890429958,79,0.10957004160887657,113,0.15672676837725383,147,0.20388349514563106,145,0.20110957004160887,172,0.23855755894590847,38,0.052704576976421634,D,721,"250,000 a 499,999",1410100011446
101,Tonalá,1,Tonalá,147A,81,0.06795302013422819,154,0.12919463087248323,223,0.18708053691275167,231,0.19379194630872484,194,0.16275167785234898,278,0.2332214765100671,31,0.026006711409395974,D,1192,"250,000 a 499,999",141010001147A
101,Tonalá,1,Tonalá,1484,82,0.05886575735821967,196,0.1407035175879397,246,0.176597272074659,231,0.1658291457286432,234,0.16798277099784636,331,0.23761665470208185,73,0.0524048815506102,D,1393,"250,000 a 499,999",1410100011484
101,Tonalá,1,Tonalá,1499,4,0.04395604395604396,7,0.07692307692307693,10,0.10989010989010989,26,0.2857142857142857,14,0.15384615384615385,27,0.2967032967032967,3,0.03296703296703297,D,91,"250,000 a 499,999",1410100011499
101,Tonalá,1,Tonalá,1501,5,0.09090909090909091,8,0.14545454545454545,8,0.14545454545454545,5,0.09090909090909091,11,0.2,15,0.2727272727272727,3,0.05454545454545454,D,55,"250,000 a 499,999",1410100011501
101,Tonalá,1,Tonalá,1516,9,0.02857142857142857,23,0.07301587301587302,37,0.11746031746031746,56,0.17777777777777778,72,0.22857142857142856,92,0.2920634920634921,26,0.08253968253968254,D,315,"250,000 a 499,999",1410100011516
101,Tonalá,1,Tonalá,1554,217,0.10580204778156997,526,0.25646026328620186,462,0.22525597269624573,261,0.1272549975621648,212,0.10336421257922965,276,0.13456850316918575,97,0.04729400292540224,C+,2051,"250,000 a 499,999",1410100011554
101,Tonalá,1,Tonalá,1569,6,0.010471204188481676,25,0.04363001745200698,66,0.11518324607329843,74,0.12914485165794065,96,0.16753926701570682,258,0.450261780104712,48,0.08376963350785341,D,573,"250,000 a 499,999",1410100011569
101,Tonalá,1,Tonalá,1573,25,0.030012004801920768,93,0.11164465786314526,113,0.13565426170468187,140,0.16806722689075632,142,0.17046818727490998,260,0.31212484993997597,60,0.07202881152460984,D,833,"250,000 a 499,999",1410100011573
101,Tonalá,1,Tonalá,1588,8,0.02702702702702703,18,0.060810810810810814,38,0.12837837837837837,37,0.125,64,0.21621621621621623,104,0.35135135135135137,27,0.09121621621621621,D,296,"250,000 a 499,999",1410100011588
101,Tonalá,1,Tonalá,1592,101,0.05246753246753247,304,0.15792207792207794,354,0.1838961038961039,297,0.15428571428571428,274,0.14233766233766235,459,0.23844155844155845,136,0.07064935064935066,D,1925,"250,000 a 499,999",1410100011592
101,Tonalá,1,Tonalá,1605,67,0.08758169934640522,183,0.23921568627450981,164,0.21437908496732025,150,0.19607843137254902,82,0.10718954248366012,104,0.13594771241830064,15,0.0196078431372549,C+,765,"250,000 a 499,999",1410100011605
101,Tonalá,1,Tonalá,161A,84,0.06988352745424292,184,0.15307820299500832,248,0.20632279534109818,241,0.20049916805324458,191,0.1589018302828619,223,0.18552412645590682,31,0.025790349417637273,C,1202,"250,000 a 499,999",141010001161A
101,Tonalá,1,Tonalá,1624,56,0.058212058212058215,125,0.12993762993762994,165,0.17151767151767153,161,0.16735966735966737,159,0.1652806652806653,233,0.24220374220374222,63,0.06548856548856549,D,962,"250,000 a 499,999",1410100011624
101,Tonalá,1,Tonalá,1639,73,0.08138238573021182,160,0.17837235228539577,186,0.20735785953177258,174,0.1939799331103679,115,0.1282051282051282,155,0.17279821627647715,34,0.0379041248606466,C,897,"250,000 a 499,999",1410100011639
101,Tonalá,1,Tonalá,1643,9,0.035856573705179286,23,0.09163346613545817,46,0.18326693227091634,53,0.21115537848605578,52,0.20717131474103587,60,0.23904382470119523,8,0.03187250996015936,D,251,"250,000 a 499,999",1410100011643
101,Tonalá,1,Tonalá,1658,3,0.08333333333333333,5,0.1388888888888889,7,0.19444444444444445,7,0.19444444444444445,5,0.1388888888888889,8,0.2222222222222222,,,D,36,"250,000 a 499,999",1410100011658
101,Tonalá,1,Tonalá,1728,,,,,7,0.23333333333333334,3,0.1,10,0.3333333333333333,6,0.2,,,D+,30,"250,000 a 499,999",1410100011728
101,Tonalá,1,Tonalá,1732,,,3,0.05357142857142857,16,0.2857142857142857,8,0.14285714285714285,7,0.125,17,0.30357142857142855,4,0.07142857142857142,D,56,"250,000 a 499,999",1410100011732
101,Tonalá,1,Tonalá,1747,10,0.07352941176470588,18,0.1323529411764706,27,0.19852941176470587,21,0.15441176470588236,15,0.11029411764705882,39,0.2867647058823529,6,0.04411764705882353,D,136,"250,000 a 499,999",1410100011747
101,Tonalá,1,Tonalá,1751,,,7,0.02880658436213992,32,0.13168724279835392,38,0.15637860082304528,41,0.16872427983539096,88,0.36213991769547327,35,0.1440329218106996,D,243,"250,000 a 499,999",1410100011751
101,Tonalá,1,Tonalá,1766,71,0.06519742883379247,147,0.1349862258953168,196,0.17998163452708907,187,0.1717171717171717,201,0.18457300275482094,229,0.21028466483011937,58,0.05325987144168962,D,1089,"250,000 a 499,999",1410100011766
101,Tonalá,1,Tonalá,1770,26,0.042692939244663386,67,0.11001642036124795,83,0.13628899835796388,126,0.20689655172413793,95,0.15599343185550082,170,0.2791461412151067,42,0.06896551724137931,D,609,"250,000 a 499,999",1410100011770
101,Tonalá,1,Tonalá,179A,105,0.12589928057553956,225,0.2697841726618705,186,0.22302158273381295,157,0.1882494004796163,81,0.09712230215827339,73,0.08752997601918465,7,0.008393285371702638,C+,834,"250,000 a 499,999",141010001179A
101,Tonalá,1,Tonalá,1817,14,0.15384615384615385,20,0.21978021978021978,13,0.14285714285714285,17,0.18681318681318682,9,0.0989010989010989,17,0.18681318681318682,,,C+,91,"250,000 a 499,999",1410100011817
101,Tonalá,1,Tonalá,1821,13,0.17333333333333334,19,0.25333333333333335,14,0.18666666666666668,14,0.18666666666666668,6,0.08,7,0.09333333333333334,,,C+,75,"250,000 a 499,999",1410100011821
101,Tonalá,1,Tonalá,1836,,,4,0.14814814814814814,3,0.1111111111111111,3,0.1111111111111111,5,0.18518518518518517,10,0.37037037037037035,,,D,27,"250,000 a 499,999",1410100011836
101,Tonalá,1,Tonalá,1874,0,0.0,0,0.0,0,0.0,0,0.0,,,,,0,0.0,D,4,"250,000 a 499,999",1410100011874
101,Tonalá,1,Tonalá,1889,0,0.0,,,0,0.0,,,,,0,0.0,0,0.0,D+,3,"250,000 a 499,999",1410100011889
101,Tonalá,1,Tonalá,1906,12,0.1111111111111111,20,0.18518518518518517,29,0.26851851851851855,19,0.17592592592592593,15,0.1388888888888889,11,0.10185185185185185,,,C,108,"250,000 a 499,999",1410100011906
101,Tonalá,1,Tonalá,1982,47,0.053837342497136315,103,0.11798396334478808,167,0.19129438717067582,178,0.20389461626575028,134,0.15349369988545247,212,0.24284077892325315,32,0.03665521191294387,D,873,"250,000 a 499,999",1410100011982
101,Tonalá,1,Tonalá,1997,106,0.08975444538526672,216,0.18289585097375105,300,0.2540220152413209,244,0.20660457239627433,142,0.12023708721422523,146,0.12362404741744284,27,0.02286198137171888,C,1181,"250,000 a 499,999",1410100011997
101,Tonalá,1,Tonalá,2001,111,0.08258928571428571,256,0.19047619047619047,244,0.18154761904761904,233,0.17336309523809523,190,0.14136904761904762,251,0.18675595238095238,59,0.04389880952380952,C+,1344,"250,000 a 499,999",1410100012001
101,Tonalá,1,Tonalá,2016,50,0.05055611729019211,147,0.1486349848331648,160,0.16177957532861476,169,0.17087967644084934,171,0.17290192113245703,239,0.2416582406471183,53,0.05358948432760364,D,989,"250,000 a 499,999",1410100012016
101,Tonalá,1,Tonalá,2020,55,0.03585397653194263,200,0.1303780964797914,373,0.24315514993481094,366,0.23859191655801826,268,0.17470664928292046,262,0.17079530638852672,10,0.00651890482398957,C,1534,"250,000 a 499,999",1410100012020
101,Tonalá,1,Tonalá,2035,16,0.0299625468164794,51,0.09550561797752809,127,0.23782771535580524,144,0.2696629213483146,102,0.19101123595505617,92,0.17228464419475656,,,C-,534,"250,000 a 499,999",1410100012035
101,Tonalá,1,Tonalá,204A,40,0.0784313725490196,57,0.11176470588235295,105,0.20588235294117646,96,0.18823529411764706,121,0.2372549019607843,88,0.17254901960784313,3,0.0058823529411764705,D+,510,"250,000 a 499,999",141010001204A
101,Tonalá,1,Tonalá,2054,88,0.09810479375696766,167,0.18617614269788182,224,0.24972129319955408,194,0.21627647714604237,127,0.1415830546265329,91,0.10144927536231885,6,0.006688963210702341,C,897,"250,000 a 499,999",1410100012054
101,Tonalá,1,Tonalá,2069,26,0.04107424960505529,68,0.10742496050552923,88,0.13902053712480253,133,0.21011058451816747,112,0.1769352290679305,176,0.27804107424960506,30,0.04739336492890995,D,633,"250,000 a 499,999",1410100012069
101,Tonalá,1,Tonalá,2073,58,0.052346570397111915,139,0.12545126353790614,226,0.20397111913357402,219,0.1976534296028881,211,0.19043321299638988,214,0.1931407942238267,41,0.03700361010830325,C,1108,"250,000 a 499,999",1410100012073
101,Tonalá,1,Tonalá,2088,5,0.02857142857142857,12,0.06857142857142857,26,0.14857142857142858,33,0.18857142857142858,29,0.1657142857142857,63,0.36,7,0.04,D,175,"250,000 a 499,999",1410100012088
101,Tonalá,1,Tonalá,2251,,,4,0.04878048780487805,7,0.08536585365853659,9,0.10975609756097561,18,0.21951219512195122,33,0.4024390243902439,10,0.12195121951219512,D,82,"250,000 a 499,999",1410100012251
101,Tonalá,1,Tonalá,2266,,,12,0.32432432432432434,10,0.2702702702702703,6,0.16216216216216217,4,0.10810810810810811,3,0.08108108108108109,0,0.0,C+,37,"250,000 a 499,999",1410100012266
101,Tonalá,1,Tonalá,2270,0,0.0,0,0.0,0,0.0,0,0.0,,,,,,,E,3,"250,000 a 499,999",1410100012270
101,Tonalá,1,Tonalá,2425,,,,,5,0.14705882352941177,6,0.17647058823529413,7,0.20588235294117646,8,0.23529411764705882,6,0.17647058823529413,D,34,"250,000 a 499,999",1410100012425
101,Tonalá,1,Tonalá,2459,0,0.0,0,0.0,0,0.0,0,0.0,0,0.0,,,,,E,4,"250,000 a 499,999",1410100012459
101,Tonalá,1,Tonalá,2478,5,0.0273224043715847,7,0.03825136612021858,6,0.03278688524590164,34,0.18579234972677597,45,0.2459016393442623,60,0.32786885245901637,26,0.14207650273224043,D,183,"250,000 a 499,999",1410100012478
101,Tonalá,1,Tonalá,2482,0,0.0,,,0,0.0,5,0.5,,,3,0.3,0,0.0,C-,10,"250,000 a 499,999",1410100012482
101,Tonalá,1,Tonalá,2497,11,0.03678929765886288,50,0.16722408026755853,70,0.23411371237458195,78,0.2608695652173913,52,0.17391304347826086,36,0.12040133779264214,,,C-,299,"250,000 a 499,999",1410100012497
101,Tonalá,1,Tonalá,250A,,,3,0.04225352112676056,3,0.04225352112676056,9,0.1267605633802817,14,0.19718309859154928,21,0.29577464788732394,20,0.28169014084507044,D,71,"250,000 a 499,999",141010001250A
101,Tonalá,1,Tonalá,2514,0,,0,,0,,0,,0,,,,0,,D,,"250,000 a 499,999",1410100012514
101,Tonalá,1,Tonalá,2529,0,0.0,0,0.0,0,0.0,0,0.0,0,0.0,,,,,E,3,"250,000 a 499,999",1410100012529
101,Tonalá,1,Tonalá,2533,,,,,0,0.0,0,0.0,,,8,0.5333333333333333,3,0.2,D,15,"250,000 a 499,999",1410100012533
101,Tonalá,1,Tonalá,2548,0,0.0,0,0.0,4,0.5,,,0,0.0,3,0.375,0,0.0,C,8,"250,000 a 499,999",1410100012548
101,Tonalá,1,Tonalá,2590,0,0.0,,,0,0.0,,,0,0.0,8,0.5714285714285714,3,0.21428571428571427,D,14,"250,000 a 499,999",1410100012590
101,Tonalá,1,Tonalá,2603,4,0.013651877133105802,41,0.13993174061433447,72,0.24573378839590443,78,0.26621160409556316,62,0.21160409556313994,35,0.11945392491467577,,,C-,293,"250,000 a 499,999",1410100012603
101,Tonalá,2,Agua Blanca,2567,,,4,0.056338028169014086,10,0.14084507042253522,12,0.16901408450704225,12,0.16901408450704225,26,0.36619718309859156,6,0.08450704225352113,D,71,250 a 499,1410100022567
101,Tonalá,9,Coyula,1450,42,0.03906976744186046,81,0.07534883720930233,135,0.12558139534883722,155,0.14418604651162792,177,0.16465116279069766,373,0.3469767441860465,112,0.10418604651162791,D,1075,"50,000 a 99,999",1410100091450
101,Tonalá,9,Coyula,1465,61,0.05369718309859155,168,0.14788732394366197,234,0.20598591549295775,219,0.19278169014084506,193,0.1698943661971831,226,0.198943661971831,35,0.030809859154929578,C,1136,"50,000 a 99,999",1410100091465
101,Tonalá,9,Coyula,1520,55,0.24017467248908297,98,0.4279475982532751,54,0.23580786026200873,9,0.039301310043668124,5,0.021834061135371178,6,0.026200873362445413,,,C+,229,"50,000 a 99,999",1410100091520
101,Tonalá,9,Coyula,1535,8,0.04819277108433735,40,0.24096385542168675,28,0.1686746987951807,39,0.23493975903614459,26,0.1566265060240964,24,0.14457831325301204,,,C+,166,"50,000 a 99,999",1410100091535
101,Tonalá,9,Coyula,1662,,,3,0.02857142857142857,14,0.13333333333333333,13,0.12380952380952381,15,0.14285714285714285,47,0.44761904761904764,11,0.10476190476190476,D,105,"50,000 a 99,999",1410100091662
101,Tonalá,9,Coyula,1677,104,0.06455617628801986,228,0.14152700186219738,371,0.2302917442582247,376,0.23339540657976413,255,0.15828677839851024,249,0.15456238361266295,28,0.01738050900062073,C-,1611,"50,000 a 99,999",1410100091677
101,Tonalá,9,Coyula,1681,15,0.031315240083507306,48,0.10020876826722339,63,0.1315240083507307,84,0.17536534446764093,85,0.17745302713987474,148,0.3089770354906054,36,0.07515657620041753,D,479,"50,000 a 99,999",1410100091681
101,Tonalá,9,Coyula,1696,19,0.08444444444444445,39,0.17333333333333334,56,0.24888888888888888,40,0.17777777777777778,31,0.13777777777777778,36,0.16,4,0.017777777777777778,C,225,"50,000 a 99,999",1410100091696
101,Tonalá,9,Coyula,1713,8,0.09302325581395349,12,0.13953488372093023,8,0.09302325581395349,20,0.23255813953488372,18,0.20930232558139536,17,0.19767441860465115,3,0.03488372093023256,C-,86,"50,000 a 99,999",1410100091713
101,Tonalá,9,Coyula,1802,42,0.027777777777777776,224,0.14814814814814814,402,0.26587301587301587,353,0.23346560846560846,247,0.16335978835978837,233,0.1541005291005291,11,0.007275132275132275,C,1512,"50,000 a 99,999",1410100091802
101,Tonalá,9,Coyula,1840,0,0.0,,,6,0.12244897959183673,6,0.12244897959183673,11,0.22448979591836735,18,0.3673469387755102,6,0.12244897959183673,D,49,"50,000 a 99,999",1410100091840
101,Tonalá,9,Coyula,1855,0,0.0,0,0.0,0,0.0,0,0.0,,,8,0.6666666666666666,,,D,12,"50,000 a 99,999",1410100091855
101,Tonalá,9,Coyula,1893,,,,,,,6,0.20689655172413793,6,0.20689655172413793,13,0.4482758620689655,0,0.0,D,29,"50,000 a 99,999",1410100091893
101,Tonalá,9,Coyula,1910,33,0.03038674033149171,114,0.10497237569060773,236,0.21731123388581952,276,0.2541436464088398,232,0.2136279926335175,190,0.17495395948434622,5,0.004604051565377533,C-,1086,"50,000 a 99,999",1410100091910
101,Tonalá,9,Coyula,1925,7,0.059322033898305086,22,0.1864406779661017,36,0.3050847457627119,21,0.17796610169491525,16,0.13559322033898305,16,0.13559322033898305,0,0.0,C,118,"50,000 a 99,999",1410100091925
101,Tonalá,9,Coyula,193A,7,0.07446808510638298,25,0.26595744680851063,20,0.2127659574468085,24,0.2553191489361702,15,0.1595744680851064,3,0.031914893617021274,0,0.0,C+,94,"50,000 a 99,999",141010009193A
101,Tonalá,9,Coyula,1944,0,0.0,7,0.2916666666666667,3,0.125,5,0.20833333333333334,5,0.20833333333333334,4,0.16666666666666666,0,0.0,C+,24,"50,000 a 99,999",1410100091944
101,Tonalá,9,Coyula,2092,113,0.20545454545454545,191,0.3472727272727273,138,0.2509090909090909,68,0.12363636363636364,27,0.04909090909090909,12,0.02181818181818182,,,C+,550,"50,000 a 99,999",1410100092092
101,Tonalá,9,Coyula,2105,17,0.037694013303769404,77,0.17073170731707318,90,0.19955654101995565,116,0.2572062084257206,78,0.1729490022172949,71,0.1574279379157428,,,C-,451,"50,000 a 99,999",1410100092105
101,Tonalá,9,Coyula,211A,113,0.2803970223325062,129,0.3200992555831266,81,0.20099255583126552,49,0.12158808933002481,22,0.05459057071960298,7,0.017369727047146403,,,C+,403,"50,000 a 99,999",141010009211A
101,Tonalá,9,Coyula,2124,13,0.036827195467422094,43,0.12181303116147309,76,0.21529745042492918,81,0.22946175637393768,74,0.2096317280453258,66,0.18696883852691218,0,0.0,C-,353,"50,000 a 99,999",1410100092124
101,Tonalá,9,Coyula,2139,30,0.06787330316742081,121,0.2737556561085973,111,0.251131221719457,82,0.18552036199095023,53,0.11990950226244344,44,0.09954751131221719,,,C+,442,"50,000 a 99,999",1410100092139
101,Tonalá,9,Coyula,2143,53,0.09075342465753425,117,0.20034246575342465,146,0.25,120,0.2054794520547945,85,0.14554794520547945,63,0.10787671232876712,0,0.0,C,584,"50,000 a 99,999",1410100092143
101,Tonalá,9,Coyula,2158,20,0.05952380952380952,41,0.12202380952380952,68,0.20238095238095238,81,0.24107142857142858,66,0.19642857142857142,59,0.17559523809523808,,,C-,336,"50,000 a 99,999",1410100092158
101,Tonalá,9,Coyula,2162,6,0.022222222222222223,26,0.0962962962962963,54,0.2,54,0.2,63,0.23333333333333334,61,0.22592592592592592,6,0.022222222222222223,D+,270,"50,000 a 99,999",1410100092162
101,Tonalá,9,Coyula,2177,19,0.0892018779342723,38,0.1784037558685446,63,0.29577464788732394,44,0.20657276995305165,26,0.12206572769953052,21,0.09859154929577464,,,C,213,"50,000 a 99,999",1410100092177
101,Tonalá,9,Coyula,2181,16,0.06584362139917696,44,0.18106995884773663,61,0.25102880658436216,61,0.25102880658436216,30,0.12345679012345678,28,0.11522633744855967,3,0.012345679012345678,C-,243,"50,000 a 99,999",1410100092181
101,Tonalá,9,Coyula,2196,8,0.026578073089700997,42,0.13953488372093023,59,0.19601328903654486,59,0.19601328903654486,69,0.2292358803986711,62,0.2059800664451827,,,D+,301,"50,000 a 99,999",1410100092196
101,Tonalá,9,Coyula,2209,91,0.09238578680203045,255,0.25888324873096447,271,0.2751269035532995,188,0.19086294416243654,107,0.10862944162436548,71,0.07208121827411168,,,C,985,"50,000 a 99,999",1410100092209
101,Tonalá,9,Coyula,2213,109,0.15549215406562053,201,0.2867332382310984,200,0.28530670470756064,107,0.15263908701854492,52,0.07417974322396577,31,0.0442225392296719,,,C+,701,"50,000 a 99,999",1410100092213
101,Tonalá,9,Coyula,2228,126,0.16449086161879894,250,0.3263707571801567,233,0.304177545691906,106,0.13838120104438642,36,0.04699738903394256,14,0.018276762402088774,,,C+,766,"50,000 a 99,999",1410100092228
101,Tonalá,9,Coyula,2232,,,9,0.16071428571428573,18,0.32142857142857145,12,0.21428571428571427,9,0.16071428571428573,6,0.10714285714285714,0,0.0,C,56,"50,000 a 99,999",1410100092232
101,Tonalá,9,Coyula,2247,,,,,7,0.07692307692307693,10,0.10989010989010989,12,0.13186813186813187,46,0.5054945054945055,14,0.15384615384615385,D,91,"50,000 a 99,999",1410100092247
101,Tonalá,9,Coyula,229A,9,0.02,62,0.13777777777777778,74,0.16444444444444445,106,0.23555555555555555,92,0.20444444444444446,105,0.23333333333333334,,,C-,450,"50,000 a 99,999",141010009229A
101,Tonalá,9,Coyula,2302,3,0.027522935779816515,4,0.03669724770642202,30,0.27522935779816515,32,0.29357798165137616,21,0.1926605504587156,19,0.1743119266055046,0,0.0,C-,109,"50,000 a 99,999",1410100092302
101,Tonalá,9,Coyula,2393,,,14,0.10071942446043165,39,0.2805755395683453,28,0.2014388489208633,41,0.2949640287769784,16,0.11510791366906475,0,0.0,D+,139,"50,000 a 99,999",1410100092393
101,Tonalá,9,Coyula,2406,12,0.043795620437956206,42,0.15328467153284672,69,0.2518248175182482,53,0.19343065693430658,47,0.17153284671532848,50,0.18248175182481752,,,C,274,"50,000 a 99,999",1410100092406
101,Tonalá,9,Coyula,2410,16,0.016145307769929364,118,0.11907164480322906,220,0.22199798183652875,217,0.218970736629667,216,0.21796165489404642,201,0.20282542885973764,3,0.0030272452068617556,C,991,"50,000 a 99,999",1410100092410
101,Tonalá,9,Coyula,2444,3,0.037037037037037035,3,0.037037037037037035,12,0.14814814814814814,21,0.25925925925925924,15,0.18518518518518517,26,0.32098765432098764,,,D,81,"50,000 a 99,999",1410100092444
101,Tonalá,9,Coyula,2586,7,0.005877413937867338,54,0.04534005037783375,228,0.19143576826196473,274,0.23005877413937867,299,0.2510495382031906,325,0.27287993282955497,4,0.0033585222502099076,D,1191,"50,000 a 99,999",1410100092586
101,Tonalá,9,Coyula,2618,0,0.0,,,,,5,0.3333333333333333,5,0.3333333333333333,,,0,0.0,D+,15,"50,000 a 99,999",1410100092618
101,Tonalá,9,Coyula,2622,22,0.07006369426751592,73,0.23248407643312102,95,0.30254777070063693,57,0.18152866242038215,37,0.1178343949044586,29,0.09235668789808917,,,C,314,"50,000 a 99,999",1410100092622
101,Tonalá,12,Los Encinos,2567,0,0.0,,,0,0.0,,,,,,,,,D,7,1 a 249,1410100122567
101,Tonalá,22,Mismaloya (Fraccionamiento Pedregal de Santa Martha),0024,26,0.03372243839169909,90,0.11673151750972763,151,0.19584954604409857,171,0.22178988326848248,148,0.191958495460441,172,0.2230869001297017,13,0.016861219195849545,D,771,"5,000 a 9,999",1410100220024
101,Tonalá,22,Mismaloya (Fraccionamiento Pedregal de Santa Martha),0081,19,0.03035143769968051,68,0.10862619808306709,141,0.22523961661341854,136,0.21725239616613418,135,0.21565495207667731,120,0.19169329073482427,7,0.011182108626198083,C,626,"5,000 a 9,999",1410100220081
101,Tonalá,22,Mismaloya (Fraccionamiento Pedregal de Santa Martha),0096,4,0.019417475728155338,29,0.1407766990291262,46,0.22330097087378642,52,0.2524271844660194,39,0.18932038834951456,34,0.1650485436893204,,,C-,206,"5,000 a 9,999",1410100220096
101,Tonalá,22,Mismaloya (Fraccionamiento Pedregal de Santa Martha),0113,19,0.020902090209020903,61,0.0671067106710671,178,0.19581958195819582,205,0.22552255225522552,228,0.2508250825082508,206,0.22662266226622663,12,0.013201320132013201,D+,909,"5,000 a 9,999",1410100220113
101,Tonalá,23,El Moral (Fraccionamiento el Moral),1963,129,0.168848167539267,268,0.3507853403141361,191,0.25,114,0.14921465968586387,41,0.05366492146596859,19,0.024869109947643978,,,C+,764,"1,000 a 2,499",1410100231963
101,Tonalá,25,Las Presas (Lagunitas),1963,,,0,0.0,0,0.0,7,0.3333333333333333,4,0.19047619047619047,7,0.3333333333333333,,,D,21,1 a 249,1410100251963
101,Tonalá,26,Puente Grande,0683,21,0.03677758318739054,52,0.09106830122591944,86,0.15061295971978983,94,0.1646234676007005,107,0.18739054290718038,169,0.29597197898423816,42,0.07355516637478109,D,571,"5,000 a 9,999",1410100260683
101,Tonalá,26,Puente Grande,0698,19,0.035849056603773584,52,0.09811320754716982,99,0.18679245283018867,110,0.20754716981132076,75,0.14150943396226415,137,0.25849056603773585,38,0.07169811320754717,D,530,"5,000 a 9,999",1410100260698
101,Tonalá,26,Puente Grande,122A,0,0.0,0,0.0,0,0.0,,,,,,,0,0.0,D,5,"5,000 a 9,999",141010026122A
101,Tonalá,26,Puente Grande,1234,0,0.0,0,0.0,,,0,0.0,,,0,0.0,0,0.0,C,3,"5,000 a 9,999",1410100261234
101,Tonalá,26,Puente Grande,1249,0,0.0,,,,,5,0.3125,,,6,0.375,,,D,16,"5,000 a 9,999",1410100261249
101,Tonalá,26,Puente Grande,154A,0,0.0,0,0.0,,,0,0.0,0,0.0,3,0.6,0,0.0,D,5,"5,000 a 9,999",141010026154A
101,Tonalá,26,Puente Grande,1709,17,0.04,37,0.08705882352941176,68,0.16,72,0.16941176470588235,76,0.17882352941176471,117,0.2752941176470588,38,0.08941176470588236,D,425,"5,000 a 9,999",1410100261709
101,Tonalá,26,Puente Grande,1785,0,0.0,,,,,0,0.0,,,6,0.5,,,D,12,"5,000 a 9,999",1410100261785
101,Tonalá,26,Puente Grande,186A,7,0.0707070707070707,11,0.1111111111111111,15,0.15151515151515152,9,0.09090909090909091,28,0.2828282828282828,24,0.24242424242424243,5,0.050505050505050504,D+,99,"5,000 a 9,999",141010026186A
101,Tonalá,26,Puente Grande,2285,0,0.0,0,0.0,0,0.0,,,0,0.0,5,0.8333333333333334,0,0.0,D,6,"5,000 a 9,999",1410100262285
101,Tonalá,27,La Punta,2336,21,0.033707865168539325,65,0.1043338683788122,108,0.17335473515248795,122,0.1958266452648475,129,0.20706260032102727,155,0.24879614767255218,23,0.03691813804173355,D,623,"5,000 a 9,999",1410100272336
101,Tonalá,27,La Punta,2340,28,0.05415860735009671,72,0.13926499032882012,122,0.23597678916827852,110,0.2127659574468085,77,0.14893617021276595,103,0.19922630560928434,5,0.009671179883945842,C,517,"5,000 a 9,999",1410100272340
101,Tonalá,27,La Punta,2355,6,0.01948051948051948,10,0.032467532467532464,38,0.12337662337662338,54,0.17532467532467533,62,0.2012987012987013,106,0.34415584415584416,32,0.1038961038961039,D,308,"5,000 a 9,999",1410100272355
101,Tonalá,27,La Punta,236A,9,0.033582089552238806,33,0.12313432835820895,60,0.22388059701492538,57,0.2126865671641791,60,0.22388059701492538,49,0.1828358208955224,0,0.0,D+,268,"5,000 a 9,999",141010027236A
101,Tonalá,31,San Francisco de la Soledad (San Francisco),2317,19,0.009286412512218964,123,0.060117302052785926,294,0.1436950146627566,417,0.20381231671554254,509,0.2487781036168133,666,0.3255131964809384,18,0.008797653958944282,D,2046,"5,000 a 9,999",1410100312317
101,Tonalá,31,San Francisco de la Soledad (San Francisco),2321,3,0.011857707509881422,13,0.05138339920948617,23,0.09090909090909091,45,0.17786561264822134,49,0.19367588932806323,97,0.383399209486166,23,0.09090909090909091,D,253,"5,000 a 9,999",1410100312321
101,Tonalá,34,Colinas de Tonalá (San Nicolás) [Fraccionamiento],0274,31,0.05762081784386617,129,0.23977695167286245,143,0.26579925650557623,112,0.20817843866171004,68,0.12639405204460966,45,0.08364312267657993,10,0.01858736059479554,C,538,"5,000 a 9,999",1410100340274
101,Tonalá,34,Colinas de Tonalá (San Nicolás) [Fraccionamiento],1978,32,0.06490872210953347,157,0.3184584178498986,147,0.29817444219066935,78,0.15821501014198783,56,0.11359026369168357,22,0.04462474645030426,,,C+,493,"5,000 a 9,999",1410100341978
101,Tonalá,34,Colinas de Tonalá (San Nicolás) [Fraccionamiento],2463,60,0.11605415860735009,168,0.32495164410058025,147,0.28433268858800775,83,0.16054158607350097,40,0.07736943907156674,18,0.03481624758220503,,,C+,517,"5,000 a 9,999",1410100342463
101,Tonalá,34,Colinas de Tonalá (San Nicolás) [Fraccionamiento],2637,61,0.1035653650254669,155,0.2631578947368421,158,0.26825127334465193,107,0.18166383701188454,74,0.12563667232597622,33,0.05602716468590832,,,C,589,"5,000 a 9,999",1410100342637
101,Tonalá,34,Colinas de Tonalá (San Nicolás) [Fraccionamiento],2641,32,0.07729468599033816,103,0.24879227053140096,132,0.3188405797101449,85,0.20531400966183574,40,0.0966183574879227,22,0.05314009661835749,0,0.0,C,414,"5,000 a 9,999",1410100342641
101,Tonalá,38,El Vado,0128,17,0.026687598116169546,68,0.10675039246467818,138,0.21664050235478807,151,0.2370486656200942,131,0.20565149136577707,123,0.19309262166405022,9,0.0141287284144427,C-,637,"5,000 a 9,999",1410100380128
101,Tonalá,38,El Vado,0132,39,0.0480295566502463,118,0.14532019704433496,187,0.23029556650246305,193,0.2376847290640394,140,0.1724137931034483,128,0.15763546798029557,7,0.008620689655172414,C-,812,"5,000 a 9,999",1410100380132
101,Tonalá,38,El Vado,0166,,,10,0.06666666666666667,15,0.1,19,0.12666666666666668,30,0.2,54,0.36,20,0.13333333333333333,D,150,"5,000 a 9,999",1410100380166
101,Tonalá,50,Plan de Guajes,1963,,,,,,,,,,,,,,,,,1 a 249,1410100501963
101,Tonalá,51,Inmobiliaria Canadá [Campo de Tiro],1963,,,,,,,,,,,,,,,,,1 a 249,1410100511963
101,Tonalá,56,Los Vizcarra (San Isidro),1959,,,,,,,,,,,,,,,,,1 a 249,1410100561959
101,Tonalá,61,Siete Cascadas,1963,,,,,,,,,,,,,,,,,1 a 249,1410100611963
101,Tonalá,73,El Gallo Colorado,2567,,,,,,,,,,,,,,,,,1 a 249,1410100732567
101,Tonalá,101,Rancho los Ibarra,2567,0,0.0,,,,,,,0,0.0,0,0.0,0,0.0,C,4,1 a 249,1410101012567
101,Tonalá,105,Santa Rita,2567,,,,,,,,,,,,,,,,,1 a 249,1410101052567
101,Tonalá,109,Las Pilas,2567,,,,,,,,,,,,,,,,,1 a 249,1410101092567
101,Tonalá,111,Los Amiales,2567,3,0.018633540372670808,10,0.062111801242236024,23,0.14285714285714285,22,0.13664596273291926,20,0.12422360248447205,61,0.37888198757763975,22,0.13664596273291926,D,161,500 a 999,1410101112567
101,Tonalá,112,Las Jícamas,2567,0,0.0,0,0.0,,,0,0.0,,,4,0.5,,,D,8,1 a 249,1410101122567
101,Tonalá,114,Ojo de Agua,1963,,,7,0.04861111111111111,25,0.1736111111111111,37,0.2569444444444444,33,0.22916666666666666,40,0.2777777777777778,,,D,144,250 a 499,1410101141963
101,Tonalá,123,Basurero Municipal de Tonalá,1963,0,0.0,0,0.0,0,0.0,0,0.0,0,0.0,3,0.14285714285714285,18,0.8571428571428571,E,21,1 a 249,1410101231963
101,Tonalá,125,La Calzada,2567,,,,,,,,,,,,,,,,,1 a 249,1410101252567
101,Tonalá,126,Ninguno [Caseta],1963,,,,,,,,,,,,,,,,,1 a 249,1410101261963
101,Tonalá,130,Colonia Guadalupana,2552,4,0.013114754098360656,4,0.013114754098360656,13,0.04262295081967213,41,0.13442622950819672,55,0.18032786885245902,138,0.4524590163934426,50,0.16393442622950818,D,305,"1,000 a 2,499",1410101302552
101,Tonalá,133,El Gran Chaparral [Granja],2567,0,0.0,0,0.0,,,0,0.0,0,0.0,,,0,0.0,D,3,1 a 249,1410101332567
101,Tonalá,135,La Hiedra,1963,,,,,0,0.0,,,0,0.0,0,0.0,,,E,4,1 a 249,1410101351963
101,Tonalá,136,La Isla,2567,,,,,,,,,,,,,,,,,1 a 249,1410101362567
101,Tonalá,154,El Tepame,2567,,,0,0.0,5,0.09615384615384616,,,10,0.19230769230769232,21,0.40384615384615385,14,0.2692307692307692,D,52,1 a 249,1410101542567
101,Tonalá,156,Las Tortugas,2567,0,0.0,0,0.0,0,0.0,0,0.0,,,0,0.0,,,D+,3,1 a 249,1410101562567
101,Tonalá,157,Los Toros,2567,,,,,,,,,,,,,,,,,1 a 249,1410101572567
101,Tonalá,164,La Mesa,1963,,,,,,,,,,,,,,,,,1 a 249,1410101641963
101,Tonalá,165,La Piedrera,1959,,,,,,,,,,,,,,,,,1 a 249,1410101651959
101,Tonalá,169,San Juan Corral,1963,0,0.0,0,0.0,,,6,0.16216216216216217,7,0.1891891891891892,17,0.4594594594594595,6,0.16216216216216217,D,37,1 a 249,1410101691963
101,Tonalá,174,El Mirador [Granja],2567,,,,,,,,,,,,,,,,,1 a 249,1410101742567
101,Tonalá,184,Cortijo de los Fernández,1963,,,,,,,,,,,,,,,,,1 a 249,1410101841963
101,Tonalá,188,Nuevo Israel,1963,,,,,9,0.05921052631578947,9,0.05921052631578947,17,0.1118421052631579,87,0.5723684210526315,27,0.17763157894736842,D,152,500 a 999,1410101881963
101,Tonalá,189,Paseo de las Cañadas,2656,49,0.09040590405904059,137,0.25276752767527677,152,0.28044280442804426,97,0.17896678966789667,60,0.11070110701107011,44,0.08118081180811808,3,0.005535055350553505,C,542,"2,500 a 4,999",1410101892656
101,Tonalá,189,Paseo de las Cañadas,2660,31,0.08051948051948052,70,0.18181818181818182,76,0.1974025974025974,93,0.24155844155844156,69,0.17922077922077922,40,0.1038961038961039,6,0.015584415584415584,C-,385,"2,500 a 4,999",1410101892660
101,Tonalá,189,Paseo de las Cañadas,2675,,,9,0.19148936170212766,8,0.1702127659574468,9,0.19148936170212766,4,0.0851063829787234,10,0.2127659574468085,5,0.10638297872340426,D,47,"2,500 a 4,999",1410101892675
101,Tonalá,190,Paseo Puente Viejo,2374,12,0.012972972972972972,66,0.07135135135135136,201,0.2172972972972973,204,0.22054054054054054,185,0.2,231,0.24972972972972973,26,0.02810810810810811,D,925,"2,500 a 4,999",1410101902374
101,Tonalá,192,Puertas del Sol,2567,0,0.0,,,,,,,,,,,0,0.0,D,9,1 a 249,1410101922567
101,Tonalá,193,Residencias el Prado (Jardines del Prado),268A,4,0.020618556701030927,30,0.15463917525773196,51,0.26288659793814434,45,0.23195876288659795,35,0.18041237113402062,23,0.11855670103092783,6,0.030927835051546393,C,194,"2,500 a 4,999",141010193268A
101,Tonalá,193,Residencias el Prado (Jardines del Prado),2694,24,0.045368620037807186,94,0.1776937618147448,163,0.30812854442344045,110,0.20793950850661624,70,0.1323251417769376,62,0.11720226843100189,6,0.011342155009451797,C,529,"2,500 a 4,999",1410101932694
101,Tonalá,193,Residencias el Prado (Jardines del Prado),2707,7,0.05426356589147287,27,0.20930232558139536,31,0.24031007751937986,26,0.20155038759689922,16,0.12403100775193798,18,0.13953488372093023,4,0.031007751937984496,C,129,"2,500 a 4,999",1410101932707
101,Tonalá,193,Residencias el Prado (Jardines del Prado),2711,0,0.0,,,,,5,0.13157894736842105,6,0.15789473684210525,18,0.47368421052631576,5,0.13157894736842105,D,38,"2,500 a 4,999",1410101932711
101,Tonalá,194,Villas del Cortijo,1963,4,0.14814814814814814,5,0.18518518518518517,3,0.1111111111111111,4,0.14814814814814814,,,8,0.2962962962962963,,,D,27,1 a 249,1410101941963
101,Tonalá,195,Colonia Bosques del Sol,2567,,,5,0.04716981132075472,6,0.05660377358490566,17,0.16037735849056603,18,0.16981132075471697,43,0.4056603773584906,16,0.1509433962264151,D,106,250 a 499,1410101952567
101,Tonalá,196,El Calabozo,2567,0,0.0,0,0.0,,,0,0.0,,,5,0.2777777777777778,10,0.5555555555555556,E,18,1 a 249,1410101962567
101,Tonalá,197,El Calabozo Grande,2567,0,0.0,0,0.0,,,,,3,0.3333333333333333,3,0.3333333333333333,,,D,9,1 a 249,1410101972567
101,Tonalá,199,Cañada Real,2567,19,0.2289156626506024,29,0.3493975903614458,15,0.18072289156626506,9,0.10843373493975904,6,0.07228915662650602,5,0.060240963855421686,0,0.0,C+,83,250 a 499,1410101992567
101,Tonalá,200,Los Prados,1963,15,0.045180722891566265,26,0.0783132530120482,30,0.09036144578313253,60,0.18072289156626506,58,0.1746987951807229,121,0.3644578313253012,22,0.06626506024096386,D,332,"1,000 a 2,499",1410102001963
101,Tonalá,204,Vista Real [Residencial],2567,,,6,0.2222222222222222,7,0.25925925925925924,8,0.2962962962962963,3,0.1111111111111111,,,0,0.0,C-,27,1 a 249,1410102042567
101,Tonalá,205,Loma Real [Fraccionamiento],1963,,,12,0.07100591715976332,17,0.10059171597633136,36,0.21301775147928995,41,0.24260355029585798,60,0.35502958579881655,,,D,169,500 a 999,1410102051963
120,Zapopan,1,Zapopan,0212,465,0.2164804469273743,519,0.24162011173184358,358,0.16666666666666666,329,0.1531657355679702,229,0.10661080074487896,211,0.09823091247672253,37,0.01722532588454376,C+,2148,"1,000,000 y mas",1412000010212
120,Zapopan,1,Zapopan,0227,127,0.06512820512820512,266,0.13641025641025642,357,0.18307692307692308,367,0.1882051282051282,306,0.15692307692307692,448,0.22974358974358974,79,0.04051282051282051,D,1950,"1,000,000 y mas",1412000010227
120,Zapopan,1,Zapopan,0231,165,0.06526898734177215,364,0.1439873417721519,493,0.19501582278481014,491,0.1942246835443038,409,0.1617879746835443,519,0.20530063291139242,87,0.03441455696202532,D,2528,"1,000,000 y mas",1412000010231
120,Zapopan,1,Zapopan,0246,79,0.0656691604322527,180,0.14962593516209477,220,0.1828761429758936,238,0.19783873649210307,190,0.15793848711554448,244,0.2028262676641729,52,0.043225270157938485,D,1203,"1,000,000 y mas",1412000010246
120,Zapopan,1,Zapopan,0265,80,0.09489916963226572,188,0.22301304863582444,167,0.1981020166073547,103,0.1221826809015421,116,0.1376037959667853,169,0.20047449584816132,20,0.02372479240806643,C+,843,"1,000,000 y mas",1412000010265
120,Zapopan,1,Zapopan,027A,128,0.13989071038251366,167,0.1825136612021858,159,0.1737704918032787,151,0.1650273224043716,106,0.11584699453551912,173,0.18907103825136612,31,0.033879781420765025,D,915,"1,000,000 y mas",141200001027A
120,Zapopan,1,Zapopan,0354,201,0.1393897364771151,295,0.2045769764216366,267,0.18515950069348128,248,0.17198335644937587,174,0.12066574202496533,218,0.15117891816920942,39,0.027045769764216365,C+,1442,"1,000,000 y mas",1412000010354
120,Zapopan,1,Zapopan,0369,157,0.11612426035502958,284,0.21005917159763313,261,0.1930473372781065,220,0.16272189349112426,170,0.1257396449704142,215,0.15902366863905326,45,0.03328402366863906,C+,1352,"1,000,000 y mas",1412000010369
120,Zapopan,1,Zapopan,0373,89,0.0934873949579832,218,0.22899159663865545,234,0.24579831932773108,157,0.16491596638655462,122,0.12815126050420167,104,0.1092436974789916,28,0.029411764705882353,C,952,"1,000,000 y mas",1412000010373
120,Zapopan,1,Zapopan,0392,147,0.13598519888991675,236,0.2183163737280296,186,0.17206290471785385,192,0.17761332099907493,136,0.12580943570767808,155,0.14338575393154487,29,0.02682701202590194,C+,1081,"1,000,000 y mas",1412000010392
120,Zapopan,1,Zapopan,0405,76,0.15670103092783505,105,0.21649484536082475,84,0.1731958762886598,83,0.1711340206185567,65,0.13402061855670103,66,0.1360824742268041,6,0.012371134020618556,C+,485,"1,000,000 y mas",1412000010405
120,Zapopan,1,Zapopan,0547,388,0.351131221719457,355,0.3212669683257919,195,0.17647058823529413,82,0.07420814479638009,46,0.0416289592760181,33,0.02986425339366516,6,0.005429864253393665,A/B,1105,"1,000,000 y mas",1412000010547
120,Zapopan,1,Zapopan,0602,86,0.043,156,0.078,218,0.109,274,0.137,366,0.183,705,0.3525,195,0.0975,D,2000,"1,000,000 y mas",1412000010602
120,Zapopan,1,Zapopan,0617,158,0.038782523318605794,327,0.08026509572901326,514,0.12616593028964163,635,0.15586647029946,674,0.16543937162493863,1449,0.3556701030927835,317,0.0778105056455572,D,4074,"1,000,000 y mas",1412000010617
120,Zapopan,1,Zapopan,0636,158,0.2915129151291513,210,0.3874538745387454,98,0.18081180811808117,43,0.07933579335793357,16,0.02952029520295203,16,0.02952029520295203,,,C+,542,"1,000,000 y mas",1412000010636
120,Zapopan,1,Zapopan,0640,498,0.38425925925925924,381,0.29398148148148145,236,0.18209876543209877,95,0.07330246913580248,49,0.03780864197530864,36,0.027777777777777776,,,A/B,1296,"1,000,000 y mas",1412000010640
120,Zapopan,1,Zapopan,0655,233,0.3411420204978038,229,0.33528550512445093,105,0.15373352855051245,74,0.10834553440702782,21,0.03074670571010249,20,0.029282576866764276,,,A/B,683,"1,000,000 y mas",1412000010655
120,Zapopan,1,Zapopan,066A,317,0.2892335766423358,351,0.32025547445255476,222,0.20255474452554745,111,0.10127737226277372,50,0.04562043795620438,39,0.035583941605839414,6,0.005474452554744526,C+,1096,"1,000,000 y mas",141200001066A
120,Zapopan,1,Zapopan,0689,254,0.3060240963855422,274,0.3301204819277108,157,0.1891566265060241,82,0.09879518072289156,38,0.04578313253012048,24,0.02891566265060241,,,C+,830,"1,000,000 y mas",1412000010689
120,Zapopan,1,Zapopan,0706,495,0.30424093423478793,484,0.297480024585126,306,0.1880762138905962,191,0.1173939766441303,88,0.054087277197295634,58,0.03564843269821758,5,0.003073140749846343,A/B,1627,"1,000,000 y mas",1412000010706
120,Zapopan,1,Zapopan,0710,388,0.22756598240469209,493,0.28914956011730203,342,0.20058651026392962,219,0.1284457478005865,137,0.08035190615835777,118,0.06920821114369502,8,0.00469208211143695,C+,1705,"1,000,000 y mas",1412000010710
120,Zapopan,1,Zapopan,0814,224,0.1890295358649789,313,0.2641350210970464,234,0.19746835443037974,192,0.1620253164556962,119,0.10042194092827005,94,0.07932489451476793,9,0.007594936708860759,C+,1185,"1,000,000 y mas",1412000010814
120,Zapopan,1,Zapopan,0890,193,0.14566037735849058,329,0.24830188679245283,279,0.21056603773584906,215,0.16226415094339622,136,0.10264150943396226,140,0.10566037735849057,33,0.02490566037735849,C+,1325,"1,000,000 y mas",1412000010890
120,Zapopan,1,Zapopan,0918,261,0.2088,340,0.272,255,0.204,176,0.1408,113,0.0904,97,0.0776,8,0.0064,C+,1250,"1,000,000 y mas",1412000010918
120,Zapopan,1,Zapopan,0937,308,0.1592554291623578,416,0.21509824198552224,378,0.1954498448810755,295,0.15253360910031025,244,0.12616339193381593,246,0.12719751809720786,47,0.024301964839710446,C+,1934,"1,000,000 y mas",1412000010937
120,Zapopan,1,Zapopan,0975,191,0.3310225303292894,225,0.389948006932409,104,0.18024263431542462,33,0.05719237435008666,17,0.029462738301559793,7,0.012131715771230503,0,0.0,C+,577,"1,000,000 y mas",1412000010975
120,Zapopan,1,Zapopan,098A,154,0.2467948717948718,210,0.33653846153846156,133,0.21314102564102563,73,0.11698717948717949,31,0.049679487179487176,21,0.03365384615384615,,,C+,624,"1,000,000 y mas",141200001098A
120,Zapopan,1,Zapopan,0994,216,0.22245108135942326,289,0.2976313079299691,174,0.1791967044284243,132,0.13594232749742532,93,0.09577754891864057,64,0.06591143151390319,3,0.003089598352214212,C+,971,"1,000,000 y mas",1412000010994
120,Zapopan,1,Zapopan,1009,32,0.1693121693121693,53,0.2804232804232804,35,0.18518518518518517,26,0.13756613756613756,19,0.10052910052910052,20,0.10582010582010581,4,0.021164021164021163,C+,189,"1,000,000 y mas",1412000011009
120,Zapopan,1,Zapopan,1032,156,0.07351555136663525,316,0.14891611687087652,371,0.17483506126295947,427,0.20122525918944392,374,0.176248821866164,408,0.19227144203581528,70,0.03298774740810556,C-,2122,"1,000,000 y mas",1412000011032
120,Zapopan,1,Zapopan,1121,398,0.3776091081593928,258,0.24478178368121442,217,0.20588235294117646,112,0.1062618595825427,35,0.03320683111954459,33,0.031309297912713474,,,A/B,1054,"1,000,000 y mas",1412000011121
120,Zapopan,1,Zapopan,1155,684,0.5119760479041916,376,0.281437125748503,178,0.13323353293413173,57,0.04266467065868264,23,0.01721556886227545,15,0.01122754491017964,3,0.002245508982035928,A/B,1336,"1,000,000 y mas",1412000011155
120,Zapopan,1,Zapopan,116A,870,0.3759723422644771,739,0.31936041486603284,428,0.18496110630942092,185,0.07994814174589455,59,0.02549697493517718,31,0.013396715643906655,,,A/B,2314,"1,000,000 y mas",141200001116A
120,Zapopan,1,Zapopan,1189,474,0.31684491978609625,510,0.3409090909090909,270,0.1804812834224599,131,0.0875668449197861,72,0.0481283422459893,37,0.024732620320855617,,,C+,1496,"1,000,000 y mas",1412000011189
120,Zapopan,1,Zapopan,1193,825,0.3393665158371041,656,0.269847799259564,357,0.14685314685314685,223,0.09173179761415055,144,0.059234882764294526,205,0.08432743726861373,21,0.008638420403126285,A/B,2431,"1,000,000 y mas",1412000011193
120,Zapopan,1,Zapopan,1206,651,0.31014768937589327,680,0.3239637922820391,328,0.15626488804192473,209,0.0995712243925679,116,0.055264411624583135,98,0.046688899475940925,17,0.008099094807050978,C+,2099,"1,000,000 y mas",1412000011206
120,Zapopan,1,Zapopan,1210,460,0.2625570776255708,448,0.2557077625570776,323,0.1843607305936073,190,0.10844748858447488,149,0.08504566210045662,160,0.091324200913242,22,0.012557077625570776,A/B,1752,"1,000,000 y mas",1412000011210
120,Zapopan,1,Zapopan,1225,403,0.34473909324208724,380,0.32506415739948674,196,0.16766467065868262,100,0.0855431993156544,53,0.045337895637296836,35,0.029940119760479042,,,A/B,1169,"1,000,000 y mas",1412000011225
120,Zapopan,1,Zapopan,1278,433,0.43693239152371344,356,0.35923309788092833,122,0.1231079717457114,51,0.05146316851664985,26,0.026236125126135216,3,0.0030272452068617556,0,0.0,A/B,991,"1,000,000 y mas",1412000011278
120,Zapopan,1,Zapopan,1282,444,0.32671081677704195,425,0.3127299484915379,267,0.19646799116997793,135,0.09933774834437085,58,0.042678440029433405,29,0.021339220014716703,,,A/B,1359,"1,000,000 y mas",1412000011282
120,Zapopan,1,Zapopan,1297,363,0.28695652173913044,393,0.31067193675889326,257,0.20316205533596837,128,0.10118577075098814,69,0.05454545454545454,50,0.039525691699604744,5,0.003952569169960474,C+,1265,"1,000,000 y mas",1412000011297
120,Zapopan,1,Zapopan,1418,109,0.07692307692307693,284,0.20042342978122796,343,0.24206069160197602,278,0.1961891319689485,232,0.16372618207480594,165,0.11644318983768526,6,0.004234297812279464,C,1417,"1,000,000 y mas",1412000011418
120,Zapopan,1,Zapopan,1441,375,0.17297047970479704,648,0.2988929889298893,400,0.18450184501845018,298,0.13745387453874539,189,0.08717712177121771,210,0.09686346863468635,48,0.02214022140221402,C+,2168,"1,000,000 y mas",1412000011441
120,Zapopan,1,Zapopan,1460,175,0.15625,257,0.2294642857142857,199,0.17767857142857144,158,0.14107142857142857,113,0.10089285714285715,185,0.16517857142857142,33,0.029464285714285714,C+,1120,"1,000,000 y mas",1412000011460
120,Zapopan,1,Zapopan,1526,77,0.0945945945945946,116,0.14250614250614252,140,0.171990171990172,108,0.13267813267813267,149,0.18304668304668303,191,0.23464373464373464,33,0.04054054054054054,D,814,"1,000,000 y mas",1412000011526
120,Zapopan,1,Zapopan,1579,73,0.03762886597938144,272,0.1402061855670103,422,0.2175257731958763,464,0.23917525773195877,342,0.17628865979381445,345,0.17783505154639176,22,0.01134020618556701,C-,1940,"1,000,000 y mas",1412000011579
120,Zapopan,1,Zapopan,1634,35,0.07337526205450734,89,0.18658280922431866,83,0.1740041928721174,88,0.18448637316561844,77,0.16142557651991615,85,0.17819706498951782,20,0.041928721174004195,C+,477,"1,000,000 y mas",1412000011634
120,Zapopan,1,Zapopan,1649,59,0.08702064896755163,103,0.15191740412979352,136,0.20058997050147492,131,0.19321533923303835,112,0.16519174041297935,116,0.1710914454277286,21,0.030973451327433628,C,678,"1,000,000 y mas",1412000011649
120,Zapopan,1,Zapopan,1653,81,0.11946902654867257,126,0.18584070796460178,116,0.1710914454277286,110,0.16224188790560473,112,0.16519174041297935,115,0.1696165191740413,18,0.02654867256637168,C+,678,"1,000,000 y mas",1412000011653
120,Zapopan,1,Zapopan,1687,106,0.09489704565801253,198,0.17726051924798567,236,0.21128021486123547,195,0.17457475380483437,134,0.11996418979409132,207,0.18531781557743957,41,0.03670546105640107,C,1117,"1,000,000 y mas",1412000011687
120,Zapopan,1,Zapopan,1691,99,0.11970979443772672,160,0.19347037484885127,156,0.18863361547763,141,0.17049576783555018,131,0.15840386940749698,114,0.13784764207980654,26,0.03143893591293833,C+,827,"1,000,000 y mas",1412000011691
120,Zapopan,1,Zapopan,1723,56,0.10237659963436929,100,0.18281535648994515,117,0.21389396709323583,84,0.15356489945155394,79,0.14442413162705667,99,0.1809872029250457,12,0.021937842778793418,C,547,"1,000,000 y mas",1412000011723
120,Zapopan,1,Zapopan,1742,68,0.06104129263913824,153,0.13734290843806105,194,0.1741472172351885,214,0.19210053859964094,168,0.15080789946140036,267,0.23967684021543986,50,0.04488330341113106,D,1114,"1,000,000 y mas",1412000011742
120,Zapopan,1,Zapopan,1757,49,0.0958904109589041,67,0.13111545988258316,106,0.20743639921722112,98,0.1917808219178082,88,0.17221135029354206,86,0.16829745596868884,17,0.033268101761252444,C,511,"1,000,000 y mas",1412000011757
120,Zapopan,1,Zapopan,1795,116,0.07397959183673469,256,0.16326530612244897,296,0.18877551020408162,296,0.18877551020408162,256,0.16326530612244897,299,0.19068877551020408,49,0.03125,D,1568,"1,000,000 y mas",1412000011795
120,Zapopan,1,Zapopan,1808,57,0.057809330628803245,150,0.15212981744421908,194,0.19675456389452334,215,0.21805273833671399,169,0.17139959432048682,178,0.18052738336713997,23,0.02332657200811359,C-,986,"1,000,000 y mas",1412000011808
120,Zapopan,1,Zapopan,1812,58,0.06937799043062201,165,0.19736842105263158,158,0.18899521531100477,160,0.19138755980861244,125,0.14952153110047847,161,0.19258373205741627,9,0.01076555023923445,C+,836,"1,000,000 y mas",1412000011812
120,Zapopan,1,Zapopan,1846,43,0.06417910447761194,82,0.12238805970149254,148,0.2208955223880597,152,0.22686567164179106,129,0.1925373134328358,106,0.1582089552238806,10,0.014925373134328358,C-,670,"1,000,000 y mas",1412000011846
120,Zapopan,1,Zapopan,1850,288,0.233387358184765,332,0.26904376012965964,236,0.1912479740680713,171,0.1385737439222042,98,0.07941653160453808,103,0.08346839546191248,6,0.004862236628849271,C+,1234,"1,000,000 y mas",1412000011850
120,Zapopan,1,Zapopan,1865,81,0.10371318822023047,134,0.17157490396927016,179,0.22919334186939821,165,0.2112676056338028,115,0.147247119078105,104,0.13316261203585147,3,0.0038412291933418692,C,781,"1,000,000 y mas",1412000011865
120,Zapopan,1,Zapopan,187A,34,0.035789473684210524,138,0.14526315789473684,221,0.2326315789473684,238,0.2505263157894737,173,0.18210526315789474,142,0.14947368421052631,4,0.004210526315789474,C-,950,"1,000,000 y mas",141200001187A
120,Zapopan,1,Zapopan,1884,41,0.05639614855570839,76,0.10453920220082531,151,0.2077028885832187,168,0.2310866574965612,141,0.1939477303988996,137,0.18844566712517194,13,0.017881705639614855,C-,727,"1,000,000 y mas",1412000011884
120,Zapopan,1,Zapopan,1899,143,0.1310724106324473,225,0.20623281393217233,255,0.23373052245646195,190,0.17415215398716774,133,0.12190650779101742,128,0.11732355637030248,17,0.015582034830430797,C,1091,"1,000,000 y mas",1412000011899
120,Zapopan,1,Zapopan,1901,73,0.09851551956815115,119,0.16059379217273953,143,0.19298245614035087,134,0.18083670715249664,116,0.15654520917678813,130,0.17543859649122806,26,0.03508771929824561,C,741,"1,000,000 y mas",1412000011901
120,Zapopan,1,Zapopan,1920,391,0.23081463990554899,507,0.29929161747343563,381,0.22491145218417946,248,0.14639905548996457,93,0.05489964580873672,70,0.04132231404958678,4,0.0023612750885478157,C+,1694,"1,000,000 y mas",1412000011920
120,Zapopan,1,Zapopan,1935,159,0.08557588805166846,438,0.2357373519913886,442,0.2378902045209903,379,0.20398277717976318,225,0.12109795479009688,205,0.11033369214208827,10,0.005382131324004306,C,1858,"1,000,000 y mas",1412000011935
120,Zapopan,1,Zapopan,194A,194,0.11938461538461538,430,0.26461538461538464,400,0.24615384615384617,274,0.1686153846153846,189,0.1163076923076923,131,0.08061538461538462,7,0.0043076923076923075,C+,1625,"1,000,000 y mas",141200001194A
120,Zapopan,1,Zapopan,2064,,,3,0.6,0,0.0,,,0,0.0,0,0.0,0,0.0,C+,5,"1,000,000 y mas",1412000012064
120,Zapopan,1,Zapopan,2115,51,0.04129554655870445,136,0.11012145748987855,211,0.1708502024291498,234,0.18947368421052632,227,0.18380566801619433,340,0.27530364372469635,36,0.029149797570850202,D,1235,"1,000,000 y mas",1412000012115
120,Zapopan,1,Zapopan,212A,19,0.03177257525083612,55,0.09197324414715718,100,0.16722408026755853,106,0.17725752508361203,113,0.18896321070234115,173,0.28929765886287623,32,0.05351170568561873,D,598,"1,000,000 y mas",141200001212A
120,Zapopan,1,Zapopan,2134,30,0.042492917847025496,80,0.11331444759206799,130,0.18413597733711048,135,0.19121813031161472,155,0.21954674220963172,153,0.21671388101983002,23,0.032577903682719546,D+,706,"1,000,000 y mas",1412000012134
120,Zapopan,1,Zapopan,2172,5,0.027624309392265192,15,0.08287292817679558,27,0.14917127071823205,31,0.1712707182320442,35,0.19337016574585636,55,0.30386740331491713,13,0.0718232044198895,D,181,"1,000,000 y mas",1412000012172
120,Zapopan,1,Zapopan,2204,443,0.1938730853391685,671,0.2936542669584245,541,0.23676148796498905,316,0.13829321663019695,209,0.09146608315098469,96,0.04201312910284464,9,0.003938730853391685,C+,2285,"1,000,000 y mas",1412000012204
120,Zapopan,1,Zapopan,2219,25,0.03477051460361613,70,0.09735744089012517,130,0.1808066759388039,123,0.17107093184979139,111,0.15438108484005564,221,0.30737134909596664,39,0.054242002781641166,D,719,"1,000,000 y mas",1412000012219
120,Zapopan,1,Zapopan,2223,8,0.050314465408805034,9,0.05660377358490566,24,0.1509433962264151,25,0.15723270440251572,33,0.20754716981132076,46,0.2893081761006289,14,0.0880503144654088,D,159,"1,000,000 y mas",1412000012223
120,Zapopan,1,Zapopan,2238,284,0.5182481751824818,146,0.2664233576642336,63,0.11496350364963503,22,0.040145985401459854,16,0.029197080291970802,11,0.020072992700729927,6,0.010948905109489052,A/B,548,"1,000,000 y mas",1412000012238
120,Zapopan,1,Zapopan,2242,267,0.2058596761757903,368,0.28373168851195063,308,0.23747108712413262,189,0.14572089437162683,104,0.08018504240555127,59,0.04548959136468774,,,C+,1297,"1,000,000 y mas",1412000012242
120,Zapopan,1,Zapopan,2257,67,0.06129917657822507,179,0.1637694419030192,213,0.1948764867337603,212,0.1939615736505032,165,0.15096065873741996,217,0.19853613906678866,40,0.036596523330283626,D,1093,"1,000,000 y mas",1412000012257
120,Zapopan,1,Zapopan,2261,250,0.14827995255041518,480,0.2846975088967972,396,0.23487544483985764,254,0.1506524317912218,176,0.10438908659549229,114,0.06761565836298933,16,0.009489916963226572,C+,1686,"1,000,000 y mas",1412000012261
120,Zapopan,1,Zapopan,2276,57,0.10555555555555556,95,0.17592592592592593,116,0.21481481481481482,86,0.15925925925925927,74,0.13703703703703704,87,0.16111111111111112,25,0.046296296296296294,C,540,"1,000,000 y mas",1412000012276
120,Zapopan,1,Zapopan,2280,222,0.1284722222222222,387,0.22395833333333334,415,0.24016203703703703,304,0.17592592592592593,205,0.11863425925925926,177,0.10243055555555555,18,0.010416666666666666,C,1728,"1,000,000 y mas",1412000012280
120,Zapopan,1,Zapopan,2295,49,0.04332449160035367,139,0.1229000884173298,204,0.18037135278514588,201,0.17771883289124668,196,0.17329796640141468,301,0.2661361626878868,41,0.036251105216622455,D,1131,"1,000,000 y mas",1412000012295
120,Zapopan,1,Zapopan,2308,46,0.04967602591792657,136,0.1468682505399568,169,0.18250539956803455,186,0.20086393088552915,169,0.18250539956803455,185,0.19978401727861772,35,0.03779697624190065,C-,926,"1,000,000 y mas",1412000012308
120,Zapopan,1,Zapopan,2312,39,0.045936395759717315,107,0.12603062426383982,159,0.1872791519434629,168,0.1978798586572438,152,0.1790341578327444,199,0.23439340400471143,25,0.02944640753828033,D,849,"1,000,000 y mas",1412000012312
120,Zapopan,1,Zapopan,2327,48,0.056140350877192984,109,0.12748538011695906,210,0.24561403508771928,174,0.20350877192982456,117,0.1368421052631579,178,0.20818713450292398,19,0.022222222222222223,C,855,"1,000,000 y mas",1412000012327
120,Zapopan,1,Zapopan,2331,71,0.07208121827411168,140,0.14213197969543148,185,0.18781725888324874,202,0.2050761421319797,145,0.14720812182741116,207,0.2101522842639594,35,0.03553299492385787,D,985,"1,000,000 y mas",1412000012331
120,Zapopan,1,Zapopan,2346,55,0.07333333333333333,103,0.13733333333333334,137,0.18266666666666667,126,0.168,112,0.14933333333333335,176,0.23466666666666666,41,0.05466666666666667,D,750,"1,000,000 y mas",1412000012346
120,Zapopan,1,Zapopan,2350,441,0.28861256544502617,651,0.4260471204188482,250,0.16361256544502617,117,0.07657068062827226,43,0.0281413612565445,26,0.017015706806282723,0,0.0,C+,1528,"1,000,000 y mas",1412000012350
120,Zapopan,1,Zapopan,2365,399,0.33389121338912137,387,0.3238493723849372,222,0.18577405857740587,83,0.0694560669456067,63,0.052719665271966525,39,0.032635983263598324,,,A/B,1195,"1,000,000 y mas",1412000012365
120,Zapopan,1,Zapopan,237A,60,0.06309148264984227,113,0.11882229232386961,188,0.19768664563617244,166,0.17455310199789695,144,0.15141955835962145,230,0.24185068349106204,50,0.052576235541535225,D,951,"1,000,000 y mas",141200001237A
120,Zapopan,1,Zapopan,2384,76,0.1093525179856115,115,0.16546762589928057,153,0.22014388489208633,111,0.15971223021582734,86,0.1237410071942446,129,0.1856115107913669,25,0.03597122302158273,C,695,"1,000,000 y mas",1412000012384
120,Zapopan,1,Zapopan,2399,77,0.07468477206595538,149,0.14451988360814744,221,0.21435499515033948,187,0.1813773035887488,174,0.1687681862269641,190,0.1842870999030068,33,0.03200775945683802,C,1031,"1,000,000 y mas",1412000012399
120,Zapopan,1,Zapopan,2401,52,0.04180064308681672,154,0.12379421221864952,193,0.15514469453376206,235,0.18890675241157556,205,0.1647909967845659,329,0.2644694533762058,76,0.06109324758842444,D,1244,"1,000,000 y mas",1412000012401
120,Zapopan,1,Zapopan,2416,164,0.39709443099273606,133,0.3220338983050847,69,0.16707021791767554,30,0.07263922518159806,11,0.026634382566585957,5,0.012106537530266344,,,A/B,413,"1,000,000 y mas",1412000012416
120,Zapopan,1,Zapopan,2420,393,0.34625550660792953,377,0.33215859030837,206,0.1814977973568282,101,0.08898678414096917,32,0.028193832599118944,23,0.02026431718061674,3,0.0026431718061674008,A/B,1135,"1,000,000 y mas",1412000012420
120,Zapopan,1,Zapopan,2435,150,0.09797517962116264,291,0.1900718484650555,305,0.1992161985630307,259,0.16917047681254083,200,0.13063357282821686,278,0.18158066623122143,48,0.031352057478772045,C,1531,"1,000,000 y mas",1412000012435
120,Zapopan,1,Zapopan,244A,273,0.19654427645788336,400,0.28797696184305255,285,0.20518358531317496,206,0.14830813534917206,96,0.06911447084233262,102,0.0734341252699784,27,0.019438444924406047,C+,1389,"1,000,000 y mas",141200001244A
120,Zapopan,1,Zapopan,2454,58,0.062432723358449946,123,0.13240043057050593,160,0.1722282023681378,178,0.1916038751345533,146,0.15715823466092574,218,0.23466092572658773,46,0.04951560818083961,D,929,"1,000,000 y mas",1412000012454
120,Zapopan,1,Zapopan,2469,33,0.05913978494623656,68,0.12186379928315412,96,0.17204301075268819,99,0.1774193548387097,96,0.17204301075268819,142,0.25448028673835127,24,0.043010752688172046,D,558,"1,000,000 y mas",1412000012469
120,Zapopan,1,Zapopan,2473,893,0.36538461538461536,769,0.3146481178396072,331,0.13543371522094927,172,0.07037643207855974,116,0.04746317512274959,144,0.058919803600654665,19,0.007774140752864157,A/B,2444,"1,000,000 y mas",1412000012473
120,Zapopan,1,Zapopan,2488,33,0.0870712401055409,63,0.1662269129287599,73,0.19261213720316622,67,0.17678100263852242,51,0.1345646437994723,78,0.20580474934036938,14,0.036939313984168866,D,379,"1,000,000 y mas",1412000012488
120,Zapopan,1,Zapopan,2492,272,0.4563758389261745,175,0.2936241610738255,101,0.16946308724832215,27,0.04530201342281879,13,0.02181208053691275,8,0.013422818791946308,0,0.0,A/B,596,"1,000,000 y mas",1412000012492
120,Zapopan,1,Zapopan,2505,370,0.5346820809248555,182,0.2630057803468208,88,0.12716763005780346,34,0.049132947976878616,13,0.01878612716763006,5,0.0072254335260115606,0,0.0,A/B,692,"1,000,000 y mas",1412000012505
120,Zapopan,1,Zapopan,251A,66,0.07440811724915446,137,0.1544532130777903,164,0.18489289740698986,155,0.17474633596392333,150,0.16910935738444194,173,0.19503945885005636,42,0.04735062006764374,D,887,"1,000,000 y mas",141200001251A
120,Zapopan,1,Zapopan,2524,53,0.08562197092084006,95,0.15347334410339256,131,0.21163166397415187,113,0.1825525040387722,83,0.13408723747980614,119,0.19224555735056542,25,0.04038772213247173,C,619,"1,000,000 y mas",1412000012524
120,Zapopan,1,Zapopan,2539,70,0.1282051282051282,124,0.2271062271062271,103,0.18864468864468864,75,0.13736263736263737,64,0.11721611721611722,97,0.17765567765567766,13,0.023809523809523808,C+,546,"1,000,000 y mas",1412000012539
120,Zapopan,1,Zapopan,2543,55,0.09532062391681109,103,0.17850953206239167,99,0.17157712305025996,112,0.19410745233968804,79,0.1369150779896014,111,0.1923743500866551,18,0.03119584055459272,C-,577,"1,000,000 y mas",1412000012543
120,Zapopan,1,Zapopan,2558,36,0.0576,92,0.1472,116,0.1856,113,0.1808,109,0.1744,132,0.2112,27,0.0432,D,625,"1,000,000 y mas",1412000012558
120,Zapopan,1,Zapopan,2562,52,0.07449856733524356,104,0.1489971346704871,111,0.15902578796561603,129,0.18481375358166188,139,0.1991404011461318,127,0.1819484240687679,36,0.05157593123209169,D+,698,"1,000,000 y mas",1412000012562
120,Zapopan,1,Zapopan,2596,198,0.19279454722492698,322,0.31353456669912366,243,0.23661148977604674,140,0.13631937682570594,59,0.05744888023369036,60,0.05842259006815969,5,0.004868549172346641,C+,1027,"1,000,000 y mas",1412000012596
120,Zapopan,1,Zapopan,2609,199,0.1375259156876296,337,0.23289564616447822,347,0.2398064961990325,244,0.1686247408431237,178,0.12301313061506565,139,0.09606081548030408,3,0.002073255010366275,C,1447,"1,000,000 y mas",1412000012609
120,Zapopan,1,Zapopan,2613,118,0.11163670766319773,188,0.17786187322611163,260,0.24597918637653737,196,0.18543046357615894,152,0.14380321665089876,126,0.11920529801324503,17,0.01608325449385052,C,1057,"1,000,000 y mas",1412000012613
120,Zapopan,1,Zapopan,2628,85,0.09209100758396534,192,0.20801733477789816,155,0.16793066088840736,156,0.16901408450704225,139,0.15059588299024917,170,0.18418201516793067,26,0.028169014084507043,C+,923,"1,000,000 y mas",1412000012628
120,Zapopan,1,Zapopan,2632,88,0.06581899775617053,196,0.14659685863874344,245,0.18324607329842932,247,0.18474195961106957,203,0.1518324607329843,308,0.23036649214659685,50,0.037397157816005985,D,1337,"1,000,000 y mas",1412000012632
120,Zapopan,1,Zapopan,2647,52,0.06675224646983312,118,0.1514762516046213,155,0.19897304236200256,155,0.19897304236200256,106,0.13607188703465983,176,0.22593068035943517,17,0.021822849807445442,D,779,"1,000,000 y mas",1412000012647
120,Zapopan,1,Zapopan,2651,53,0.06535141800246609,134,0.16522811344019728,171,0.21085080147965474,179,0.22071516646115907,111,0.13686806411837238,151,0.18618988902589395,12,0.014796547472256474,C-,811,"1,000,000 y mas",1412000012651
120,Zapopan,1,Zapopan,2666,94,0.08776844070961717,182,0.16993464052287582,164,0.1531279178338002,225,0.21008403361344538,137,0.12791783380018673,226,0.21101774042950514,43,0.040149393090569564,D,1071,"1,000,000 y mas",1412000012666
120,Zapopan,1,Zapopan,2670,52,0.054279749478079335,119,0.12421711899791232,198,0.20668058455114824,175,0.1826722338204593,159,0.16597077244258873,235,0.2453027139874739,20,0.020876826722338204,D,958,"1,000,000 y mas",1412000012670
120,Zapopan,1,Zapopan,2685,370,0.2833078101071976,271,0.20750382848392038,215,0.16462480857580397,188,0.1439509954058193,101,0.0773353751914242,126,0.09647779479326186,35,0.02679938744257274,A/B,1306,"1,000,000 y mas",1412000012685
120,Zapopan,1,Zapopan,269A,34,0.12142857142857143,56,0.2,66,0.2357142857142857,59,0.21071428571428572,30,0.10714285714285714,35,0.125,0,0.0,C,280,"1,000,000 y mas",141200001269A
120,Zapopan,1,Zapopan,2702,72,0.1951219512195122,85,0.23035230352303523,85,0.23035230352303523,59,0.15989159891598917,33,0.08943089430894309,31,0.08401084010840108,4,0.01084010840108401,C,369,"1,000,000 y mas",1412000012702
120,Zapopan,1,Zapopan,2717,225,0.22796352583586627,281,0.2847011144883485,208,0.21073961499493415,124,0.12563323201621074,98,0.09929078014184398,48,0.0486322188449848,3,0.00303951367781155,C+,987,"1,000,000 y mas",1412000012717
120,Zapopan,1,Zapopan,2721,342,0.2787286063569682,383,0.3121434392828036,242,0.19722901385493072,155,0.1263243683781581,68,0.05541972290138549,34,0.027709861450692746,3,0.0024449877750611247,C+,1227,"1,000,000 y mas",1412000012721
120,Zapopan,1,Zapopan,2755,40,0.03968253968253968,108,0.10714285714285714,159,0.15773809523809523,212,0.21031746031746032,163,0.16170634920634921,276,0.27380952380952384,50,0.0496031746031746,D,1008,"1,000,000 y mas",1412000012755
120,Zapopan,1,Zapopan,2774,27,0.02423698384201077,55,0.04937163375224417,145,0.13016157989228008,150,0.13464991023339318,235,0.21095152603231598,403,0.3617594254937163,99,0.08886894075403949,D,1114,"1,000,000 y mas",1412000012774
120,Zapopan,1,Zapopan,2789,22,0.02906208718626156,71,0.09379128137384413,115,0.15191545574636725,160,0.21136063408190225,144,0.190224570673712,199,0.2628797886393659,46,0.0607661822985469,D,757,"1,000,000 y mas",1412000012789
120,Zapopan,1,Zapopan,2793,24,0.027522935779816515,75,0.0860091743119266,146,0.16743119266055045,153,0.17545871559633028,154,0.17660550458715596,271,0.31077981651376146,49,0.05619266055045872,D,872,"1,000,000 y mas",1412000012793
120,Zapopan,1,Zapopan,2806,4,0.030534351145038167,14,0.10687022900763359,27,0.20610687022900764,15,0.11450381679389313,28,0.21374045801526717,33,0.25190839694656486,10,0.07633587786259542,D,131,"1,000,000 y mas",1412000012806
120,Zapopan,1,Zapopan,2810,12,0.03986710963455149,17,0.05647840531561462,45,0.14950166112956811,57,0.1893687707641196,52,0.17275747508305647,96,0.31893687707641194,22,0.07308970099667775,D,301,"1,000,000 y mas",1412000012810
120,Zapopan,1,Zapopan,2825,23,0.03691813804173355,51,0.08186195826645265,96,0.15409309791332262,109,0.17495987158908508,102,0.1637239165329053,201,0.32263242375601925,41,0.06581059390048154,D,623,"1,000,000 y mas",1412000012825
120,Zapopan,1,Zapopan,283A,21,0.04216867469879518,22,0.04417670682730924,99,0.19879518072289157,102,0.20481927710843373,95,0.19076305220883535,120,0.24096385542168675,39,0.0783132530120482,D,498,"1,000,000 y mas",141200001283A
120,Zapopan,1,Zapopan,2844,14,0.025878003696857672,56,0.10351201478743069,91,0.16820702402957485,120,0.22181146025878004,74,0.1367837338262477,151,0.27911275415896486,35,0.06469500924214418,D,541,"1,000,000 y mas",1412000012844
120,Zapopan,1,Zapopan,2863,36,0.10084033613445378,64,0.1792717086834734,65,0.18207282913165265,50,0.1400560224089636,63,0.17647058823529413,78,0.2184873949579832,,,D,357,"1,000,000 y mas",1412000012863
120,Zapopan,1,Zapopan,2882,269,0.2532956685499058,295,0.2777777777777778,211,0.19868173258003766,135,0.1271186440677966,82,0.07721280602636535,56,0.05273069679849341,14,0.013182674199623353,C+,1062,"1,000,000 y mas",1412000012882
120,Zapopan,1,Zapopan,2897,363,0.23602080624187255,424,0.2756827048114434,327,0.21261378413524057,184,0.11963589076723016,101,0.06566970091027308,117,0.07607282184655396,22,0.014304291287386216,C+,1538,"1,000,000 y mas",1412000012897
120,Zapopan,1,Zapopan,290A,647,0.48940998487140697,405,0.3063540090771558,164,0.12405446293494705,63,0.047655068078668684,29,0.02193645990922844,14,0.01059001512859304,0,0.0,A/B,1322,"1,000,000 y mas",141200001290A
120,Zapopan,1,Zapopan,2914,520,0.3180428134556575,536,0.32782874617737,288,0.1761467889908257,186,0.11376146788990826,66,0.04036697247706422,36,0.022018348623853212,3,0.001834862385321101,C+,1635,"1,000,000 y mas",1412000012914
120,Zapopan,1,Zapopan,2929,240,0.14354066985645933,313,0.18720095693779903,254,0.1519138755980861,289,0.1728468899521531,235,0.14055023923444976,292,0.17464114832535885,49,0.02930622009569378,C+,1672,"1,000,000 y mas",1412000012929
120,Zapopan,1,Zapopan,2933,118,0.13125695216907676,231,0.25695216907675195,223,0.24805339265850945,138,0.15350389321468297,102,0.11345939933259176,78,0.0867630700778643,9,0.010011123470522803,C+,899,"1,000,000 y mas",1412000012933
120,Zapopan,1,Zapopan,2948,440,0.3445575567736883,447,0.3500391542678152,206,0.16131558339859045,118,0.09240407204385279,40,0.031323414252153486,25,0.01957713390759593,,,C+,1277,"1,000,000 y mas",1412000012948
120,Zapopan,1,Zapopan,2952,248,0.2921083627797409,272,0.32037691401649,143,0.1684334511189635,92,0.10836277974087162,48,0.05653710247349823,44,0.05182567726737338,,,C+,849,"1,000,000 y mas",1412000012952
120,Zapopan,1,Zapopan,2967,379,0.3058918482647296,401,0.32364810330912025,234,0.18886198547215496,120,0.09685230024213075,66,0.053268765133171914,37,0.02986279257465698,,,C+,1239,"1,000,000 y mas",1412000012967
120,Zapopan,1,Zapopan,2971,450,0.43352601156069365,284,0.27360308285163776,169,0.1628131021194605,71,0.06840077071290944,40,0.038535645472061654,23,0.022157996146435453,,,A/B,1038,"1,000,000 y mas",1412000012971
120,Zapopan,1,Zapopan,2986,275,0.20310192023633677,407,0.3005908419497784,270,0.19940915805022155,214,0.15805022156573117,89,0.06573116691285082,89,0.06573116691285082,10,0.007385524372230428,C+,1354,"1,000,000 y mas",1412000012986
120,Zapopan,1,Zapopan,2990,119,0.09900166389351081,238,0.19800332778702162,226,0.18801996672212978,241,0.20049916805324458,187,0.15557404326123128,180,0.1497504159733777,11,0.009151414309484194,C-,1202,"1,000,000 y mas",1412000012990
120,Zapopan,1,Zapopan,3005,240,0.38461538461538464,200,0.32051282051282054,108,0.17307692307692307,40,0.0641025641025641,23,0.03685897435897436,12,0.019230769230769232,,,A/B,624,"1,000,000 y mas",1412000013005
120,Zapopan,1,Zapopan,301A,300,0.30090270812437314,350,0.3510531594784353,172,0.17251755265797392,92,0.09227683049147442,45,0.04513540621865597,36,0.03610832497492478,,,C+,997,"1,000,000 y mas",141200001301A
120,Zapopan,1,Zapopan,3039,53,0.05430327868852459,111,0.11372950819672131,175,0.17930327868852458,153,0.1567622950819672,133,0.1362704918032787,286,0.2930327868852459,65,0.06659836065573771,D,976,"1,000,000 y mas",1412000013039
120,Zapopan,1,Zapopan,3043,51,0.05889145496535797,113,0.13048498845265588,133,0.1535796766743649,156,0.18013856812933027,133,0.1535796766743649,239,0.2759815242494226,41,0.04734411085450346,D,866,"1,000,000 y mas",1412000013043
120,Zapopan,1,Zapopan,3058,92,0.10098792535675083,201,0.22063666300768386,203,0.22283205268935236,142,0.15587266739846323,115,0.12623490669593854,138,0.15148188803512624,20,0.021953896816684963,C,911,"1,000,000 y mas",1412000013058
120,Zapopan,1,Zapopan,3062,199,0.14224446032880628,361,0.2580414581844174,300,0.21443888491779842,235,0.1679771265189421,156,0.11150822015725519,128,0.091493924231594,20,0.014295925661186561,C+,1399,"1,000,000 y mas",1412000013062
120,Zapopan,1,Zapopan,3077,133,0.10848287112561175,266,0.2169657422512235,259,0.21125611745513867,237,0.1933115823817292,180,0.1468189233278956,123,0.100326264274062,28,0.022838499184339316,C+,1226,"1,000,000 y mas",1412000013077
120,Zapopan,1,Zapopan,3081,229,0.34749620637329287,175,0.26555386949924126,108,0.1638846737481032,84,0.1274658573596358,35,0.05311077389984825,28,0.042488619119878605,0,0.0,A/B,659,"1,000,000 y mas",1412000013081
120,Zapopan,1,Zapopan,3096,230,0.19930675909878684,409,0.354419410745234,236,0.2045060658578856,137,0.11871750433275563,81,0.07019064124783363,54,0.04679376083188908,7,0.006065857885615251,C+,1154,"1,000,000 y mas",1412000013096
120,Zapopan,1,Zapopan,3113,37,0.038865546218487396,91,0.09558823529411764,137,0.14390756302521007,189,0.19852941176470587,170,0.17857142857142858,256,0.2689075630252101,72,0.07563025210084033,D,952,"1,000,000 y mas",1412000013113
120,Zapopan,1,Zapopan,3128,240,0.16085790884718498,397,0.2660857908847185,303,0.20308310991957104,229,0.153485254691689,165,0.11058981233243968,139,0.09316353887399464,19,0.012734584450402145,C+,1492,"1,000,000 y mas",1412000013128
120,Zapopan,1,Zapopan,3132,132,0.14193548387096774,209,0.22473118279569892,191,0.2053763440860215,167,0.17956989247311828,92,0.0989247311827957,123,0.13225806451612904,16,0.017204301075268817,C+,930,"1,000,000 y mas",1412000013132
120,Zapopan,1,Zapopan,3147,440,0.2719406674907293,506,0.3127317676143387,335,0.20704573547589616,180,0.11124845488257108,94,0.0580964153275649,59,0.03646477132262052,4,0.002472187886279357,C+,1618,"1,000,000 y mas",1412000013147
120,Zapopan,1,Zapopan,3151,434,0.3569078947368421,425,0.3495065789473684,188,0.15460526315789475,103,0.08470394736842106,48,0.039473684210526314,18,0.014802631578947368,0,0.0,A/B,1216,"1,000,000 y mas",1412000013151
120,Zapopan,1,Zapopan,3166,386,0.27729885057471265,489,0.35129310344827586,291,0.20905172413793102,124,0.08908045977011494,68,0.04885057471264368,30,0.021551724137931036,4,0.0028735632183908046,C+,1392,"1,000,000 y mas",1412000013166
120,Zapopan,1,Zapopan,3170,437,0.29055851063829785,483,0.3211436170212766,283,0.18816489361702127,169,0.11236702127659574,78,0.05186170212765957,52,0.034574468085106384,,,C+,1504,"1,000,000 y mas",1412000013170
120,Zapopan,1,Zapopan,3185,161,0.1278792692613185,267,0.21207307386814933,311,0.24702144559173947,249,0.19777601270849882,133,0.10563939634630659,122,0.09690230341540905,16,0.012708498808578236,C,1259,"1,000,000 y mas",1412000013185
120,Zapopan,1,Zapopan,319A,287,0.15274081958488558,468,0.24906865353911656,412,0.2192655667908462,335,0.17828632251197446,189,0.10058541777541245,169,0.08994145822245875,19,0.010111761575306013,C+,1879,"1,000,000 y mas",141200001319A
120,Zapopan,1,Zapopan,3202,247,0.3388203017832647,238,0.32647462277091904,134,0.18381344307270234,61,0.08367626886145405,31,0.04252400548696845,18,0.024691358024691357,0,0.0,A/B,729,"1,000,000 y mas",1412000013202
120,Zapopan,1,Zapopan,3217,459,0.21857142857142858,647,0.3080952380952381,437,0.20809523809523808,291,0.13857142857142857,174,0.08285714285714285,84,0.04,8,0.0038095238095238095,C+,2100,"1,000,000 y mas",1412000013217
120,Zapopan,1,Zapopan,3236,334,0.17154596815613765,468,0.24036979969183359,372,0.19106317411402157,340,0.1746276322547509,196,0.10066769388803287,211,0.108371854134566,26,0.01335387776065742,C+,1947,"1,000,000 y mas",1412000013236
120,Zapopan,1,Zapopan,326A,528,0.16141852644451238,913,0.27911953531030265,755,0.2308162641394069,524,0.16019565881993275,316,0.0966065423417915,219,0.06695200244573525,16,0.004891470498318557,C+,3271,"1,000,000 y mas",141200001326A
120,Zapopan,1,Zapopan,3274,286,0.16277746158224246,486,0.27660785429709733,428,0.2435970404097894,282,0.16050085372794537,140,0.0796812749003984,121,0.0688673875924872,14,0.00796812749003984,C+,1757,"1,000,000 y mas",1412000013274
120,Zapopan,1,Zapopan,3289,203,0.5370370370370371,112,0.2962962962962963,41,0.10846560846560846,17,0.04497354497354497,4,0.010582010582010581,,,0,0.0,A/B,378,"1,000,000 y mas",1412000013289
120,Zapopan,1,Zapopan,3293,208,0.5265822784810127,112,0.28354430379746837,50,0.12658227848101267,14,0.035443037974683546,7,0.017721518987341773,4,0.010126582278481013,0,0.0,A/B,395,"1,000,000 y mas",1412000013293
120,Zapopan,1,Zapopan,3306,441,0.4681528662420382,273,0.2898089171974522,142,0.15074309978768577,58,0.06157112526539278,20,0.021231422505307854,8,0.008492569002123142,0,0.0,A/B,942,"1,000,000 y mas",1412000013306
120,Zapopan,1,Zapopan,3310,42,0.0743362831858407,116,0.20530973451327433,109,0.1929203539823009,103,0.18230088495575222,84,0.1486725663716814,99,0.1752212389380531,12,0.021238938053097345,C+,565,"1,000,000 y mas",1412000013310
120,Zapopan,1,Zapopan,3325,77,0.09080188679245282,159,0.1875,175,0.20636792452830188,150,0.17688679245283018,128,0.1509433962264151,139,0.16391509433962265,20,0.02358490566037736,C,848,"1,000,000 y mas",1412000013325
120,Zapopan,1,Zapopan,3378,85,0.09758897818599312,213,0.24454649827784156,208,0.23880597014925373,183,0.21010332950631458,98,0.11251435132032148,79,0.09070034443168772,5,0.0057405281285878304,C+,871,"1,000,000 y mas",1412000013378
120,Zapopan,1,Zapopan,3382,385,0.2873134328358209,442,0.32985074626865674,258,0.1925373134328358,158,0.11791044776119403,60,0.04477611940298507,33,0.024626865671641792,4,0.0029850746268656717,C+,1340,"1,000,000 y mas",1412000013382
120,Zapopan,1,Zapopan,3397,528,0.16593337523570081,940,0.295411690760528,784,0.24638592080452545,468,0.14707730986800754,266,0.08359522313010685,182,0.05719673161533627,14,0.0043997485857950975,C+,3182,"1,000,000 y mas",1412000013397
120,Zapopan,1,Zapopan,340A,94,0.14156626506024098,130,0.19578313253012047,148,0.22289156626506024,113,0.17018072289156627,69,0.10391566265060241,89,0.13403614457831325,21,0.03162650602409638,C,664,"1,000,000 y mas",141200001340A
120,Zapopan,1,Zapopan,3414,53,0.10392156862745099,93,0.18235294117647058,93,0.18235294117647058,80,0.1568627450980392,84,0.16470588235294117,97,0.19019607843137254,10,0.0196078431372549,D,510,"1,000,000 y mas",1412000013414
120,Zapopan,1,Zapopan,3429,77,0.3532110091743119,83,0.38073394495412843,36,0.1651376146788991,15,0.06880733944954129,,,4,0.01834862385321101,,,C+,218,"1,000,000 y mas",1412000013429
120,Zapopan,1,Zapopan,3433,44,0.057291666666666664,131,0.17057291666666666,214,0.2786458333333333,163,0.21223958333333334,126,0.1640625,84,0.109375,6,0.0078125,C,768,"1,000,000 y mas",1412000013433
120,Zapopan,1,Zapopan,3448,91,0.3699186991869919,73,0.2967479674796748,42,0.17073170731707318,27,0.10975609756097561,7,0.028455284552845527,5,0.02032520325203252,,,A/B,246,"1,000,000 y mas",1412000013448
120,Zapopan,1,Zapopan,3452,103,0.2641025641025641,145,0.3717948717948718,78,0.2,36,0.09230769230769231,15,0.038461538461538464,12,0.03076923076923077,,,C+,390,"1,000,000 y mas",1412000013452
120,Zapopan,1,Zapopan,3486,8,0.05970149253731343,30,0.22388059701492538,37,0.27611940298507465,23,0.17164179104477612,19,0.1417910447761194,16,0.11940298507462686,,,C,134,"1,000,000 y mas",1412000013486
120,Zapopan,1,Zapopan,3490,7,0.021604938271604937,27,0.08333333333333333,44,0.13580246913580246,54,0.16666666666666666,61,0.1882716049382716,113,0.3487654320987654,18,0.05555555555555555,D,324,"1,000,000 y mas",1412000013490
120,Zapopan,1,Zapopan,3503,70,0.09985734664764621,154,0.21968616262482168,134,0.19115549215406563,117,0.16690442225392296,82,0.11697574893009986,128,0.1825962910128388,16,0.02282453637660485,C+,701,"1,000,000 y mas",1412000013503
120,Zapopan,1,Zapopan,3518,38,0.07251908396946564,99,0.18893129770992367,123,0.23473282442748092,96,0.183206106870229,90,0.1717557251908397,70,0.13358778625954199,8,0.015267175572519083,C,524,"1,000,000 y mas",1412000013518
120,Zapopan,1,Zapopan,3556,80,0.07604562737642585,174,0.16539923954372623,202,0.1920152091254753,218,0.20722433460076045,149,0.14163498098859315,204,0.19391634980988592,25,0.02376425855513308,C-,1052,"1,000,000 y mas",1412000013556
120,Zapopan,1,Zapopan,3560,84,0.07520143240823635,127,0.11369740376007162,224,0.20053715308863027,211,0.18889883616830797,180,0.1611459265890779,243,0.21754700089525514,48,0.04297224709042077,D,1117,"1,000,000 y mas",1412000013560
120,Zapopan,1,Zapopan,3575,668,0.30446672743846853,660,0.300820419325433,371,0.1690975387420237,204,0.09298085688240657,135,0.06153144940747493,129,0.05879671832269827,27,0.012306289881494986,A/B,2194,"1,000,000 y mas",1412000013575
120,Zapopan,1,Zapopan,3594,36,0.1469387755102041,47,0.19183673469387755,39,0.15918367346938775,38,0.15510204081632653,39,0.15918367346938775,43,0.17551020408163265,3,0.012244897959183673,C+,245,"1,000,000 y mas",1412000013594
120,Zapopan,1,Zapopan,3607,5,0.16129032258064516,3,0.0967741935483871,4,0.12903225806451613,3,0.0967741935483871,7,0.22580645161290322,6,0.1935483870967742,3,0.0967741935483871,D+,31,"1,000,000 y mas",1412000013607
120,Zapopan,1,Zapopan,3611,9,0.04522613065326633,26,0.1306532663316583,35,0.17587939698492464,37,0.18592964824120603,31,0.15577889447236182,51,0.2562814070351759,10,0.05025125628140704,D,199,"1,000,000 y mas",1412000013611
120,Zapopan,1,Zapopan,3626,6,0.06666666666666667,3,0.03333333333333333,13,0.14444444444444443,12,0.13333333333333333,23,0.25555555555555554,28,0.3111111111111111,5,0.05555555555555555,D,90,"1,000,000 y mas",1412000013626
120,Zapopan,1,Zapopan,3630,4,0.047058823529411764,10,0.11764705882352941,11,0.12941176470588237,17,0.2,10,0.11764705882352941,29,0.3411764705882353,4,0.047058823529411764,D,85,"1,000,000 y mas",1412000013630
120,Zapopan,1,Zapopan,3645,174,0.45430809399477806,136,0.35509138381201044,54,0.1409921671018277,15,0.0391644908616188,3,0.007832898172323759,,,0,0.0,A/B,383,"1,000,000 y mas",1412000013645
120,Zapopan,1,Zapopan,365A,10,0.03676470588235294,14,0.051470588235294115,39,0.14338235294117646,29,0.10661764705882353,50,0.18382352941176472,102,0.375,28,0.10294117647058823,D,272,"1,000,000 y mas",141200001365A
120,Zapopan,1,Zapopan,3664,,,,,,,,,,,,,,,,,"1,000,000 y mas",1412000013664
120,Zapopan,1,Zapopan,3679,7,0.109375,10,0.15625,7,0.109375,8,0.125,12,0.1875,14,0.21875,6,0.09375,D,64,"1,000,000 y mas",1412000013679
120,Zapopan,1,Zapopan,3683,6,0.018575851393188854,24,0.07430340557275542,41,0.12693498452012383,46,0.14241486068111456,49,0.15170278637770898,135,0.4179566563467492,22,0.06811145510835913,D,323,"1,000,000 y mas",1412000013683
120,Zapopan,1,Zapopan,3698,72,0.20168067226890757,85,0.23809523809523808,80,0.22408963585434175,58,0.16246498599439776,36,0.10084033613445378,26,0.07282913165266107,0,0.0,C+,357,"1,000,000 y mas",1412000013698
120,Zapopan,1,Zapopan,3700,22,0.1774193548387097,30,0.24193548387096775,36,0.2903225806451613,15,0.12096774193548387,13,0.10483870967741936,8,0.06451612903225806,0,0.0,C,124,"1,000,000 y mas",1412000013700
120,Zapopan,1,Zapopan,3715,,,3,0.10344827586206896,5,0.1724137931034483,7,0.2413793103448276,4,0.13793103448275862,6,0.20689655172413793,3,0.10344827586206896,C-,29,"1,000,000 y mas",1412000013715
120,Zapopan,1,Zapopan,372A,23,0.038461538461538464,80,0.13377926421404682,108,0.1806020066889632,88,0.14715719063545152,119,0.19899665551839466,149,0.2491638795986622,31,0.051839464882943144,D,598,"1,000,000 y mas",141200001372A
120,Zapopan,1,Zapopan,3734,27,0.032066508313539195,65,0.07719714964370546,83,0.09857482185273159,134,0.15914489311163896,159,0.18883610451306412,321,0.3812351543942993,53,0.06294536817102138,D,842,"1,000,000 y mas",1412000013734
120,Zapopan,1,Zapopan,3768,0,,0,,0,,0,,0,,0,,0,,E,0,"1,000,000 y mas",1412000013768
120,Zapopan,1,Zapopan,3772,197,0.12183055040197897,448,0.27705627705627706,386,0.23871366728509585,311,0.19233147804576375,159,0.09833024118738404,107,0.06617192331478046,9,0.0055658627087198514,C+,1617,"1,000,000 y mas",1412000013772
120,Zapopan,1,Zapopan,3787,31,0.030753968253968252,60,0.05952380952380952,132,0.13095238095238096,165,0.1636904761904762,202,0.2003968253968254,361,0.35813492063492064,57,0.05654761904761905,D,1008,"1,000,000 y mas",1412000013787
120,Zapopan,1,Zapopan,3791,14,0.020958083832335328,55,0.08233532934131736,82,0.12275449101796407,110,0.16467065868263472,124,0.18562874251497005,244,0.3652694610778443,39,0.058383233532934134,D,668,"1,000,000 y mas",1412000013791
120,Zapopan,1,Zapopan,3804,14,0.034739454094292806,36,0.08933002481389578,62,0.15384615384615385,74,0.18362282878411912,75,0.18610421836228289,117,0.2903225806451613,25,0.062034739454094295,D,403,"1,000,000 y mas",1412000013804
120,Zapopan,1,Zapopan,3819,23,0.03458646616541353,54,0.081203007518797,106,0.1593984962406015,117,0.17593984962406015,116,0.17443609022556392,207,0.3112781954887218,42,0.06315789473684211,D,665,"1,000,000 y mas",1412000013819
120,Zapopan,1,Zapopan,3857,0,,0,,0,,0,,0,,0,,0,,E,0,"1,000,000 y mas",1412000013857
120,Zapopan,1,Zapopan,3861,4,0.025157232704402517,12,0.07547169811320754,30,0.18867924528301888,27,0.16981132075471697,36,0.22641509433962265,44,0.27672955974842767,6,0.03773584905660377,D,159,"1,000,000 y mas",1412000013861
120,Zapopan,1,Zapopan,3876,0,,0,,0,,0,,0,,0,,0,,E,0,"1,000,000 y mas",1412000013876
120,Zapopan,1,Zapopan,3950,15,0.17045454545454544,26,0.29545454545454547,18,0.20454545454545456,16,0.18181818181818182,8,0.09090909090909091,5,0.056818181818181816,0,0.0,C+,88,"1,000,000 y mas",1412000013950
120,Zapopan,1,Zapopan,3965,101,0.39147286821705424,110,0.4263565891472868,32,0.12403100775193798,12,0.046511627906976744,3,0.011627906976744186,0,0.0,0,0.0,C+,258,"1,000,000 y mas",1412000013965
120,Zapopan,1,Zapopan,397A,5,0.1282051282051282,13,0.3333333333333333,8,0.20512820512820512,7,0.1794871794871795,,,5,0.1282051282051282,0,0.0,C+,39,"1,000,000 y mas",141200001397A
120,Zapopan,1,Zapopan,3984,493,0.5686274509803921,216,0.2491349480968858,101,0.11649365628604383,45,0.05190311418685121,8,0.00922722029988466,4,0.00461361014994233,0,0.0,A/B,867,"1,000,000 y mas",1412000013984
120,Zapopan,1,Zapopan,4060,401,0.2,648,0.3231920199501247,453,0.22593516209476308,232,0.11571072319201996,152,0.07581047381546134,116,0.05785536159600998,3,0.0014962593516209476,C+,2005,"1,000,000 y mas",1412000014060
120,Zapopan,1,Zapopan,4075,98,0.07980456026058631,279,0.2271986970684039,353,0.28745928338762217,231,0.18811074918566775,155,0.1262214983713355,108,0.08794788273615635,4,0.003257328990228013,C,1228,"1,000,000 y mas",1412000014075
120,Zapopan,1,Zapopan,408A,46,0.08614232209737828,124,0.23220973782771537,143,0.26779026217228463,124,0.23220973782771537,59,0.1104868913857678,36,0.06741573033707865,,,C,534,"1,000,000 y mas",141200001408A
120,Zapopan,1,Zapopan,4094,30,0.15228426395939088,58,0.29441624365482233,46,0.233502538071066,29,0.14720812182741116,17,0.08629441624365482,16,0.08121827411167512,,,C+,197,"1,000,000 y mas",1412000014094
120,Zapopan,1,Zapopan,4107,24,0.08695652173913043,52,0.18840579710144928,65,0.23550724637681159,51,0.18478260869565216,38,0.13768115942028986,42,0.15217391304347827,4,0.014492753623188406,C,276,"1,000,000 y mas",1412000014107
120,Zapopan,1,Zapopan,4111,5,0.028089887640449437,8,0.0449438202247191,23,0.12921348314606743,24,0.1348314606741573,30,0.16853932584269662,64,0.3595505617977528,24,0.1348314606741573,D,178,"1,000,000 y mas",1412000014111
120,Zapopan,1,Zapopan,4126,3,0.02142857142857143,10,0.07142857142857142,20,0.14285714285714285,22,0.15714285714285714,24,0.17142857142857143,49,0.35,12,0.08571428571428572,D,140,"1,000,000 y mas",1412000014126
120,Zapopan,1,Zapopan,4130,0,0.0,3,0.06521739130434782,3,0.06521739130434782,6,0.13043478260869565,7,0.15217391304347827,18,0.391304347826087,9,0.1956521739130435,D,46,"1,000,000 y mas",1412000014130
120,Zapopan,1,Zapopan,4183,340,0.35015447991761073,324,0.3336766220391349,150,0.15447991761071062,73,0.07518022657054584,43,0.044284243048403706,34,0.035015447991761074,7,0.007209062821833162,A/B,971,"1,000,000 y mas",1412000014183
120,Zapopan,1,Zapopan,4198,253,0.41680395387149916,193,0.31795716639209226,100,0.16474464579901152,39,0.0642504118616145,11,0.018121911037891267,11,0.018121911037891267,0,0.0,A/B,607,"1,000,000 y mas",1412000014198
120,Zapopan,1,Zapopan,4200,230,0.2911392405063291,196,0.2481012658227848,164,0.20759493670886076,109,0.1379746835443038,49,0.0620253164556962,39,0.049367088607594936,3,0.0037974683544303796,A/B,790,"1,000,000 y mas",1412000014200
120,Zapopan,1,Zapopan,4215,207,0.28010825439783493,200,0.2706359945872801,161,0.2178619756427605,97,0.13125845737483086,44,0.05953991880920163,26,0.035182679296346414,4,0.005412719891745603,A/B,739,"1,000,000 y mas",1412000014215
120,Zapopan,1,Zapopan,422A,65,0.05647263249348393,191,0.16594265855777585,256,0.22241529105125976,231,0.20069504778453517,176,0.1529105125977411,195,0.16941789748045177,37,0.03214596003475239,C,1151,"1,000,000 y mas",141200001422A
120,Zapopan,1,Zapopan,4234,73,0.06828811973807297,160,0.14967259120673526,235,0.21983161833489243,231,0.21608980355472404,178,0.166510757717493,171,0.1599625818521983,21,0.019644527595884004,C,1069,"1,000,000 y mas",1412000014234
120,Zapopan,1,Zapopan,4249,119,0.11290322580645161,201,0.19070208728652752,196,0.1859582542694497,176,0.16698292220113853,145,0.13757115749525617,193,0.18311195445920303,24,0.022770398481973434,C+,1054,"1,000,000 y mas",1412000014249
120,Zapopan,1,Zapopan,4253,110,0.17080745341614906,165,0.2562111801242236,138,0.21428571428571427,90,0.13975155279503104,69,0.10714285714285714,62,0.09627329192546584,10,0.015527950310559006,C+,644,"1,000,000 y mas",1412000014253
120,Zapopan,1,Zapopan,4268,35,0.03691983122362869,97,0.10232067510548523,171,0.18037974683544303,182,0.19198312236286919,181,0.1909282700421941,235,0.2478902953586498,47,0.049578059071729956,D,948,"1,000,000 y mas",1412000014268
120,Zapopan,1,Zapopan,4272,37,0.04842931937172775,71,0.09293193717277487,114,0.14921465968586387,140,0.18324607329842932,123,0.16099476439790575,242,0.31675392670157065,37,0.04842931937172775,D,764,"1,000,000 y mas",1412000014272
120,Zapopan,1,Zapopan,4287,25,0.03188775510204082,91,0.11607142857142858,111,0.14158163265306123,176,0.22448979591836735,137,0.1747448979591837,208,0.2653061224489796,36,0.04591836734693878,D,784,"1,000,000 y mas",1412000014287
120,Zapopan,1,Zapopan,4291,38,0.05956112852664577,76,0.11912225705329153,137,0.21473354231974923,118,0.18495297805642633,105,0.164576802507837,135,0.2115987460815047,29,0.045454545454545456,C,638,"1,000,000 y mas",1412000014291
120,Zapopan,1,Zapopan,4304,28,0.05,80,0.14285714285714285,115,0.20535714285714285,117,0.20892857142857144,87,0.15535714285714286,124,0.22142857142857142,9,0.01607142857142857,D,560,"1,000,000 y mas",1412000014304
120,Zapopan,1,Zapopan,4319,28,0.04487179487179487,82,0.13141025641025642,95,0.15224358974358973,124,0.1987179487179487,114,0.18269230769230768,146,0.23397435897435898,35,0.05608974358974359,D,624,"1,000,000 y mas",1412000014319
120,Zapopan,1,Zapopan,4323,45,0.05791505791505792,93,0.11969111969111969,143,0.18404118404118405,155,0.1994851994851995,144,0.18532818532818532,164,0.21106821106821108,33,0.04247104247104247,D,777,"1,000,000 y mas",1412000014323
120,Zapopan,1,Zapopan,4338,29,0.030558482613277135,63,0.06638566912539515,119,0.12539515279241306,184,0.19388830347734456,181,0.19072708113804004,301,0.3171759747102213,72,0.07586933614330875,D,949,"1,000,000 y mas",1412000014338
120,Zapopan,1,Zapopan,4342,130,0.18492176386913228,189,0.26884779516358465,136,0.1934566145092461,88,0.1251778093883357,73,0.10384068278805121,76,0.10810810810810811,11,0.015647226173541962,C+,703,"1,000,000 y mas",1412000014342
120,Zapopan,1,Zapopan,4357,161,0.26221498371335505,211,0.34364820846905536,112,0.18241042345276873,81,0.13192182410423453,33,0.05374592833876222,14,0.02280130293159609,,,C+,614,"1,000,000 y mas",1412000014357
120,Zapopan,1,Zapopan,4361,255,0.36428571428571427,223,0.31857142857142856,125,0.17857142857142858,48,0.06857142857142857,24,0.03428571428571429,25,0.03571428571428571,0,0.0,A/B,700,"1,000,000 y mas",1412000014361
120,Zapopan,1,Zapopan,4376,168,0.35,144,0.3,94,0.19583333333333333,30,0.0625,25,0.052083333333333336,19,0.03958333333333333,0,0.0,A/B,480,"1,000,000 y mas",1412000014376
120,Zapopan,1,Zapopan,4380,286,0.2259083728278041,387,0.3056872037914692,218,0.1721958925750395,198,0.15639810426540285,95,0.0750394944707741,73,0.05766192733017378,9,0.0071090047393364926,C+,1266,"1,000,000 y mas",1412000014380
120,Zapopan,1,Zapopan,4395,232,0.24166666666666667,290,0.3020833333333333,213,0.221875,124,0.12916666666666668,54,0.05625,45,0.046875,,,C+,960,"1,000,000 y mas",1412000014395
120,Zapopan,1,Zapopan,4408,321,0.3285568065506653,332,0.3398157625383828,178,0.18219037871033777,91,0.0931422722620266,40,0.04094165813715456,15,0.015353121801432957,0,0.0,C+,977,"1,000,000 y mas",1412000014408
120,Zapopan,1,Zapopan,4412,266,0.4470588235294118,170,0.2857142857142857,92,0.1546218487394958,39,0.06554621848739496,19,0.031932773109243695,9,0.015126050420168067,0,0.0,A/B,595,"1,000,000 y mas",1412000014412
120,Zapopan,1,Zapopan,4427,62,0.1024793388429752,137,0.22644628099173553,126,0.20826446280991737,92,0.15206611570247933,64,0.10578512396694215,106,0.17520661157024794,18,0.02975206611570248,C+,605,"1,000,000 y mas",1412000014427
120,Zapopan,1,Zapopan,4431,154,0.19130434782608696,212,0.26335403726708073,161,0.2,110,0.13664596273291926,47,0.058385093167701865,102,0.1267080745341615,19,0.02360248447204969,C+,805,"1,000,000 y mas",1412000014431
120,Zapopan,1,Zapopan,4446,250,0.29411764705882354,272,0.32,153,0.18,74,0.08705882352941176,45,0.052941176470588235,53,0.06235294117647059,3,0.0035294117647058825,C+,850,"1,000,000 y mas",1412000014446
120,Zapopan,1,Zapopan,4450,268,0.27098078867542974,336,0.339737108190091,200,0.20222446916076844,105,0.10616784630940344,37,0.03741152679474216,38,0.03842264914054601,5,0.005055611729019211,C+,989,"1,000,000 y mas",1412000014450
120,Zapopan,1,Zapopan,4465,274,0.2502283105022831,367,0.33515981735159817,246,0.22465753424657534,115,0.1050228310502283,61,0.05570776255707763,30,0.0273972602739726,,,C+,1095,"1,000,000 y mas",1412000014465
120,Zapopan,1,Zapopan,447A,341,0.22839919624916277,490,0.3281982585398526,298,0.19959812458137977,199,0.1332886805090422,98,0.06563965170797052,59,0.03951774949765573,8,0.0053583389149363695,C+,1493,"1,000,000 y mas",141200001447A
120,Zapopan,1,Zapopan,4484,77,0.08480176211453745,191,0.21035242290748898,201,0.22136563876651982,175,0.19273127753303965,130,0.14317180616740088,115,0.12665198237885464,19,0.02092511013215859,C,908,"1,000,000 y mas",1412000014484
120,Zapopan,1,Zapopan,4499,78,0.10893854748603352,112,0.1564245810055866,161,0.22486033519553073,121,0.16899441340782123,102,0.1424581005586592,119,0.16620111731843576,23,0.03212290502793296,C,716,"1,000,000 y mas",1412000014499
120,Zapopan,1,Zapopan,4501,34,0.09523809523809523,55,0.15406162464985995,76,0.21288515406162464,66,0.18487394957983194,54,0.15126050420168066,68,0.19047619047619047,4,0.011204481792717087,C,357,"1,000,000 y mas",1412000014501
120,Zapopan,1,Zapopan,4516,36,0.06976744186046512,90,0.1744186046511628,95,0.18410852713178294,92,0.17829457364341086,73,0.14147286821705427,110,0.2131782945736434,20,0.03875968992248062,D,516,"1,000,000 y mas",1412000014516
120,Zapopan,1,Zapopan,4520,41,0.04338624338624339,98,0.1037037037037037,152,0.16084656084656085,167,0.17671957671957672,160,0.1693121693121693,281,0.29735449735449737,46,0.04867724867724868,D,945,"1,000,000 y mas",1412000014520
120,Zapopan,1,Zapopan,4535,88,0.08372978116079924,174,0.16555661274976213,205,0.1950523311132255,209,0.1988582302568982,129,0.12274024738344434,217,0.20647002854424357,29,0.02759276879162702,D,1051,"1,000,000 y mas",1412000014535
120,Zapopan,1,Zapopan,454A,83,0.066030230708035,148,0.1177406523468576,240,0.1909307875894988,283,0.2251392203659507,196,0.15592680986475735,283,0.2251392203659507,24,0.01909307875894988,D,1257,"1,000,000 y mas",141200001454A
120,Zapopan,1,Zapopan,4554,85,0.07508833922261485,154,0.13604240282685512,194,0.17137809187279152,216,0.19081272084805653,168,0.14840989399293286,265,0.23409893992932862,50,0.044169611307420496,D,1132,"1,000,000 y mas",1412000014554
120,Zapopan,1,Zapopan,4569,34,0.06910569105691057,75,0.1524390243902439,114,0.23170731707317074,90,0.18292682926829268,80,0.16260162601626016,91,0.18495934959349594,8,0.016260162601626018,C,492,"1,000,000 y mas",1412000014569
120,Zapopan,1,Zapopan,4573,48,0.08971962616822429,88,0.16448598130841122,126,0.23551401869158878,94,0.17570093457943925,72,0.13457943925233645,90,0.16822429906542055,17,0.03177570093457944,C,535,"1,000,000 y mas",1412000014573
120,Zapopan,1,Zapopan,4588,34,0.06319702602230483,97,0.18029739776951673,112,0.20817843866171004,86,0.15985130111524162,103,0.19144981412639406,92,0.17100371747211895,14,0.026022304832713755,C,538,"1,000,000 y mas",1412000014588
120,Zapopan,1,Zapopan,4592,94,0.09894736842105263,146,0.15368421052631578,179,0.18842105263157893,173,0.18210526315789474,146,0.15368421052631578,173,0.18210526315789474,39,0.04105263157894737,C,950,"1,000,000 y mas",1412000014592
120,Zapopan,1,Zapopan,4605,822,0.3781048758049678,730,0.3357865685372585,370,0.1701931922723091,170,0.078196872125115,52,0.02391904323827047,29,0.013339466421343146,,,A/B,2174,"1,000,000 y mas",1412000014605
120,Zapopan,1,Zapopan,461A,213,0.27698309492847856,266,0.3459037711313394,114,0.1482444733420026,70,0.09102730819245773,43,0.055916775032509754,53,0.06892067620286085,10,0.013003901170351105,C+,769,"1,000,000 y mas",141200001461A
120,Zapopan,1,Zapopan,4643,20,0.01755926251097454,82,0.07199297629499561,146,0.12818261633011413,179,0.15715539947322213,174,0.1527655838454785,419,0.3678665496049166,119,0.1044776119402985,D,1139,"1,000,000 y mas",1412000014643
120,Zapopan,1,Zapopan,4658,42,0.024447031431897557,135,0.07857974388824214,198,0.11525029103608847,282,0.16414435389988358,307,0.17869615832363214,613,0.35681024447031434,141,0.08207217694994179,D,1718,"1,000,000 y mas",1412000014658
120,Zapopan,1,Zapopan,4662,44,0.036943744752308987,111,0.09319899244332494,172,0.14441645675902604,214,0.17968094038623006,216,0.181360201511335,360,0.3022670025188917,74,0.06213266162888329,D,1191,"1,000,000 y mas",1412000014662
120,Zapopan,1,Zapopan,4677,27,0.04035874439461883,77,0.11509715994020926,145,0.21674140508221226,117,0.17488789237668162,98,0.14648729446935724,168,0.25112107623318386,37,0.05530642750373692,D,669,"1,000,000 y mas",1412000014677
120,Zapopan,1,Zapopan,4728,237,0.305019305019305,245,0.3153153153153153,155,0.1994851994851995,84,0.10810810810810811,34,0.043758043758043756,22,0.028314028314028315,0,0.0,C+,777,"1,000,000 y mas",1412000014728
120,Zapopan,1,Zapopan,4732,234,0.3,288,0.36923076923076925,143,0.18333333333333332,58,0.07435897435897436,24,0.03076923076923077,32,0.041025641025641026,,,C+,780,"1,000,000 y mas",1412000014732
120,Zapopan,1,Zapopan,4770,5,0.17857142857142858,13,0.4642857142857143,5,0.17857142857142858,3,0.10714285714285714,,,,,0,0.0,C+,28,"1,000,000 y mas",1412000014770
120,Zapopan,1,Zapopan,479A,0,0.0,10,0.09615384615384616,16,0.15384615384615385,19,0.18269230769230768,19,0.18269230769230768,37,0.3557692307692308,3,0.028846153846153848,D,104,"1,000,000 y mas",141200001479A
120,Zapopan,1,Zapopan,4855,103,0.33225806451612905,105,0.3387096774193548,60,0.1935483870967742,25,0.08064516129032258,11,0.035483870967741936,6,0.01935483870967742,0,0.0,C+,310,"1,000,000 y mas",1412000014855
120,Zapopan,1,Zapopan,486A,,,,,3,0.07692307692307693,13,0.3333333333333333,7,0.1794871794871795,12,0.3076923076923077,,,C-,39,"1,000,000 y mas",141200001486A
120,Zapopan,1,Zapopan,4874,30,0.3488372093023256,22,0.2558139534883721,21,0.2441860465116279,5,0.05813953488372093,7,0.08139534883720931,,,0,0.0,A/B,86,"1,000,000 y mas",1412000014874
120,Zapopan,1,Zapopan,4889,198,0.1334231805929919,445,0.2998652291105121,351,0.23652291105121293,269,0.18126684636118598,139,0.09366576819407008,68,0.04582210242587601,14,0.009433962264150943,C+,1484,"1,000,000 y mas",1412000014889
120,Zapopan,1,Zapopan,4925,111,0.43529411764705883,103,0.403921568627451,27,0.10588235294117647,8,0.03137254901960784,3,0.011764705882352941,,,,,A/B,255,"1,000,000 y mas",1412000014925
120,Zapopan,1,Zapopan,4963,3,0.04054054054054054,8,0.10810810810810811,14,0.1891891891891892,14,0.1891891891891892,10,0.13513513513513514,20,0.2702702702702703,5,0.06756756756756757,D,74,"1,000,000 y mas",1412000014963
120,Zapopan,1,Zapopan,4978,,,3,0.019736842105263157,12,0.07894736842105263,15,0.09868421052631579,24,0.15789473684210525,78,0.5131578947368421,19,0.125,D,152,"1,000,000 y mas",1412000014978
120,Zapopan,1,Zapopan,5105,91,0.157439446366782,179,0.3096885813148789,124,0.21453287197231835,95,0.1643598615916955,52,0.08996539792387544,36,0.06228373702422145,,,C+,578,"1,000,000 y mas",1412000015105
120,Zapopan,1,Zapopan,5124,0,0.0,,,,,5,0.21739130434782608,4,0.17391304347826086,9,0.391304347826087,,,D,23,"1,000,000 y mas",1412000015124
120,Zapopan,1,Zapopan,5139,,,5,0.07246376811594203,10,0.14492753623188406,10,0.14492753623188406,19,0.2753623188405797,21,0.30434782608695654,,,D,69,"1,000,000 y mas",1412000015139
120,Zapopan,1,Zapopan,5143,23,0.04483430799220273,61,0.1189083820662768,109,0.2124756335282651,74,0.1442495126705653,82,0.15984405458089668,147,0.28654970760233917,17,0.03313840155945419,D,513,"1,000,000 y mas",1412000015143
120,Zapopan,1,Zapopan,5158,19,0.03281519861830743,74,0.12780656303972365,94,0.16234887737478412,118,0.20379965457685664,96,0.16580310880829016,159,0.27461139896373055,19,0.03281519861830743,D,579,"1,000,000 y mas",1412000015158
120,Zapopan,1,Zapopan,5162,4,0.025974025974025976,15,0.09740259740259741,21,0.13636363636363635,25,0.16233766233766234,29,0.18831168831168832,52,0.33766233766233766,8,0.05194805194805195,D,154,"1,000,000 y mas",1412000015162
120,Zapopan,1,Zapopan,5177,30,0.031023784901758014,79,0.08169596690796277,166,0.17166494312306102,162,0.16752843846949328,183,0.1892450879007239,303,0.3133402275077559,44,0.045501551189245086,D,967,"1,000,000 y mas",1412000015177
120,Zapopan,1,Zapopan,5181,8,0.4,7,0.35,4,0.2,0,0.0,,,0,0.0,0,0.0,A/B,20,"1,000,000 y mas",1412000015181
120,Zapopan,1,Zapopan,5196,137,0.30376940133037694,157,0.34811529933481156,69,0.15299334811529933,44,0.0975609756097561,24,0.05321507760532151,20,0.04434589800443459,0,0.0,C+,451,"1,000,000 y mas",1412000015196
120,Zapopan,1,Zapopan,5209,330,0.17876489707475623,535,0.2898158179848321,311,0.1684723726977248,203,0.10996749729144095,165,0.08938244853737812,257,0.13921993499458288,45,0.02437703141928494,C+,1846,"1,000,000 y mas",1412000015209
120,Zapopan,1,Zapopan,5228,8,0.06779661016949153,24,0.2033898305084746,35,0.2966101694915254,28,0.23728813559322035,11,0.09322033898305085,12,0.1016949152542373,0,0.0,C,118,"1,000,000 y mas",1412000015228
120,Zapopan,1,Zapopan,5251,311,0.40867279894875164,271,0.35611038107752957,115,0.15111695137976347,44,0.05781865965834428,10,0.013140604467805518,10,0.013140604467805518,0,0.0,A/B,761,"1,000,000 y mas",1412000015251
120,Zapopan,1,Zapopan,5266,863,0.399537037037037,585,0.2708333333333333,285,0.13194444444444445,170,0.0787037037037037,136,0.06296296296296296,95,0.04398148148148148,26,0.012037037037037037,A/B,2160,"1,000,000 y mas",1412000015266
120,Zapopan,1,Zapopan,5270,102,0.42857142857142855,85,0.35714285714285715,25,0.10504201680672269,21,0.08823529411764706,,,3,0.012605042016806723,0,0.0,A/B,238,"1,000,000 y mas",1412000015270
120,Zapopan,1,Zapopan,5285,163,0.20632911392405062,270,0.34177215189873417,162,0.20506329113924052,109,0.1379746835443038,51,0.06455696202531645,33,0.04177215189873418,,,C+,790,"1,000,000 y mas",1412000015285
120,Zapopan,1,Zapopan,529A,37,0.6065573770491803,16,0.26229508196721313,6,0.09836065573770492,,,,,0,0.0,0,0.0,A/B,61,"1,000,000 y mas",141200001529A
120,Zapopan,1,Zapopan,5302,18,0.02786377708978328,35,0.05417956656346749,90,0.1393188854489164,112,0.17337461300309598,108,0.16718266253869968,217,0.33591331269349844,66,0.1021671826625387,D,646,"1,000,000 y mas",1412000015302
120,Zapopan,1,Zapopan,5317,13,0.017310252996005325,55,0.07323568575233022,91,0.12117177097203728,136,0.1810918774966711,141,0.1877496671105193,260,0.34620505992010653,55,0.07323568575233022,D,751,"1,000,000 y mas",1412000015317
120,Zapopan,1,Zapopan,5336,26,0.034346103038309116,64,0.0845442536327609,101,0.1334214002642008,108,0.142668428005284,131,0.17305151915455746,247,0.32628797886393657,80,0.10568031704095113,D,757,"1,000,000 y mas",1412000015336
120,Zapopan,1,Zapopan,5340,671,0.21743357096565133,1125,0.364549578742709,672,0.21775761503564484,334,0.10823071937783539,168,0.05443940375891121,104,0.033700583279325985,12,0.0038885288399222295,C+,3086,"1,000,000 y mas",1412000015340
120,Zapopan,1,Zapopan,5355,22,0.07913669064748201,61,0.21942446043165467,66,0.23741007194244604,47,0.16906474820143885,36,0.12949640287769784,36,0.12949640287769784,10,0.03597122302158273,C,278,"1,000,000 y mas",1412000015355
120,Zapopan,1,Zapopan,536A,87,0.09415584415584416,236,0.2554112554112554,255,0.275974025974026,180,0.19480519480519481,97,0.10497835497835498,66,0.07142857142857142,3,0.003246753246753247,C,924,"1,000,000 y mas",141200001536A
120,Zapopan,1,Zapopan,5374,439,0.2613095238095238,644,0.38333333333333336,328,0.19523809523809524,147,0.0875,74,0.04404761904761905,44,0.02619047619047619,4,0.002380952380952381,C+,1680,"1,000,000 y mas",1412000015374
120,Zapopan,1,Zapopan,5444,186,0.2140391254315305,216,0.24856156501726123,160,0.18411967779056387,109,0.12543153049482164,88,0.10126582278481013,95,0.1093210586881473,15,0.01726121979286536,C+,869,"1,000,000 y mas",1412000015444
120,Zapopan,1,Zapopan,5459,342,0.25277161862527714,480,0.35476718403547675,275,0.2032520325203252,133,0.09830007390983,70,0.051736881005173686,51,0.037694013303769404,,,C+,1353,"1,000,000 y mas",1412000015459
120,Zapopan,1,Zapopan,5463,393,0.23254437869822486,551,0.32603550295857986,378,0.22366863905325443,203,0.12011834319526628,99,0.058579881656804736,64,0.0378698224852071,,,C+,1690,"1,000,000 y mas",1412000015463
120,Zapopan,1,Zapopan,5478,144,0.2188449848024316,196,0.2978723404255319,148,0.22492401215805471,73,0.11094224924012158,60,0.0911854103343465,33,0.05015197568389058,4,0.0060790273556231,C+,658,"1,000,000 y mas",1412000015478
120,Zapopan,1,Zapopan,5482,151,0.36829268292682926,136,0.33170731707317075,66,0.16097560975609757,30,0.07317073170731707,11,0.026829268292682926,15,0.036585365853658534,,,A/B,410,"1,000,000 y mas",1412000015482
120,Zapopan,1,Zapopan,5497,553,0.29572192513368983,602,0.32192513368983955,365,0.19518716577540107,179,0.09572192513368984,95,0.05080213903743316,71,0.03796791443850268,5,0.00267379679144385,C+,1870,"1,000,000 y mas",1412000015497
120,Zapopan,1,Zapopan,550A,189,0.2490118577075099,225,0.2964426877470356,131,0.1725955204216074,80,0.10540184453227931,56,0.07378129117259552,66,0.08695652173913043,12,0.015810276679841896,C+,759,"1,000,000 y mas",141200001550A
120,Zapopan,1,Zapopan,5533,43,0.03058321479374111,97,0.0689900426742532,172,0.12233285917496443,218,0.155049786628734,263,0.18705547652916074,488,0.34708392603129445,125,0.08890469416785206,D,1406,"1,000,000 y mas",1412000015533
120,Zapopan,1,Zapopan,5548,14,0.028397565922920892,41,0.08316430020283976,67,0.1359026369168357,72,0.1460446247464503,89,0.18052738336713997,164,0.332657200811359,46,0.09330628803245436,D,493,"1,000,000 y mas",1412000015548
120,Zapopan,1,Zapopan,5552,64,0.06903991370010787,137,0.14778856526429343,166,0.1790722761596548,162,0.17475728155339806,148,0.15965480043149946,215,0.2319309600862999,35,0.037756202804746494,D,927,"1,000,000 y mas",1412000015552
120,Zapopan,1,Zapopan,5622,3,0.16666666666666666,5,0.2777777777777778,5,0.2777777777777778,,,0,0.0,3,0.16666666666666666,,,C,18,"1,000,000 y mas",1412000015622
120,Zapopan,1,Zapopan,5637,153,0.28125,198,0.3639705882352941,97,0.17830882352941177,44,0.08088235294117647,34,0.0625,15,0.027573529411764705,3,0.0055147058823529415,C+,544,"1,000,000 y mas",1412000015637
120,Zapopan,1,Zapopan,5641,81,0.7864077669902912,16,0.1553398058252427,3,0.02912621359223301,,,,,0,0.0,0,0.0,A/B,103,"1,000,000 y mas",1412000015641
120,Zapopan,1,Zapopan,5656,64,0.3422459893048128,61,0.32620320855614976,41,0.2192513368983957,11,0.058823529411764705,4,0.0213903743315508,6,0.03208556149732621,0,0.0,A/B,187,"1,000,000 y mas",1412000015656
120,Zapopan,1,Zapopan,5660,70,0.28688524590163933,93,0.38114754098360654,41,0.1680327868852459,25,0.10245901639344263,12,0.04918032786885246,3,0.012295081967213115,0,0.0,C+,244,"1,000,000 y mas",1412000015660
120,Zapopan,1,Zapopan,5675,11,0.16666666666666666,18,0.2727272727272727,16,0.24242424242424243,11,0.16666666666666666,6,0.09090909090909091,3,0.045454545454545456,,,C+,66,"1,000,000 y mas",1412000015675
120,Zapopan,1,Zapopan,5694,6,0.02247191011235955,20,0.0749063670411985,39,0.14606741573033707,47,0.1760299625468165,45,0.16853932584269662,92,0.3445692883895131,18,0.06741573033707865,D,267,"1,000,000 y mas",1412000015694
120,Zapopan,1,Zapopan,5745,7,0.044585987261146494,12,0.07643312101910828,20,0.12738853503184713,25,0.1592356687898089,30,0.1910828025477707,54,0.34394904458598724,9,0.05732484076433121,D,157,"1,000,000 y mas",1412000015745
120,Zapopan,1,Zapopan,575A,25,0.19083969465648856,73,0.5572519083969466,26,0.1984732824427481,7,0.05343511450381679,0,0.0,0,0.0,0,0.0,C+,131,"1,000,000 y mas",141200001575A
120,Zapopan,1,Zapopan,5798,160,0.1762114537444934,273,0.30066079295154186,196,0.21585903083700442,145,0.15969162995594713,74,0.08149779735682819,54,0.05947136563876652,6,0.006607929515418502,C+,908,"1,000,000 y mas",1412000015798
120,Zapopan,1,Zapopan,5800,92,0.09236947791164658,202,0.20281124497991967,249,0.25,199,0.19979919678714858,156,0.1566265060240964,94,0.09437751004016064,4,0.004016064257028112,C,996,"1,000,000 y mas",1412000015800
120,Zapopan,1,Zapopan,5815,297,0.486088379705401,167,0.2733224222585925,93,0.15220949263502456,26,0.0425531914893617,13,0.02127659574468085,15,0.024549918166939442,0,0.0,A/B,611,"1,000,000 y mas",1412000015815
120,Zapopan,1,Zapopan,582A,434,0.395985401459854,363,0.3312043795620438,172,0.15693430656934307,81,0.0739051094890511,29,0.02645985401459854,16,0.014598540145985401,,,A/B,1096,"1,000,000 y mas",141200001582A
120,Zapopan,1,Zapopan,5834,39,0.0824524312896406,108,0.22832980972515857,134,0.2832980972515856,100,0.21141649048625794,57,0.12050739957716702,34,0.07188160676532769,,,C,473,"1,000,000 y mas",1412000015834
120,Zapopan,1,Zapopan,5849,453,0.2964659685863874,516,0.337696335078534,280,0.18324607329842932,158,0.10340314136125654,75,0.04908376963350786,43,0.0281413612565445,3,0.001963350785340314,C+,1528,"1,000,000 y mas",1412000015849
120,Zapopan,1,Zapopan,5938,30,0.3409090909090909,44,0.5,14,0.1590909090909091,0,0.0,0,0.0,0,0.0,0,0.0,C+,88,"1,000,000 y mas",1412000015938
120,Zapopan,1,Zapopan,5942,1078,0.6431980906921241,411,0.24522673031026254,118,0.07040572792362769,44,0.026252983293556086,17,0.010143198090692125,7,0.004176610978520286,,,A/B,1676,"1,000,000 y mas",1412000015942
120,Zapopan,1,Zapopan,600A,0,,0,,0,,0,,0,,0,,0,,E,0,"1,000,000 y mas",141200001600A
120,Zapopan,1,Zapopan,6014,135,0.4576271186440678,100,0.3389830508474576,34,0.1152542372881356,11,0.03728813559322034,11,0.03728813559322034,4,0.013559322033898305,0,0.0,A/B,295,"1,000,000 y mas",1412000016014
120,Zapopan,1,Zapopan,6033,136,0.2513863216266174,232,0.4288354898336414,101,0.1866913123844732,48,0.08872458410351201,16,0.029574861367837338,8,0.014787430683918669,0,0.0,C+,541,"1,000,000 y mas",1412000016033
120,Zapopan,1,Zapopan,6048,240,0.3409090909090909,238,0.3380681818181818,145,0.2059659090909091,53,0.07528409090909091,25,0.03551136363636364,3,0.004261363636363636,0,0.0,A/B,704,"1,000,000 y mas",1412000016048
120,Zapopan,1,Zapopan,6052,208,0.35986159169550175,209,0.3615916955017301,92,0.15916955017301038,39,0.06747404844290658,19,0.0328719723183391,10,0.01730103806228374,,,C+,578,"1,000,000 y mas",1412000016052
120,Zapopan,1,Zapopan,6067,136,0.21553090332805072,204,0.3232963549920761,127,0.20126782884310618,81,0.12836767036450078,56,0.08874801901743265,24,0.03803486529318542,3,0.004754358161648178,C+,631,"1,000,000 y mas",1412000016067
120,Zapopan,1,Zapopan,6071,233,0.29987129987129985,328,0.42213642213642216,120,0.15444015444015444,56,0.07207207207207207,30,0.03861003861003861,9,0.011583011583011582,,,C+,777,"1,000,000 y mas",1412000016071
120,Zapopan,1,Zapopan,6103,4,0.03508771929824561,13,0.11403508771929824,23,0.20175438596491227,10,0.08771929824561403,30,0.2631578947368421,28,0.24561403508771928,6,0.05263157894736842,D+,114,"1,000,000 y mas",1412000016103
120,Zapopan,1,Zapopan,6118,4,0.025,10,0.0625,22,0.1375,23,0.14375,31,0.19375,52,0.325,18,0.1125,D,160,"1,000,000 y mas",1412000016118
120,Zapopan,1,Zapopan,6122,0,0.0,,,,,4,0.0449438202247191,8,0.0898876404494382,53,0.5955056179775281,22,0.24719101123595505,D,89,"1,000,000 y mas",1412000016122
120,Zapopan,1,Zapopan,6141,103,0.2976878612716763,152,0.4393063583815029,69,0.1994219653179191,18,0.05202312138728324,4,0.011560693641618497,0,0.0,0,0.0,C+,346,"1,000,000 y mas",1412000016141
120,Zapopan,1,Zapopan,6175,246,0.34214186369958277,261,0.36300417246175243,129,0.17941585535465926,38,0.05285118219749652,24,0.03337969401947149,20,0.027816411682892908,,,C+,719,"1,000,000 y mas",1412000016175
120,Zapopan,1,Zapopan,6283,96,0.3855421686746988,104,0.41767068273092367,32,0.1285140562248996,12,0.04819277108433735,4,0.01606425702811245,,,0,0.0,C+,249,"1,000,000 y mas",1412000016283
120,Zapopan,1,Zapopan,6298,0,0.0,6,0.07142857142857142,8,0.09523809523809523,16,0.19047619047619047,16,0.19047619047619047,26,0.30952380952380953,12,0.14285714285714285,D,84,"1,000,000 y mas",1412000016298
120,Zapopan,1,Zapopan,6300,282,0.20704845814977973,457,0.3355359765051395,256,0.18795888399412627,187,0.13729809104258445,86,0.0631424375917768,78,0.05726872246696035,16,0.011747430249632892,C+,1362,"1,000,000 y mas",1412000016300
120,Zapopan,1,Zapopan,6315,0,0.0,,,3,0.21428571428571427,,,,,5,0.35714285714285715,0,0.0,D,14,"1,000,000 y mas",1412000016315
120,Zapopan,1,Zapopan,632A,0,0.0,4,0.07407407407407407,4,0.07407407407407407,14,0.25925925925925924,11,0.2037037037037037,15,0.2777777777777778,6,0.1111111111111111,D,54,"1,000,000 y mas",141200001632A
120,Zapopan,1,Zapopan,6391,21,0.022850924918389554,44,0.04787812840043525,102,0.11099020674646355,135,0.14689880304678998,137,0.14907508161044614,335,0.3645266594124048,145,0.15778019586507072,D,919,"1,000,000 y mas",1412000016391
120,Zapopan,1,Zapopan,6438,307,0.2890772128060264,441,0.4152542372881356,185,0.17419962335216574,69,0.06497175141242938,27,0.025423728813559324,31,0.02919020715630885,,,C+,1062,"1,000,000 y mas",1412000016438
120,Zapopan,1,Zapopan,6495,12,0.2608695652173913,25,0.5434782608695652,9,0.1956521739130435,0,0.0,0,0.0,0,0.0,0,0.0,C+,46,"1,000,000 y mas",1412000016495
120,Zapopan,1,Zapopan,6508,122,0.09902597402597403,239,0.1939935064935065,253,0.20535714285714285,240,0.19480519480519481,161,0.13068181818181818,183,0.14853896103896103,34,0.027597402597402596,C,1232,"1,000,000 y mas",1412000016508
120,Zapopan,1,Zapopan,6512,288,0.22308288148721922,437,0.33849728892331526,224,0.1735089078233927,144,0.11154144074360961,99,0.0766847405112316,91,0.0704879938032533,8,0.006196746707978312,C+,1291,"1,000,000 y mas",1412000016512
120,Zapopan,1,Zapopan,6527,64,0.07833537331701346,150,0.1835985312117503,145,0.17747858017135862,160,0.19583843329253367,122,0.14932680538555693,151,0.18482252141982863,25,0.030599755201958383,C-,817,"1,000,000 y mas",1412000016527
120,Zapopan,1,Zapopan,6531,70,0.06055363321799308,151,0.13062283737024222,200,0.17301038062283736,227,0.19636678200692043,174,0.15051903114186851,284,0.24567474048442905,50,0.04325259515570934,D,1156,"1,000,000 y mas",1412000016531
120,Zapopan,1,Zapopan,6546,89,0.06001348617666891,195,0.13149022252191503,279,0.18813216453135537,297,0.2002697235333783,245,0.16520566419420094,336,0.2265677680377613,42,0.028320971004720162,D,1483,"1,000,000 y mas",1412000016546
120,Zapopan,1,Zapopan,6550,335,0.39135514018691586,253,0.2955607476635514,133,0.15537383177570094,72,0.08411214953271028,35,0.04088785046728972,26,0.030373831775700934,,,A/B,856,"1,000,000 y mas",1412000016550
120,Zapopan,1,Zapopan,6565,492,0.6089108910891089,224,0.27722772277227725,63,0.07797029702970297,27,0.03341584158415842,,,0,0.0,0,0.0,A/B,808,"1,000,000 y mas",1412000016565
120,Zapopan,1,Zapopan,657A,515,0.5715871254162043,256,0.28412874583795783,93,0.10321864594894561,26,0.02885682574916759,8,0.008879023307436182,,,,,A/B,901,"1,000,000 y mas",141200001657A
120,Zapopan,1,Zapopan,6584,32,0.06374501992031872,83,0.16533864541832669,112,0.22310756972111553,83,0.16533864541832669,74,0.14741035856573706,104,0.20717131474103587,14,0.027888446215139442,C,502,"1,000,000 y mas",1412000016584
120,Zapopan,1,Zapopan,6599,7,0.14285714285714285,11,0.22448979591836735,15,0.30612244897959184,7,0.14285714285714285,3,0.061224489795918366,6,0.12244897959183673,0,0.0,C,49,"1,000,000 y mas",1412000016599
120,Zapopan,1,Zapopan,6601,13,0.1780821917808219,27,0.3698630136986301,12,0.1643835616438356,7,0.0958904109589041,10,0.136986301369863,4,0.0547945205479452,0,0.0,C+,73,"1,000,000 y mas",1412000016601
120,Zapopan,1,Zapopan,6616,0,0.0,9,0.3103448275862069,5,0.1724137931034483,6,0.20689655172413793,4,0.13793103448275862,4,0.13793103448275862,,,C+,29,"1,000,000 y mas",1412000016616
120,Zapopan,1,Zapopan,6620,75,0.0982961992136304,165,0.2162516382699869,180,0.23591087811271297,121,0.15858453473132372,96,0.1258191349934469,110,0.14416775884665792,16,0.020969855832241154,C,763,"1,000,000 y mas",1412000016620
120,Zapopan,1,Zapopan,6635,98,0.10294117647058823,190,0.19957983193277312,219,0.23004201680672268,176,0.18487394957983194,114,0.11974789915966387,141,0.148109243697479,14,0.014705882352941176,C,952,"1,000,000 y mas",1412000016635
120,Zapopan,1,Zapopan,664A,539,0.5649895178197065,248,0.259958071278826,113,0.11844863731656184,34,0.03563941299790356,13,0.013626834381551363,7,0.007337526205450734,0,0.0,A/B,954,"1,000,000 y mas",141200001664A
120,Zapopan,1,Zapopan,6705,44,0.059379217273954114,104,0.14035087719298245,153,0.20647773279352227,158,0.21322537112010798,116,0.15654520917678813,144,0.19433198380566802,22,0.029689608636977057,C-,741,"1,000,000 y mas",1412000016705
120,Zapopan,1,Zapopan,671A,95,0.08828996282527882,173,0.1607806691449814,206,0.19144981412639406,201,0.18680297397769516,167,0.15520446096654275,205,0.19052044609665428,29,0.02695167286245353,C,1076,"1,000,000 y mas",141200001671A
120,Zapopan,1,Zapopan,6724,238,0.28032979976442873,250,0.2944640753828033,166,0.1955241460541814,77,0.09069493521790342,55,0.06478209658421673,59,0.06949352179034157,4,0.004711425206124852,C+,849,"1,000,000 y mas",1412000016724
120,Zapopan,1,Zapopan,6739,401,0.6122137404580152,166,0.2534351145038168,45,0.06870229007633588,36,0.0549618320610687,,,4,0.0061068702290076335,,,A/B,655,"1,000,000 y mas",1412000016739
120,Zapopan,1,Zapopan,6743,421,0.4784090909090909,270,0.3068181818181818,87,0.09886363636363636,60,0.06818181818181818,13,0.014772727272727272,24,0.02727272727272727,5,0.005681818181818182,A/B,880,"1,000,000 y mas",1412000016743
120,Zapopan,1,Zapopan,6758,315,0.45652173913043476,223,0.32318840579710145,104,0.15072463768115943,33,0.04782608695652174,9,0.013043478260869565,6,0.008695652173913044,0,0.0,A/B,690,"1,000,000 y mas",1412000016758
120,Zapopan,1,Zapopan,6762,468,0.5924050632911393,207,0.2620253164556962,66,0.08354430379746836,28,0.035443037974683546,14,0.017721518987341773,5,0.006329113924050633,,,A/B,790,"1,000,000 y mas",1412000016762
120,Zapopan,1,Zapopan,6777,601,0.6126401630988787,257,0.2619775739041794,70,0.07135575942915393,42,0.04281345565749235,4,0.004077471967380225,5,0.0050968399592252805,,,A/B,981,"1,000,000 y mas",1412000016777
120,Zapopan,1,Zapopan,6781,107,0.5095238095238095,62,0.29523809523809524,31,0.14761904761904762,7,0.03333333333333333,,,,,0,0.0,A/B,210,"1,000,000 y mas",1412000016781
120,Zapopan,1,Zapopan,6796,220,0.541871921182266,121,0.29802955665024633,42,0.10344827586206896,16,0.03940886699507389,4,0.009852216748768473,,,,,A/B,406,"1,000,000 y mas",1412000016796
120,Zapopan,1,Zapopan,6809,374,0.5816485225505443,189,0.2939346811819596,51,0.07931570762052877,15,0.02332814930015552,3,0.004665629860031105,11,0.017107309486780714,0,0.0,A/B,643,"1,000,000 y mas",1412000016809
120,Zapopan,1,Zapopan,6813,423,0.5685483870967742,231,0.31048387096774194,63,0.0846774193548387,20,0.026881720430107527,3,0.004032258064516129,4,0.005376344086021506,0,0.0,A/B,744,"1,000,000 y mas",1412000016813
120,Zapopan,1,Zapopan,6828,319,0.6341948310139165,147,0.2922465208747515,32,0.0636182902584493,5,0.009940357852882704,0,0.0,0,0.0,0,0.0,A/B,503,"1,000,000 y mas",1412000016828
120,Zapopan,1,Zapopan,6832,285,0.16512166859791425,473,0.27404403244495945,439,0.25434530706836617,263,0.15237543453070684,159,0.0921205098493627,104,0.06025492468134415,3,0.0017381228273464658,C+,1726,"1,000,000 y mas",1412000016832
120,Zapopan,1,Zapopan,6847,26,0.04905660377358491,82,0.15471698113207547,98,0.18490566037735848,81,0.15283018867924528,81,0.15283018867924528,145,0.27358490566037735,17,0.03207547169811321,D,530,"1,000,000 y mas",1412000016847
120,Zapopan,1,Zapopan,6851,16,0.0761904761904762,28,0.13333333333333333,48,0.22857142857142856,24,0.11428571428571428,42,0.2,47,0.22380952380952382,5,0.023809523809523808,C,210,"1,000,000 y mas",1412000016851
120,Zapopan,1,Zapopan,6866,10,0.046296296296296294,24,0.1111111111111111,29,0.13425925925925927,45,0.20833333333333334,31,0.14351851851851852,62,0.28703703703703703,15,0.06944444444444445,D,216,"1,000,000 y mas",1412000016866
120,Zapopan,1,Zapopan,6870,30,0.11952191235059761,45,0.17928286852589642,62,0.24701195219123506,42,0.16733067729083664,26,0.10358565737051793,43,0.17131474103585656,3,0.01195219123505976,C,251,"1,000,000 y mas",1412000016870
120,Zapopan,1,Zapopan,6885,140,0.09067357512953368,323,0.20919689119170984,366,0.23704663212435234,286,0.18523316062176165,216,0.13989637305699482,190,0.12305699481865284,23,0.014896373056994818,C,1544,"1,000,000 y mas",1412000016885
120,Zapopan,1,Zapopan,689A,81,0.07465437788018434,207,0.19078341013824884,235,0.21658986175115208,197,0.1815668202764977,158,0.1456221198156682,185,0.17050691244239632,22,0.020276497695852536,C,1085,"1,000,000 y mas",141200001689A
120,Zapopan,1,Zapopan,6902,213,0.14162234042553193,450,0.2992021276595745,384,0.2553191489361702,253,0.16821808510638298,106,0.07047872340425532,96,0.06382978723404255,,,C+,1504,"1,000,000 y mas",1412000016902
120,Zapopan,1,Zapopan,6917,78,0.121875,198,0.309375,145,0.2265625,104,0.1625,58,0.090625,57,0.0890625,0,0.0,C+,640,"1,000,000 y mas",1412000016917
120,Zapopan,1,Zapopan,6921,112,0.255125284738041,149,0.33940774487471526,93,0.21184510250569477,47,0.1070615034168565,24,0.05466970387243736,14,0.03189066059225513,0,0.0,C+,439,"1,000,000 y mas",1412000016921
120,Zapopan,1,Zapopan,7008,122,0.21863799283154123,249,0.44623655913978494,113,0.2025089605734767,62,0.1111111111111111,9,0.016129032258064516,3,0.005376344086021506,0,0.0,C+,558,"1,000,000 y mas",1412000017008
120,Zapopan,1,Zapopan,7012,282,0.2025862068965517,605,0.43462643678160917,283,0.20330459770114942,143,0.10272988505747127,48,0.034482758620689655,30,0.021551724137931036,,,C+,1392,"1,000,000 y mas",1412000017012
120,Zapopan,1,Zapopan,7027,152,0.48253968253968255,102,0.3238095238095238,37,0.11746031746031746,20,0.06349206349206349,4,0.012698412698412698,0,0.0,0,0.0,A/B,315,"1,000,000 y mas",1412000017027
120,Zapopan,1,Zapopan,7031,95,0.23929471032745592,165,0.4156171284634761,88,0.2216624685138539,33,0.08312342569269521,14,0.03526448362720403,,,0,0.0,C+,397,"1,000,000 y mas",1412000017031
120,Zapopan,1,Zapopan,7046,137,0.37637362637362637,134,0.36813186813186816,56,0.15384615384615385,20,0.054945054945054944,7,0.019230769230769232,9,0.024725274725274724,,,A/B,364,"1,000,000 y mas",1412000017046
120,Zapopan,1,Zapopan,7050,55,0.39568345323741005,52,0.37410071942446044,23,0.16546762589928057,5,0.03597122302158273,3,0.02158273381294964,0,0.0,,,A/B,139,"1,000,000 y mas",1412000017050
120,Zapopan,1,Zapopan,7065,134,0.39296187683284456,147,0.4310850439882698,45,0.13196480938416422,12,0.03519061583577713,,,,,0,0.0,C+,341,"1,000,000 y mas",1412000017065
120,Zapopan,1,Zapopan,707A,50,0.25,96,0.48,32,0.16,13,0.065,8,0.04,,,0,0.0,C+,200,"1,000,000 y mas",141200001707A
120,Zapopan,1,Zapopan,7084,16,0.5161290322580645,11,0.3548387096774194,,,3,0.0967741935483871,0,0.0,0,0.0,0,0.0,A/B,31,"1,000,000 y mas",1412000017084
120,Zapopan,1,Zapopan,7099,156,0.43575418994413406,133,0.3715083798882682,49,0.13687150837988826,15,0.04189944134078212,4,0.0111731843575419,,,0,0.0,A/B,358,"1,000,000 y mas",1412000017099
120,Zapopan,1,Zapopan,7101,66,0.358695652173913,83,0.45108695652173914,27,0.14673913043478262,7,0.03804347826086957,,,0,0.0,0,0.0,C+,184,"1,000,000 y mas",1412000017101
120,Zapopan,1,Zapopan,7116,161,0.4339622641509434,129,0.3477088948787062,59,0.15902964959568733,15,0.04043126684636118,6,0.016172506738544475,,,0,0.0,A/B,371,"1,000,000 y mas",1412000017116
120,Zapopan,1,Zapopan,7120,154,0.25,257,0.4172077922077922,85,0.137987012987013,53,0.08603896103896104,25,0.040584415584415584,35,0.056818181818181816,7,0.011363636363636364,C+,616,"1,000,000 y mas",1412000017120
120,Zapopan,1,Zapopan,7135,119,0.4524714828897338,96,0.3650190114068441,31,0.11787072243346007,9,0.034220532319391636,5,0.019011406844106463,3,0.011406844106463879,0,0.0,A/B,263,"1,000,000 y mas",1412000017135
120,Zapopan,1,Zapopan,714A,211,0.4596949891067538,169,0.3681917211328976,54,0.11764705882352941,23,0.05010893246187364,,,0,0.0,0,0.0,A/B,459,"1,000,000 y mas",141200001714A
120,Zapopan,1,Zapopan,7154,28,0.45161290322580644,19,0.3064516129032258,5,0.08064516129032258,7,0.11290322580645161,,,,,0,0.0,A/B,62,"1,000,000 y mas",1412000017154
120,Zapopan,1,Zapopan,7169,38,0.4470588235294118,23,0.27058823529411763,19,0.2235294117647059,,,,,,,0,0.0,A/B,85,"1,000,000 y mas",1412000017169
120,Zapopan,1,Zapopan,7188,0,,0,,0,,0,,0,,0,,0,,E,0,"1,000,000 y mas",1412000017188
120,Zapopan,1,Zapopan,7205,7,0.025454545454545455,36,0.13090909090909092,38,0.13818181818181818,38,0.13818181818181818,58,0.2109090909090909,83,0.3018181818181818,15,0.05454545454545454,D,275,"1,000,000 y mas",1412000017205
120,Zapopan,1,Zapopan,721A,0,,0,,0,,0,,0,,0,,0,,E,0,"1,000,000 y mas",141200001721A
120,Zapopan,1,Zapopan,7258,5,0.5555555555555556,3,0.3333333333333333,,,0,0.0,0,0.0,0,0.0,0,0.0,A/B,9,"1,000,000 y mas",1412000017258
120,Zapopan,1,Zapopan,7262,38,0.6785714285714286,16,0.2857142857142857,,,0,0.0,0,0.0,0,0.0,0,0.0,A/B,56,"1,000,000 y mas",1412000017262
120,Zapopan,1,Zapopan,7277,203,0.5272727272727272,139,0.36103896103896105,26,0.06753246753246753,9,0.023376623376623377,6,0.015584415584415584,,,0,0.0,A/B,385,"1,000,000 y mas",1412000017277
120,Zapopan,1,Zapopan,7281,0,0.0,0,0.0,0,0.0,,,,,41,0.5324675324675324,32,0.4155844155844156,D,77,"1,000,000 y mas",1412000017281
120,Zapopan,1,Zapopan,7296,0,0.0,,,4,0.025477707006369428,3,0.01910828025477707,14,0.08917197452229299,76,0.4840764331210191,58,0.36942675159235666,D,157,"1,000,000 y mas",1412000017296
120,Zapopan,1,Zapopan,7309,6,0.0136986301369863,9,0.02054794520547945,29,0.06621004566210045,43,0.09817351598173515,68,0.1552511415525114,209,0.4771689497716895,74,0.1689497716894977,D,438,"1,000,000 y mas",1412000017309
120,Zapopan,1,Zapopan,7313,32,0.32989690721649484,46,0.4742268041237113,14,0.14432989690721648,5,0.05154639175257732,0,0.0,0,0.0,0,0.0,C+,97,"1,000,000 y mas",1412000017313
120,Zapopan,1,Zapopan,7328,67,0.6767676767676768,25,0.25252525252525254,5,0.050505050505050504,,,0,0.0,0,0.0,0,0.0,A/B,99,"1,000,000 y mas",1412000017328
120,Zapopan,1,Zapopan,7332,12,0.41379310344827586,10,0.3448275862068966,6,0.20689655172413793,,,0,0.0,0,0.0,0,0.0,A/B,29,"1,000,000 y mas",1412000017332
120,Zapopan,1,Zapopan,7366,121,0.2847058823529412,220,0.5176470588235295,50,0.11764705882352941,24,0.05647058823529412,7,0.01647058823529412,0,0.0,3,0.007058823529411765,C+,425,"1,000,000 y mas",1412000017366
120,Zapopan,1,Zapopan,7370,299,0.4791666666666667,244,0.391025641025641,50,0.08012820512820513,27,0.04326923076923077,4,0.00641025641025641,0,0.0,0,0.0,A/B,624,"1,000,000 y mas",1412000017370
120,Zapopan,1,Zapopan,7385,76,0.6495726495726496,35,0.29914529914529914,4,0.03418803418803419,,,0,0.0,0,0.0,0,0.0,A/B,117,"1,000,000 y mas",1412000017385
120,Zapopan,1,Zapopan,739A,220,0.3866432337434095,245,0.4305799648506151,73,0.1282952548330404,23,0.040421792618629174,4,0.007029876977152899,4,0.007029876977152899,0,0.0,C+,569,"1,000,000 y mas",141200001739A
120,Zapopan,1,Zapopan,7402,38,0.3247863247863248,47,0.4017094017094017,18,0.15384615384615385,6,0.05128205128205128,6,0.05128205128205128,,,,,C+,117,"1,000,000 y mas",1412000017402
120,Zapopan,1,Zapopan,7417,4,0.06666666666666667,6,0.1,11,0.18333333333333332,8,0.13333333333333333,14,0.23333333333333334,16,0.26666666666666666,,,D,60,"1,000,000 y mas",1412000017417
120,Zapopan,4,El Agua Caliente,0104,,,,,,,,,,,,,,,,,1 a 249,1412000040104
120,Zapopan,6,Las Agujas,5567,8,0.7272727272727273,3,0.2727272727272727,0,0.0,0,0.0,0,0.0,0,0.0,0,0.0,A/B,11,1 a 249,1412000065567
120,Zapopan,18,La Azucena,0123,6,0.13043478260869565,21,0.45652173913043476,8,0.17391304347826086,6,0.13043478260869565,,,3,0.06521739130434782,0,0.0,C+,46,1 a 249,1412000180123
120,Zapopan,20,El Bajío,0104,,,,,,,,,,,,,,,,,1 a 249,1412000200104
120,Zapopan,22,La Primavera,0142,61,0.10777385159010601,82,0.14487632508833923,116,0.2049469964664311,107,0.18904593639575973,101,0.1784452296819788,90,0.15901060070671377,9,0.015901060070671377,C,566,"1,000 a 2,499",1412000220142
120,Zapopan,27,Rancho Bonito,0015,0,0.0,0,0.0,,,0,0.0,,,3,0.6,0,0.0,D,5,1 a 249,1412000270015
120,Zapopan,29,El Bramido,0104,,,,,,,,,,,,,,,,,1 a 249,1412000290104
120,Zapopan,33,Los Camachos,0087,0,,0,,0,,0,,0,,0,,0,,E,0,1 a 249,1412000330087
120,Zapopan,38,La Capilla,0015,0,0.0,0,0.0,,,0,0.0,,,,,,,D+,5,1 a 249,1412000380015
120,Zapopan,47,El Cimarrón,002A,0,0.0,0,0.0,0,0.0,0,0.0,0,0.0,,,,,D,3,1 a 249,141200047002A
120,Zapopan,50,El Cohetero,0123,0,0.0,0,0.0,0,0.0,0,0.0,,,,,0,0.0,D+,3,1 a 249,1412000500123
120,Zapopan,56,Cópala,0123,,,3,0.03896103896103896,5,0.06493506493506493,7,0.09090909090909091,16,0.2077922077922078,36,0.4675324675324675,8,0.1038961038961039,D,77,250 a 499,1412000560123
120,Zapopan,57,Copalita,0123,0,0.0,5,0.08064516129032258,10,0.16129032258064516,10,0.16129032258064516,11,0.1774193548387097,20,0.3225806451612903,6,0.0967741935483871,D,62,250 a 499,1412000570123
120,Zapopan,62,La Cuchilla (Extramuros de Tesistán),0161,19,0.02127659574468085,55,0.06159014557670773,106,0.1187010078387458,204,0.2284434490481523,232,0.2597984322508399,273,0.3057110862262038,4,0.004479283314669653,D,893,"10,000 a 14,999",1412000620161
120,Zapopan,62,La Cuchilla (Extramuros de Tesistán),0176,21,0.01364522417153996,83,0.0539311241065627,232,0.1507472384665367,354,0.2300194931773879,374,0.24301494476933072,467,0.30344379467186483,8,0.005198180636777128,D,1539,"10,000 a 14,999",1412000620176
120,Zapopan,62,La Cuchilla (Extramuros de Tesistán),0180,20,0.02617801047120419,44,0.05759162303664921,84,0.1099476439790576,157,0.2054973821989529,206,0.2696335078534031,247,0.32329842931937175,6,0.007853403141361256,D,764,"10,000 a 14,999",1412000620180
120,Zapopan,62,La Cuchilla (Extramuros de Tesistán),0208,11,0.03914590747330961,21,0.07473309608540925,47,0.16725978647686832,46,0.16370106761565836,70,0.2491103202846975,70,0.2491103202846975,16,0.05693950177935943,D,281,"10,000 a 14,999",1412000620208
120,Zapopan,62,La Cuchilla (Extramuros de Tesistán),0284,80,0.23460410557184752,129,0.3782991202346041,78,0.2287390029325513,35,0.10263929618768329,12,0.03519061583577713,7,0.020527859237536656,0,0.0,C+,341,"10,000 a 14,999",1412000620284
120,Zapopan,62,La Cuchilla (Extramuros de Tesistán),0299,8,0.03864734299516908,28,0.13526570048309178,24,0.11594202898550725,29,0.14009661835748793,46,0.2222222222222222,62,0.2995169082125604,10,0.04830917874396135,D,207,"10,000 a 14,999",1412000620299
120,Zapopan,64,La Cueva,0142,,,,,,,,,,,,,,,,,1 a 249,1412000640142
120,Zapopan,70,El Corral de Piedra,0034,0,0.0,,,0,0.0,,,,,,,0,0.0,D,5,1 a 249,1412000700034
120,Zapopan,78,La Esperanza,5567,,,,,,,,,,,,,,,,,1 a 249,1412000785567
120,Zapopan,89,Los Guayabitos,0142,,,0,0.0,0,0.0,,,4,0.5714285714285714,,,0,0.0,D+,7,1 a 249,1412000890142
120,Zapopan,95,Huaxtla,0034,,,0,0.0,3,0.1,6,0.2,8,0.26666666666666666,8,0.26666666666666666,4,0.13333333333333333,D,30,1 a 249,1412000950034
120,Zapopan,97,Los Húmedos,0053,0,0.0,0,0.0,0,0.0,,,,,,,,,E,6,1 a 249,1412000970053
120,Zapopan,99,San Francisco de Ixcatán,0087,0,0.0,5,0.11627906976744186,15,0.3488372093023256,3,0.06976744186046512,9,0.20930232558139536,8,0.18604651162790697,3,0.06976744186046512,C,43,250 a 499,1412000990087
120,Zapopan,111,El Lazo (Ex-Hacienda del Lazo),0138,0,,0,,0,,0,,0,,0,,0,,E,0,1 a 249,1412001110138
120,Zapopan,124,El Martel,0034,0,0.0,0,0.0,,,0,0.0,0,0.0,4,0.8,0,0.0,D,5,1 a 249,1412001240034
120,Zapopan,129,El Mesón de Cópala,0034,,,4,0.036036036036036036,10,0.09009009009009009,16,0.14414414414414414,17,0.15315315315315314,46,0.4144144144144144,16,0.14414414414414414,D,111,250 a 499,1412001290034
120,Zapopan,133,El Mirador de las Garzas,0123,,,,,,,,,,,,,,,,,1 a 249,1412001330123
120,Zapopan,134,La Mojonera,5567,13,0.30952380952380953,7,0.16666666666666666,6,0.14285714285714285,6,0.14285714285714285,7,0.16666666666666666,3,0.07142857142857142,0,0.0,A/B,42,250 a 499,1412001345567
120,Zapopan,139,Nextipac,5980,36,0.05778491171749599,105,0.16853932584269662,96,0.15409309791332262,99,0.15890850722311398,126,0.20224719101123595,133,0.21348314606741572,28,0.0449438202247191,D,623,"2,500 a 4,999",1412001395980
120,Zapopan,139,Nextipac,5995,19,0.07392996108949416,24,0.0933852140077821,37,0.14396887159533073,44,0.17120622568093385,49,0.19066147859922178,71,0.27626459143968873,13,0.05058365758754864,D,257,"2,500 a 4,999",1412001395995
120,Zapopan,143,El Ocote,5567,,,,,,,,,,,,,,,,,1 a 249,1412001435567
120,Zapopan,151,La Palma,5567,,,,,,,,,,,,,,,,,1 a 249,1412001515567
120,Zapopan,153,Palo Gordo,0015,0,0.0,0,0.0,,,,,3,0.125,16,0.6666666666666666,,,D,24,1 a 249,1412001530015
120,Zapopan,168,Los Pinitos,0142,0,0.0,0,0.0,,,,,0,0.0,,,,,E,4,1 a 249,1412001680142
120,Zapopan,183,El Quemado,0123,,,7,0.16279069767441862,6,0.13953488372093023,4,0.09302325581395349,11,0.2558139534883721,13,0.3023255813953488,0,0.0,D,43,1 a 249,1412001830123
120,Zapopan,190,La Reserva,0104,,,,,,,,,,,,,,,,,1 a 249,1412001900104
120,Zapopan,194,Río Caliente,0142,,,,,,,,,,,,,,,,,1 a 249,1412001940142
120,Zapopan,198,La Sala,0585,,,,,,,,,,,,,,,,,1 a 249,1412001980585
120,Zapopan,201,San Antonio,0049,0,0.0,0,0.0,0,0.0,,,0,0.0,,,,,E,3,1 a 249,1412002010049
120,Zapopan,202,San Antonio Chico,0142,0,0.0,0,0.0,0,0.0,4,0.5,0,0.0,4,0.5,0,0.0,D,8,1 a 249,1412002020142
120,Zapopan,206,San Esteban (San Miguel Tateposco),504A,0,0.0,,,,,3,0.15,4,0.2,3,0.15,7,0.35,E,20,"2,500 a 4,999",141200206504A
120,Zapopan,206,San Esteban (San Miguel Tateposco),5054,,,7,0.03783783783783784,20,0.10810810810810811,35,0.1891891891891892,34,0.1837837837837838,69,0.372972972972973,18,0.0972972972972973,D,185,"2,500 a 4,999",1412002065054
120,Zapopan,206,San Esteban (San Miguel Tateposco),6461,0,,0,,0,,0,,0,,0,,0,,E,0,"2,500 a 4,999",1412002066461
120,Zapopan,206,San Esteban (San Miguel Tateposco),7347,,,,,,,,,,,,,,,,,"2,500 a 4,999",1412002067347
120,Zapopan,210,San Isidro,0087,,,,,,,,,,,6,0.5,0,0.0,D,12,500 a 999,1412002100087
120,Zapopan,213,San Lorenzo,0034,0,0.0,0,0.0,,,0,0.0,0,0.0,5,0.7142857142857143,,,D,7,1 a 249,1412002130034
120,Zapopan,214,San Lorenzo,0104,,,,,,,,,,,,,,,,,1 a 249,1412002140104
120,Zapopan,218,San Rafael Tercero,0123,3,0.10714285714285714,10,0.35714285714285715,6,0.21428571428571427,4,0.14285714285714285,3,0.10714285714285714,,,0,0.0,C+,28,1 a 249,1412002180123
120,Zapopan,227,La Soledad,0034,0,0.0,0,0.0,0,0.0,,,5,0.2631578947368421,6,0.3157894736842105,7,0.3684210526315789,E,19,1 a 249,1412002270034
120,Zapopan,230,El Taray,0034,0,0.0,,,,,0,0.0,,,,,0,0.0,D+,5,1 a 249,1412002300034
120,Zapopan,231,Tesistán (San Francisco Tesistán),2026,40,0.04801920768307323,94,0.11284513805522209,174,0.20888355342136855,140,0.16806722689075632,167,0.20048019207683074,192,0.2304921968787515,26,0.031212484993997598,D,833,"50,000 a 99,999",1412002312026
120,Zapopan,231,Tesistán (San Francisco Tesistán),2045,161,0.20801033591731266,273,0.35271317829457366,171,0.22093023255813954,81,0.10465116279069768,53,0.06847545219638243,32,0.041343669250646,3,0.003875968992248062,C+,774,"50,000 a 99,999",1412002312045
120,Zapopan,231,Tesistán (San Francisco Tesistán),205A,128,0.11438784629133154,248,0.22162645218945487,224,0.20017873100983022,190,0.16979445933869527,136,0.12153708668453976,170,0.15192135835567472,23,0.020554066130473638,C+,1119,"50,000 a 99,999",141200231205A
120,Zapopan,231,Tesistán (San Francisco Tesistán),2079,11,0.024282560706401765,28,0.06181015452538632,51,0.11258278145695365,78,0.17218543046357615,96,0.2119205298013245,152,0.3355408388520971,37,0.08167770419426049,D,453,"50,000 a 99,999",1412002312079
120,Zapopan,231,Tesistán (San Francisco Tesistán),3823,49,0.042720139494333044,151,0.13164777680906714,231,0.2013949433304272,263,0.22929380993897122,218,0.1900610287707062,199,0.17349607672188316,36,0.03138622493461203,C-,1147,"50,000 a 99,999",1412002313823
120,Zapopan,231,Tesistán (San Francisco Tesistán),3838,61,0.07376058041112454,159,0.19226118500604594,222,0.26844014510278114,162,0.19588875453446192,129,0.15598548972188633,90,0.10882708585247884,4,0.0048367593712212815,C,827,"50,000 a 99,999",1412002313838
120,Zapopan,231,Tesistán (San Francisco Tesistán),3842,168,0.22429906542056074,290,0.3871829105473965,136,0.18157543391188252,89,0.11882510013351134,39,0.0520694259012016,23,0.030707610146862484,4,0.0053404539385847796,C+,749,"50,000 a 99,999",1412002313842
120,Zapopan,231,Tesistán (San Francisco Tesistán),3895,12,0.08108108108108109,33,0.22297297297297297,29,0.19594594594594594,42,0.28378378378378377,15,0.10135135135135136,16,0.10810810810810811,,,C-,148,"50,000 a 99,999",1412002313895
120,Zapopan,231,Tesistán (San Francisco Tesistán),3999,0,0.0,3,0.04285714285714286,8,0.11428571428571428,18,0.2571428571428571,14,0.2,25,0.35714285714285715,,,D,70,"50,000 a 99,999",1412002313999
120,Zapopan,231,Tesistán (San Francisco Tesistán),4003,6,0.012269938650306749,27,0.05521472392638037,85,0.1738241308793456,91,0.18609406952965235,96,0.19631901840490798,167,0.34151329243353784,17,0.034764826175869123,D,489,"50,000 a 99,999",1412002314003
120,Zapopan,231,Tesistán (San Francisco Tesistán),4145,49,0.03271028037383177,120,0.0801068090787717,252,0.16822429906542055,270,0.1802403204272363,296,0.19759679572763686,425,0.28371161548731644,86,0.05740987983978638,D,1498,"50,000 a 99,999",1412002314145
120,Zapopan,231,Tesistán (San Francisco Tesistán),415A,16,0.026533996683250415,65,0.1077943615257048,84,0.13930348258706468,119,0.19734660033167495,98,0.1625207296849088,186,0.30845771144278605,35,0.05804311774461028,D,603,"50,000 a 99,999",141200231415A
120,Zapopan,231,Tesistán (San Francisco Tesistán),4164,29,0.029322548028311426,100,0.10111223458038422,162,0.16380182002022245,160,0.16177957532861476,166,0.1678463094034378,301,0.30434782608695654,71,0.0717896865520728,D,989,"50,000 a 99,999",1412002314164
120,Zapopan,231,Tesistán (San Francisco Tesistán),4179,69,0.03735787763941527,216,0.11694639956686519,324,0.17541959935029777,357,0.19328641039523553,349,0.1889550622631294,470,0.25446670276123445,62,0.033567948023822416,D,1847,"50,000 a 99,999",1412002314179
120,Zapopan,231,Tesistán (San Francisco Tesistán),4817,0,0.0,,,4,0.2,6,0.3,3,0.15,6,0.3,0,0.0,D,20,"50,000 a 99,999",1412002314817
120,Zapopan,231,Tesistán (San Francisco Tesistán),5035,0,0.0,,,4,0.11428571428571428,15,0.42857142857142855,6,0.17142857142857143,7,0.2,,,C-,35,"50,000 a 99,999",1412002315035
120,Zapopan,231,Tesistán (San Francisco Tesistán),5590,0,0.0,,,5,0.13513513513513514,8,0.21621621621621623,8,0.21621621621621623,13,0.35135135135135137,,,D,37,"50,000 a 99,999",1412002315590
120,Zapopan,231,Tesistán (San Francisco Tesistán),5618,27,0.09642857142857143,64,0.22857142857142856,55,0.19642857142857142,75,0.26785714285714285,33,0.11785714285714285,24,0.08571428571428572,,,C-,280,"50,000 a 99,999",1412002315618
120,Zapopan,231,Tesistán (San Francisco Tesistán),5726,358,0.2137313432835821,559,0.3337313432835821,359,0.2143283582089552,197,0.11761194029850747,118,0.07044776119402985,79,0.047164179104477615,5,0.0029850746268656717,C+,1675,"50,000 a 99,999",1412002315726
120,Zapopan,231,Tesistán (San Francisco Tesistán),5730,45,0.1347305389221557,98,0.2934131736526946,82,0.24550898203592814,56,0.16766467065868262,32,0.09580838323353294,20,0.059880239520958084,,,C+,334,"50,000 a 99,999",1412002315730
120,Zapopan,231,Tesistán (San Francisco Tesistán),5779,20,0.025477707006369428,45,0.05732484076433121,99,0.12611464968152866,145,0.18471337579617833,136,0.1732484076433121,277,0.35286624203821654,63,0.08025477707006369,D,785,"50,000 a 99,999",1412002315779
120,Zapopan,231,Tesistán (San Francisco Tesistán),5872,88,0.08224299065420561,184,0.17196261682242991,197,0.18411214953271027,227,0.21214953271028036,151,0.1411214953271028,190,0.17757009345794392,33,0.0308411214953271,C-,1070,"50,000 a 99,999",1412002315872
120,Zapopan,231,Tesistán (San Francisco Tesistán),5887,49,0.06064356435643564,98,0.12128712871287128,129,0.15965346534653466,167,0.20668316831683167,150,0.18564356435643564,178,0.2202970297029703,37,0.04579207920792079,D,808,"50,000 a 99,999",1412002315887
120,Zapopan,231,Tesistán (San Francisco Tesistán),6207,,,,,6,0.13043478260869565,5,0.10869565217391304,12,0.2608695652173913,17,0.3695652173913043,4,0.08695652173913043,D,46,"50,000 a 99,999",1412002316207
120,Zapopan,231,Tesistán (San Francisco Tesistán),6211,0,0.0,,,5,0.23809523809523808,7,0.3333333333333333,,,4,0.19047619047619047,,,C-,21,"50,000 a 99,999",1412002316211
120,Zapopan,231,Tesistán (San Francisco Tesistán),6226,,,,,3,0.07894736842105263,7,0.18421052631578946,8,0.21052631578947367,12,0.3157894736842105,5,0.13157894736842105,D,38,"50,000 a 99,999",1412002316226
120,Zapopan,231,Tesistán (San Francisco Tesistán),6230,35,0.035,109,0.109,240,0.24,249,0.249,206,0.206,152,0.152,9,0.009,C-,1000,"50,000 a 99,999",1412002316230
120,Zapopan,231,Tesistán (San Francisco Tesistán),6245,14,0.03255813953488372,62,0.14418604651162792,123,0.28604651162790695,98,0.22790697674418606,78,0.1813953488372093,50,0.11627906976744186,5,0.011627906976744186,C,430,"50,000 a 99,999",1412002316245
120,Zapopan,231,Tesistán (San Francisco Tesistán),625A,71,0.3397129186602871,77,0.3684210526315789,32,0.15311004784688995,12,0.05741626794258373,12,0.05741626794258373,5,0.023923444976076555,0,0.0,C+,209,"50,000 a 99,999",141200231625A
120,Zapopan,231,Tesistán (San Francisco Tesistán),6264,13,0.032418952618453865,61,0.15211970074812967,99,0.24688279301745636,87,0.2169576059850374,77,0.19201995012468828,62,0.1546134663341646,,,C,401,"50,000 a 99,999",1412002316264
120,Zapopan,231,Tesistán (San Francisco Tesistán),6404,,,11,0.08943089430894309,24,0.1951219512195122,12,0.0975609756097561,19,0.15447154471544716,48,0.3902439024390244,7,0.056910569105691054,D,123,"50,000 a 99,999",1412002316404
120,Zapopan,231,Tesistán (San Francisco Tesistán),6476,0,0.0,0,0.0,0,0.0,,,,,9,0.6428571428571429,,,D,14,"50,000 a 99,999",1412002316476
120,Zapopan,231,Tesistán (San Francisco Tesistán),6480,0,0.0,0,0.0,,,,,,,,,0,0.0,D,4,"50,000 a 99,999",1412002316480
120,Zapopan,231,Tesistán (San Francisco Tesistán),6654,84,0.10108303249097472,183,0.22021660649819494,152,0.1829121540312876,123,0.148014440433213,128,0.15403128760529483,130,0.15643802647412755,31,0.03730445246690734,C+,831,"50,000 a 99,999",1412002316654
120,Zapopan,231,Tesistán (San Francisco Tesistán),6669,43,0.10723192019950124,113,0.2817955112219451,104,0.2593516209476309,71,0.1770573566084788,45,0.11221945137157108,20,0.04987531172069826,5,0.012468827930174564,C+,401,"50,000 a 99,999",1412002316669
120,Zapopan,231,Tesistán (San Francisco Tesistán),6673,25,0.04789272030651341,88,0.1685823754789272,103,0.19731800766283525,85,0.16283524904214558,82,0.15708812260536398,118,0.2260536398467433,21,0.040229885057471264,D,522,"50,000 a 99,999",1412002316673
120,Zapopan,231,Tesistán (San Francisco Tesistán),6688,12,0.03361344537815126,36,0.10084033613445378,67,0.1876750700280112,66,0.18487394957983194,75,0.21008403361344538,90,0.25210084033613445,11,0.03081232492997199,D,357,"50,000 a 99,999",1412002316688
120,Zapopan,231,Tesistán (San Francisco Tesistán),6692,19,0.06506849315068493,29,0.09931506849315068,48,0.1643835616438356,72,0.2465753424657534,56,0.1917808219178082,58,0.19863013698630136,10,0.03424657534246575,C-,292,"50,000 a 99,999",1412002316692
120,Zapopan,231,Tesistán (San Francisco Tesistán),696A,116,0.28431372549019607,123,0.3014705882352941,85,0.20833333333333334,56,0.13725490196078433,19,0.04656862745098039,9,0.022058823529411766,0,0.0,C+,408,"50,000 a 99,999",141200231696A
120,Zapopan,231,Tesistán (San Francisco Tesistán),6974,35,0.19337016574585636,74,0.4088397790055249,46,0.2541436464088398,12,0.06629834254143646,8,0.04419889502762431,6,0.03314917127071823,0,0.0,C+,181,"50,000 a 99,999",1412002316974
120,Zapopan,231,Tesistán (San Francisco Tesistán),6989,87,0.1141732283464567,233,0.30577427821522307,179,0.23490813648293962,141,0.18503937007874016,82,0.10761154855643044,35,0.045931758530183726,5,0.006561679790026247,C+,762,"50,000 a 99,999",1412002316989
120,Zapopan,231,Tesistán (San Francisco Tesistán),6993,6,0.018072289156626505,27,0.08132530120481928,63,0.1897590361445783,88,0.26506024096385544,86,0.25903614457831325,62,0.18674698795180722,0,0.0,C-,332,"50,000 a 99,999",1412002316993
120,Zapopan,231,Tesistán (San Francisco Tesistán),7173,0,0.0,,,,,9,0.34615384615384615,11,0.4230769230769231,3,0.11538461538461539,0,0.0,D+,26,"50,000 a 99,999",1412002317173
120,Zapopan,231,Tesistán (San Francisco Tesistán),7192,41,0.09601873536299765,131,0.30679156908665106,117,0.27400468384074944,65,0.1522248243559719,47,0.11007025761124122,26,0.06088992974238876,0,0.0,C+,427,"50,000 a 99,999",1412002317192
120,Zapopan,231,Tesistán (San Francisco Tesistán),7224,0,0.0,0,0.0,0,0.0,0,0.0,3,0.23076923076923078,7,0.5384615384615384,3,0.23076923076923078,D,13,"50,000 a 99,999",1412002317224
120,Zapopan,231,Tesistán (San Francisco Tesistán),7239,0,0.0,,,0,0.0,,,3,0.17647058823529413,9,0.5294117647058824,,,D,17,"50,000 a 99,999",1412002317239
120,Zapopan,231,Tesistán (San Francisco Tesistán),7243,0,0.0,,,,,4,0.15384615384615385,12,0.46153846153846156,7,0.2692307692307692,,,D+,26,"50,000 a 99,999",1412002317243
120,Zapopan,231,Tesistán (San Francisco Tesistán),7351,8,0.032,15,0.06,41,0.164,58,0.232,70,0.28,57,0.228,,,D+,250,"50,000 a 99,999",1412002317351
120,Zapopan,231,Tesistán (San Francisco Tesistán),7436,,,,,,,7,0.1346153846153846,13,0.25,25,0.4807692307692308,3,0.057692307692307696,D,52,"50,000 a 99,999",1412002317436
120,Zapopan,232,El Tempisque,0138,0,,0,,0,,0,,0,,0,,0,,E,0,1 a 249,1412002320138
120,Zapopan,235,El Texcalame,0015,0,0.0,0,0.0,0,0.0,0,0.0,0,0.0,5,1.0,0,0.0,D,5,1 a 249,1412002350015
120,Zapopan,242,Valle de Guadalupe,5567,,,,,,,,,,,,,,,,,1 a 249,1412002425567
120,Zapopan,243,La Venta del Astillero,4709,81,0.09173272933182333,99,0.11211778029445074,185,0.20951302378255945,175,0.19818799546998866,168,0.19026047565118911,152,0.17214043035107587,23,0.026047565118912798,C,883,"5,000 a 9,999",1412002434709
120,Zapopan,243,La Venta del Astillero,4713,22,0.03648424543946932,50,0.08291873963515754,90,0.14925373134328357,102,0.1691542288557214,87,0.14427860696517414,201,0.3333333333333333,51,0.0845771144278607,D,603,"5,000 a 9,999",1412002434713
120,Zapopan,249,Rancho San José de Rábago,0049,,,,,,,,,,,,,,,,,1 a 249,1412002490049
120,Zapopan,250,El Zapotillo,5567,,,,,,,,,,,,,,,,,1 a 249,1412002505567
120,Zapopan,253,El Pelillo,0091,,,,,,,,,,,,,,,,,1 a 249,1412002530091
120,Zapopan,255,La Coronilla del Ocote,0015,0,0.0,0,0.0,0,0.0,3,0.09090909090909091,7,0.21212121212121213,16,0.48484848484848486,7,0.21212121212121213,D,33,1 a 249,1412002550015
120,Zapopan,258,San José,0087,0,,0,,0,,0,,0,,0,,0,,E,0,1 a 249,1412002580087
120,Zapopan,259,Rancho el Carro,0104,,,,,,,,,,,,,,,,,1 a 249,1412002590104
120,Zapopan,263,Los Colorines,0104,,,0,0.0,,,,,7,0.28,12,0.48,,,D,25,1 a 249,1412002630104
120,Zapopan,264,Los Cedros [Granja],0104,,,,,,,,,,,,,,,,,1 a 249,1412002640104
120,Zapopan,268,Los Timbres,0053,,,,,,,,,,,,,,,,,1 a 249,1412002680053
120,Zapopan,270,Milpillas,002A,0,0.0,0,0.0,0,0.0,0,0.0,0,0.0,3,1.0,0,0.0,D,3,1 a 249,141200270002A
120,Zapopan,271,Fuentecillas,0034,0,0.0,0,0.0,,,0,0.0,0,0.0,4,0.5714285714285714,,,D,7,1 a 249,1412002710034
120,Zapopan,272,Candiles de Huaxtla,0034,,,,,,,,,,,,,,,,,1 a 249,1412002720034
120,Zapopan,273,El Platanarillo,0034,,,,,,,,,,,,,,,,,1 a 249,1412002730034
120,Zapopan,274,Las Canteras,0104,0,0.0,0,0.0,0,0.0,,,0,0.0,3,0.6,0,0.0,D,5,1 a 249,1412002740104
120,Zapopan,276,La Cofradía,0053,,,,,,,,,,,,,,,,,1 a 249,1412002760053
120,Zapopan,277,Agua Escondida,0053,,,,,,,,,,,,,,,,,1 a 249,1412002770053
120,Zapopan,279,Lomas de Montechelo (El Pedregal),0034,0,0.0,0,0.0,6,0.10344827586206896,5,0.08620689655172414,16,0.27586206896551724,24,0.41379310344827586,7,0.1206896551724138,D,58,1 a 249,1412002790034
120,Zapopan,280,La Mesita,0104,0,0.0,3,0.04285714285714286,5,0.07142857142857142,6,0.08571428571428572,10,0.14285714285714285,26,0.37142857142857144,20,0.2857142857142857,D,70,250 a 499,1412002800104
120,Zapopan,286,Rancho los Cerritos,0068,,,,,,,,,,,,,,,,,1 a 249,1412002860068
120,Zapopan,288,Los Otates,0087,0,,0,,0,,0,,0,,0,,0,,E,0,1 a 249,1412002880087
120,Zapopan,297,La Mota,5567,,,,,,,,,,,,,,,,,1 a 249,1412002975567
120,Zapopan,300,La Providencia,5567,4,0.042105263157894736,6,0.06315789473684211,17,0.17894736842105263,21,0.22105263157894736,25,0.2631578947368421,20,0.21052631578947367,,,D+,95,250 a 499,1412003005567
120,Zapopan,302,El Puentecito,0123,,,,,3,0.5,0,0.0,,,0,0.0,0,0.0,C,6,1 a 249,1412003020123
120,Zapopan,312,El Crucero (Crucero de Ameca),0142,0,0.0,0,0.0,0,0.0,0,0.0,,,4,0.6666666666666666,,,D,6,1 a 249,1412003120142
120,Zapopan,313,Pinar de la Venta,0142,85,0.5059523809523809,44,0.2619047619047619,28,0.16666666666666666,7,0.041666666666666664,,,3,0.017857142857142856,0,0.0,A/B,168,"1,000 a 2,499",1412003130142
120,Zapopan,314,La Gotera,0142,,,,,,,,,,,,,,,,,1 a 249,1412003140142
120,Zapopan,315,Alianza de Cazadores Diana,0142,26,0.6666666666666666,6,0.15384615384615385,3,0.07692307692307693,0,0.0,,,3,0.07692307692307693,0,0.0,A/B,39,250 a 499,1412003150142
120,Zapopan,317,San José de las Rosas,0142,0,0.0,0,0.0,0,0.0,,,,,,,0,0.0,D,3,1 a 249,1412003170142
120,Zapopan,318,Rancho Contento,0157,40,0.547945205479452,20,0.273972602739726,8,0.1095890410958904,4,0.0547945205479452,,,0,0.0,0,0.0,A/B,73,500 a 999,1412003180157
120,Zapopan,319,El Romeral,0157,32,0.8205128205128205,5,0.1282051282051282,,,0,0.0,0,0.0,0,0.0,0,0.0,A/B,39,250 a 499,1412003190157
120,Zapopan,324,La Cebada,059A,,,,,,,,,,,,,0,0.0,D,10,1 a 249,141200324059A
120,Zapopan,329,Villa Hermosa,0015,0,0.0,0,0.0,0,0.0,,,,,3,0.375,3,0.375,E,8,1 a 249,1412003290015
120,Zapopan,334,Plan de Noria,5567,,,,,,,,,,,,,,,,,1 a 249,1412003345567
120,Zapopan,342,El Mirador,0142,0,0.0,0,0.0,0,0.0,0,0.0,,,,,0,0.0,D+,3,1 a 249,1412003420142
120,Zapopan,343,Cola de Caballo (Mirador Doctor Atl),0138,,,,,,,,,,,,,,,,,1 a 249,1412003430138
120,Zapopan,350,Las Higuerillas,0123,,,,,,,,,,,,,,,,,1 a 249,1412003500123
120,Zapopan,355,La Cueva,0087,0,,0,,0,,0,,0,,0,,0,,E,0,1 a 249,1412003550087
120,Zapopan,356,Ejido Copalita,0123,18,0.03474903474903475,57,0.11003861003861004,84,0.16216216216216217,92,0.1776061776061776,89,0.1718146718146718,151,0.2915057915057915,27,0.052123552123552123,D,518,"1,000 a 2,499",1412003560123
120,Zapopan,360,La Mesa (La Mesa Chiquilla),0087,,,,,,,,,,,,,,,,,1 a 249,1412003600087
120,Zapopan,369,San Jerónimo,0068,0,0.0,4,0.08163265306122448,,,3,0.061224489795918366,9,0.1836734693877551,23,0.46938775510204084,8,0.16326530612244897,D,49,1 a 249,1412003690068
120,Zapopan,376,Cerca Morada (Las Presitas),0015,0,0.0,0,0.0,,,0,0.0,3,0.2727272727272727,6,0.5454545454545454,0,0.0,D,11,1 a 249,1412003760015
120,Zapopan,377,Las Cuevas,0015,0,0.0,0,0.0,0,0.0,0,0.0,3,0.17647058823529413,11,0.6470588235294118,3,0.17647058823529413,D,17,1 a 249,1412003770015
120,Zapopan,378,La Cumbre,0015,0,0.0,0,0.0,0,0.0,0,0.0,,,3,0.375,3,0.375,E,8,1 a 249,1412003780015
120,Zapopan,380,Carbonato de Calcio,0087,,,,,,,,,,,,,,,,,1 a 249,1412003800087
120,Zapopan,391,San Juan,0049,,,,,,,,,,,,,,,,,1 a 249,1412003910049
120,Zapopan,396,La Toma (Los Coyotes),0068,0,0.0,0,0.0,,,,,,,3,0.3,,,D,10,1 a 249,1412003960068
120,Zapopan,405,El Morado (La Palma),0087,0,,0,,0,,0,,0,,0,,0,,E,0,1 a 249,1412004050087
120,Zapopan,407,El Roble (Valle Escondido),0091,0,0.0,,,,,4,0.4,3,0.3,0,0.0,0,0.0,C-,10,1 a 249,1412004070091
120,Zapopan,415,Granja Kristal,0104,,,,,,,,,,,,,,,,,1 a 249,1412004150104
120,Zapopan,417,Villa Rica [Granja],0104,,,,,,,,,,,,,,,,,1 a 249,1412004170104
120,Zapopan,430,Campestre las Palomas [Fraccionamiento],6936,51,0.09375,158,0.29044117647058826,135,0.24816176470588236,93,0.17095588235294118,52,0.09558823529411764,49,0.0900735294117647,6,0.011029411764705883,C+,544,"10,000 a 14,999",1412004306936
120,Zapopan,430,Campestre las Palomas [Fraccionamiento],6940,68,0.06153846153846154,208,0.18823529411764706,279,0.2524886877828054,253,0.22895927601809954,162,0.14660633484162897,131,0.11855203619909502,4,0.0036199095022624436,C,1105,"10,000 a 14,999",1412004306940
120,Zapopan,430,Campestre las Palomas [Fraccionamiento],6955,46,0.04343720491029273,155,0.14636449480642116,269,0.25401322001888577,275,0.25967894239848915,156,0.14730878186968838,151,0.14258734655335223,7,0.0066100094428706326,C-,1059,"10,000 a 14,999",1412004306955
120,Zapopan,430,Campestre las Palomas [Fraccionamiento],7421,119,0.08029689608636977,421,0.2840755735492578,394,0.2658569500674764,285,0.19230769230769232,158,0.10661268556005399,102,0.06882591093117409,3,0.0020242914979757085,C+,1482,"10,000 a 14,999",1412004307421
120,Zapopan,435,Las Ranas,0123,,,,,,,,,,,,,,,,,1 a 249,1412004350123
120,Zapopan,440,Las Tinajitas [Balneario],0142,0,0.0,,,,,,,,,,,0,0.0,D+,7,1 a 249,1412004400142
120,Zapopan,444,Chaparral de la Primavera,0142,3,1.0,0,0.0,0,0.0,0,0.0,0,0.0,0,0.0,0,0.0,A/B,3,1 a 249,1412004440142
120,Zapopan,449,Hacienda la Venta,0142,,,0,0.0,,,5,0.3333333333333333,3,0.2,3,0.2,,,C-,15,1 a 249,1412004490142
120,Zapopan,450,Los Arcos,0142,,,,,,,,,,,,,,,,,1 a 249,1412004500142
120,Zapopan,451,Kilómetro Veinticuatro,0142,0,0.0,,,0,0.0,0,0.0,,,0,0.0,0,0.0,C+,3,1 a 249,1412004510142
120,Zapopan,452,Lambdin,0142,,,,,,,,,,,,,,,,,1 a 249,1412004520142
120,Zapopan,453,El Nabo,0142,,,,,,,,,,,,,,,,,1 a 249,1412004530142
120,Zapopan,458,Cuatro Milpas,0142,,,,,,,,,,,,,,,,,1 a 249,1412004580142
120,Zapopan,460,San José del Astillero [Parque Industrial],0142,,,3,0.15,3,0.15,,,,,10,0.5,,,D,20,1 a 249,1412004600142
120,Zapopan,463,Los Cerezos,059A,0,0.0,0,0.0,0,0.0,0,0.0,0,0.0,,,,,D,3,1 a 249,141200463059A
120,Zapopan,464,Kilómetro Cinco,059A,,,,,,,,,0,0.0,,,0,0.0,D,7,1 a 249,141200464059A
120,Zapopan,468,Los Robles,059A,148,0.5758754863813229,68,0.26459143968871596,30,0.11673151750972763,6,0.023346303501945526,,,3,0.011673151750972763,0,0.0,A/B,257,500 a 999,141200468059A
120,Zapopan,470,El Tecuán,059A,,,,,,,,,,,,,,,,,1 a 249,141200470059A
120,Zapopan,471,Las Bóvedas,0123,47,0.1950207468879668,97,0.4024896265560166,66,0.27385892116182575,23,0.0954356846473029,7,0.029045643153526972,,,0,0.0,C+,241,500 a 999,1412004710123
120,Zapopan,476,Los Tecolotes,0053,0,0.0,0,0.0,0,0.0,0,0.0,,,,,4,0.6666666666666666,E,6,1 a 249,1412004760053
120,Zapopan,486,Ejido López Mateos,0585,0,0.0,0,0.0,,,0,0.0,0,0.0,,,0,0.0,D,3,1 a 249,1412004860585
120,Zapopan,511,Amigos del Caballo,059A,,,,,,,,,,,,,,,,,1 a 249,141200511059A
120,Zapopan,512,Centriposte,059A,,,,,,,,,,,,,,,,,1 a 249,141200512059A
120,Zapopan,513,San José de la Montaña,059A,,,,,,,,,,,,,,,,,1 a 249,141200513059A
120,Zapopan,516,El Ocho y Medio (Ras el Tin),059A,,,,,,,,,,,,,,,,,1 a 249,141200516059A
120,Zapopan,522,Los Arcos de Huaxtla,0142,,,,,,,,,,,,,,,,,1 a 249,1412005220142
120,Zapopan,526,Ejido San Esteban [Bodega],0087,0,,0,,0,,0,,0,,0,,0,,E,0,1 a 249,1412005260087
120,Zapopan,528,Camino a las Víboras (La Soledad Chica),0104,0,0.0,0,0.0,,,0,0.0,3,0.23076923076923078,9,0.6923076923076923,0,0.0,D,13,1 a 249,1412005280104
120,Zapopan,529,El Caracol,0068,0,0.0,,,,,,,,,,,,,D,8,1 a 249,1412005290068
120,Zapopan,535,El Embocadero (Agua Prieta),0087,0,,0,,0,,0,,0,,0,,0,,E,0,1 a 249,1412005350087
120,Zapopan,536,Ex-Hacienda de Huaxtla,0034,,,,,,,,,,,,,,,,,1 a 249,1412005360034
120,Zapopan,537,Lomas de Tesistán [Fraccionamiento],0068,0,0.0,4,0.03508771929824561,,,14,0.12280701754385964,12,0.10526315789473684,53,0.4649122807017544,29,0.2543859649122807,D,114,250 a 499,1412005370068
120,Zapopan,539,La Goterita,0142,0,0.0,,,0,0.0,0,0.0,,,,,0,0.0,D,5,1 a 249,1412005390142
120,Zapopan,540,Cópala [Granja],0123,,,,,,,,,,,,,,,,,1 a 249,1412005400123
120,Zapopan,542,El Refugio [Granja],0104,,,,,,,,,,,,,,,,,1 a 249,1412005420104
120,Zapopan,544,Granja Luz Aidé,0068,5,0.036231884057971016,25,0.18115942028985507,24,0.17391304347826086,37,0.26811594202898553,27,0.1956521739130435,20,0.14492753623188406,0,0.0,C-,138,250 a 499,1412005440068
120,Zapopan,547,Haciendas la Herradura,0091,15,0.39473684210526316,7,0.18421052631578946,6,0.15789473684210525,,,6,0.15789473684210525,,,0,0.0,A/B,38,1 a 249,1412005470091
120,Zapopan,550,Huerta los Pinos,0123,,,,,,,,,,,,,,,,,1 a 249,1412005500123
120,Zapopan,560,La Huizachera,0068,,,,,,,,,,,,,,,,,1 a 249,1412005600068
120,Zapopan,565,María del Carmen Carrillo,0142,,,,,,,,,,,,,,,,,1 a 249,1412005650142
120,Zapopan,566,Mesa del Burro (Ejido López Mateos),0142,,,,,,,,,,,,,,,,,1 a 249,1412005660142
120,Zapopan,568,Milpillas Mesa de San Juan,002A,0,0.0,0,0.0,,,3,0.10714285714285714,6,0.21428571428571427,13,0.4642857142857143,4,0.14285714285714285,D,28,1 a 249,141200568002A
120,Zapopan,572,El Oasis,0142,,,,,,,,,,,,,,,,,1 a 249,1412005720142
120,Zapopan,573,El Ocote,0585,,,,,,,,,,,,,,,,,1 a 249,1412005730585
120,Zapopan,574,Las Parritas,0142,0,0.0,0,0.0,0,0.0,,,,,,,0,0.0,C-,4,1 a 249,1412005740142
120,Zapopan,575,Paraíso de las Tortugas,0142,,,,,,,,,,,,,,,,,1 a 249,1412005750142
120,Zapopan,577,Los Patios,0087,0,0.0,,,,,4,0.21052631578947367,3,0.15789473684210525,6,0.3157894736842105,3,0.15789473684210525,D,19,1 a 249,1412005770087
120,Zapopan,583,Potrero de la Ampliación,0142,0,0.0,0,0.0,,,0,0.0,,,0,0.0,0,0.0,C,3,1 a 249,1412005830142
120,Zapopan,587,El Placer,0087,,,,,,,,,,,,,,,,,1 a 249,1412005870087
120,Zapopan,588,Puente de Guadalupe,0087,0,,0,,0,,0,,0,,0,,0,,E,0,1 a 249,1412005880087
120,Zapopan,591,Rancho de Aurelio,5567,,,,,,,,,,,,,,,,,1 a 249,1412005915567
120,Zapopan,592,Rancho de Juan Ochoa,0091,,,,,,,,,,,,,,,,,1 a 249,1412005920091
120,Zapopan,593,Rancho de la Esperanza,0142,,,,,,,,,,,,,,,,,1 a 249,1412005930142
120,Zapopan,594,Rancho del Ángel,0123,,,,,,,,,,,,,,,,,1 a 249,1412005940123
120,Zapopan,595,Rancho el Robledal,0034,,,,,,,,,,,,,,,,,1 a 249,1412005950034
120,Zapopan,596,Rancho el Caporal,0104,0,0.0,0,0.0,0,0.0,0,0.0,0,0.0,,,,,D,3,1 a 249,1412005960104
120,Zapopan,597,Rancho el Rodeo,0123,,,,,,,,,,,,,,,,,1 a 249,1412005970123
120,Zapopan,600,Rancho de José Sánchez,5567,,,,,,,,,,,,,,,,,1 a 249,1412006005567
120,Zapopan,605,Rancho Santa Julika,0123,,,,,,,,,,,,,,,,,1 a 249,1412006050123
120,Zapopan,608,Rancho San Cristóbal,0142,,,,,,,,,,,,,,,,,1 a 249,1412006080142
120,Zapopan,610,Refractarios Guadalajara,0068,,,,,,,,,,,,,,,,,1 a 249,1412006100068
120,Zapopan,611,El Reventón,0142,,,0,0.0,0,0.0,,,,,3,0.42857142857142855,0,0.0,D,7,1 a 249,1412006110142
120,Zapopan,613,Los Sauces,0053,,,,,,,,,,,,,,,,,1 a 249,1412006130053
120,Zapopan,615,San Gonzalo Torre Vieja,0049,0,,0,,0,,0,,0,,,,0,,D,,1 a 249,1412006150049
120,Zapopan,620,San Nicolás,0049,,,,,,,,,,,,,,,,,1 a 249,1412006200049
120,Zapopan,621,Los Surcos Largos,5567,,,,,,,,,,,,,,,,,1 a 249,1412006215567
120,Zapopan,622,Las Tarjeas,0091,,,,,,,,,,,,,,,,,1 a 249,1412006220091
120,Zapopan,626,Las Tinajas,0104,,,,,,,,,,,,,,,,,1 a 249,1412006260104
120,Zapopan,632,El Coyote,0157,,,,,,,,,,,,,,,,,1 a 249,1412006320157
120,Zapopan,660,La Joya,0068,0,0.0,,,,,,,,,,,0,0.0,D,8,1 a 249,1412006600068
120,Zapopan,668,El Mirador,0157,0,0.0,,,,,,,0,0.0,,,0,0.0,D,4,1 a 249,1412006680157
120,Zapopan,683,Tanque Numero Uno Hogares de Nuevo México,3908,0,0.0,,,,,,,0,0.0,0,0.0,0,0.0,C-,4,1 a 249,1412006833908
120,Zapopan,684,Tanque Regulador,0138,,,,,,,,,,,,,,,,,1 a 249,1412006840138
120,Zapopan,690,El Nuevo Resplandor [Fraccionamiento],0104,0,0.0,0,0.0,,,,,,,11,0.55,5,0.25,D,20,1 a 249,1412006900104
120,Zapopan,697,Rancho San Francisco,5567,,,,,,,,,,,,,,,,,1 a 249,1412006975567
120,Zapopan,703,Hacienda el Astillero [Fraccionamiento],0142,,,,,,,,,,,,,,,,,1 a 249,1412007030142
120,Zapopan,706,Rancho el Capulín,0142,,,,,,,,,,,,,,,,,1 a 249,1412007060142
120,Zapopan,708,La Guayaba Agria,0015,,,,,,,,,,,,,,,,,1 a 249,1412007080015
120,Zapopan,709,La Mesa de los Indios,0015,0,0.0,0,0.0,0,0.0,0,0.0,,,3,0.75,0,0.0,D,4,1 a 249,1412007090015
120,Zapopan,712,Agua Clara,0123,,,,,,,,,,,,,,,,,1 a 249,1412007120123
120,Zapopan,714,La Calera,0053,,,,,,,,,,,,,,,,,1 a 249,1412007140053
120,Zapopan,715,Cópala Dos,0123,,,,,,,,,,,,,,,,,1 a 249,1412007150123
120,Zapopan,718,La Corteña,0138,0,0.0,,,,,0,0.0,4,0.17391304347826086,8,0.34782608695652173,9,0.391304347826087,E,23,1 a 249,1412007180138
120,Zapopan,721,La Gloria,0087,0,,0,,0,,0,,0,,0,,0,,E,0,1 a 249,1412007210087
120,Zapopan,722,El Cohetero [Granja],0123,,,,,,,,,,,,,,,,,1 a 249,1412007220123
120,Zapopan,724,Higuerillas Uno,0123,,,,,,,,,,,,,,,,,1 a 249,1412007240123
120,Zapopan,726,Nuevo Tempisque,0138,0,,0,,0,,0,,0,,0,,0,,E,0,1 a 249,1412007260138
120,Zapopan,727,El Llano de los Sandovales,0091,,,,,,,,,,,,,,,,,1 a 249,1412007270091
120,Zapopan,728,La Mesa,0087,0,,0,,0,,0,,0,,0,,0,,E,0,1 a 249,1412007280087
120,Zapopan,735,Los Ocotes,0123,0,0.0,0,0.0,0,0.0,0,0.0,0,0.0,3,1.0,0,0.0,D,3,1 a 249,1412007350123
120,Zapopan,737,La Providencia,0123,0,0.0,0,0.0,0,0.0,0,0.0,,,,,0,0.0,D,3,1 a 249,1412007370123
120,Zapopan,738,Puerta del Llano,0123,105,0.1810344827586207,180,0.3103448275862069,149,0.25689655172413794,86,0.1482758620689655,37,0.06379310344827586,21,0.03620689655172414,,,C+,580,"1,000 a 2,499",1412007380123
120,Zapopan,739,Rancho Ayón,0068,0,0.0,0,0.0,,,,,3,0.5,,,0,0.0,D+,6,1 a 249,1412007390068
120,Zapopan,741,San Juanico,0123,0,0.0,0,0.0,0,0.0,0,0.0,0,0.0,3,0.75,,,D,4,1 a 249,1412007410123
120,Zapopan,747,Colinas del Martel,0123,,,,,,,,,,,,,,,,,1 a 249,1412007470123
120,Zapopan,748,Villas del Valle,0123,61,0.1955128205128205,112,0.358974358974359,62,0.1987179487179487,41,0.13141025641025642,19,0.060897435897435896,15,0.04807692307692308,,,C+,312,500 a 999,1412007480123
120,Zapopan,749,El Camichín (El Atenco),0104,0,0.0,0,0.0,0,0.0,0,0.0,0,0.0,3,1.0,0,0.0,D,3,1 a 249,1412007490104
120,Zapopan,750,Campo Real,0301,305,0.2322924600152323,495,0.376999238385377,277,0.21096725057121096,152,0.11576542269611577,51,0.03884234577303884,32,0.024371667936024372,,,C+,1313,"5,000 a 9,999",1412007500301
120,Zapopan,750,Campo Real,0316,213,0.22707889125799574,365,0.38912579957356075,208,0.22174840085287847,109,0.1162046908315565,33,0.035181236673773986,10,0.010660980810234541,0,0.0,C+,938,"5,000 a 9,999",1412007500316
120,Zapopan,752,Los Laureles Dos,0138,0,,0,,0,,0,,0,,0,,0,,E,0,1 a 249,1412007520138
120,Zapopan,753,Palermo,0320,98,0.1054897739504844,222,0.23896663078579117,257,0.2766415500538213,165,0.17761033369214208,108,0.116254036598493,75,0.08073196986006459,4,0.004305705059203444,C,929,"2,500 a 4,999",1412007530320
120,Zapopan,754,El Potrero,0138,0,,0,,0,,0,,0,,0,,0,,E,0,1 a 249,1412007540138
120,Zapopan,755,Residencial Albaterra,0068,60,0.07894736842105263,176,0.23157894736842105,184,0.24210526315789474,148,0.19473684210526315,118,0.15526315789473685,72,0.09473684210526316,,,C,760,"1,000 a 2,499",1412007550068
120,Zapopan,756,Amaranto Residencial,0335,54,0.15126050420168066,136,0.38095238095238093,102,0.2857142857142857,33,0.09243697478991597,22,0.06162464985994398,9,0.025210084033613446,,,C+,357,"2,500 a 4,999",1412007560335
120,Zapopan,756,Amaranto Residencial,0424,49,0.057511737089201875,161,0.18896713615023475,200,0.2347417840375587,179,0.21009389671361503,153,0.1795774647887324,110,0.12910798122065728,0,0.0,C,852,"2,500 a 4,999",1412007560424
120,Zapopan,757,Mirador del Bosque,0439,27,0.0406015037593985,96,0.1443609022556391,128,0.1924812030075188,142,0.21353383458646616,118,0.1774436090225564,150,0.22556390977443608,4,0.006015037593984963,D,665,"2,500 a 4,999",1412007570439
120,Zapopan,757,Mirador del Bosque,0462,11,0.02528735632183908,48,0.1103448275862069,104,0.23908045977011494,117,0.2689655172413793,98,0.22528735632183908,57,0.1310344827586207,0,0.0,C-,435,"2,500 a 4,999",1412007570462
120,Zapopan,758,Valle de los Molinos,0496,5,0.004965243296921549,36,0.03574975173783516,99,0.09831181727904667,215,0.2135054617676266,264,0.26216484607745777,385,0.38232373386295926,3,0.0029791459781529296,D,1007,"30,000 a 49,999",1412007580496
120,Zapopan,758,Valle de los Molinos,0509,4,0.0038535645472061657,25,0.024084778420038536,127,0.12235067437379576,202,0.19460500963391136,261,0.2514450867052023,407,0.3921001926782274,12,0.011560693641618497,D,1038,"30,000 a 49,999",1412007580509
120,Zapopan,758,Valle de los Molinos,0551,6,0.0069767441860465115,49,0.056976744186046514,102,0.1186046511627907,181,0.21046511627906977,223,0.2593023255813954,288,0.33488372093023255,11,0.012790697674418604,D,860,"30,000 a 49,999",1412007580551
120,Zapopan,758,Valle de los Molinos,0566,8,0.007766990291262136,55,0.05339805825242718,160,0.1553398058252427,217,0.21067961165048543,256,0.24854368932038834,319,0.30970873786407765,15,0.014563106796116505,D,1030,"30,000 a 49,999",1412007580566
120,Zapopan,758,Valle de los Molinos,0693,13,0.01021209740769835,89,0.06991358994501179,216,0.16967792615868027,303,0.2380204241948154,296,0.23252160251374707,342,0.26865671641791045,14,0.010997643362136685,D,1273,"30,000 a 49,999",1412007580693
120,Zapopan,758,Valle de los Molinos,0744,11,0.008448540706605223,58,0.0445468509984639,172,0.13210445468509985,275,0.21121351766513058,340,0.261136712749616,432,0.3317972350230415,14,0.010752688172043012,D,1302,"30,000 a 49,999",1412007580744
120,Zapopan,758,Valle de los Molinos,0759,10,0.01182033096926714,68,0.08037825059101655,166,0.19621749408983452,198,0.23404255319148937,208,0.2458628841607565,191,0.22576832151300236,5,0.00591016548463357,D+,846,"30,000 a 49,999",1412007580759
120,Zapopan,758,Valle de los Molinos,0797,20,0.022857142857142857,73,0.08342857142857144,155,0.17714285714285713,183,0.20914285714285713,217,0.248,221,0.25257142857142856,6,0.006857142857142857,D,875,"30,000 a 49,999",1412007580797
120,Zapopan,758,Valle de los Molinos,080A,3,0.002161383285302594,22,0.01585014409221902,114,0.08213256484149856,262,0.18876080691642652,365,0.26296829971181557,607,0.4373198847262248,15,0.010806916426512969,D,1388,"30,000 a 49,999",141200758080A
120,Zapopan,758,Valle de los Molinos,0829,13,0.015330188679245283,54,0.06367924528301887,130,0.15330188679245282,198,0.23349056603773585,199,0.2346698113207547,245,0.28891509433962265,9,0.01061320754716981,D,848,"30,000 a 49,999",1412007580829
120,Zapopan,758,Valle de los Molinos,0833,,,20,0.04184100418410042,76,0.1589958158995816,105,0.2196652719665272,120,0.2510460251046025,136,0.28451882845188287,19,0.0397489539748954,D,478,"30,000 a 49,999",1412007580833
120,Zapopan,758,Valle de los Molinos,0848,11,0.018998272884283247,39,0.06735751295336788,96,0.16580310880829016,126,0.21761658031088082,138,0.23834196891191708,164,0.28324697754749567,5,0.008635578583765112,D,579,"30,000 a 49,999",1412007580848
120,Zapopan,760,Congregación Hijas de Santa María del Corazón de Jesús,0157,,,,,,,,,,,,,,,,,1 a 249,1412007600157
120,Zapopan,761,La Moraleja [Residencial],0123,168,0.208955223880597,367,0.4564676616915423,160,0.19900497512437812,76,0.0945273631840796,18,0.022388059701492536,15,0.018656716417910446,0,0.0,C+,804,"1,000 a 2,499",1412007610123
120,Zapopan,763,El Campestre [Fraccionamiento],0852,108,0.3588039867109635,112,0.37209302325581395,43,0.14285714285714285,20,0.0664451827242525,7,0.023255813953488372,6,0.019933554817275746,5,0.016611295681063124,C+,301,"2,500 a 4,999",1412007630852
120,Zapopan,763,El Campestre [Fraccionamiento],0867,139,0.28778467908902694,218,0.45134575569358176,81,0.16770186335403728,32,0.06625258799171843,12,0.024844720496894408,,,0,0.0,C+,483,"2,500 a 4,999",1412007630867
120,Zapopan,764,Hacienda Copala [Fraccionamiento],0034,9,0.017077798861480076,31,0.058823529411764705,69,0.13092979127134724,99,0.18785578747628084,144,0.2732447817836812,170,0.3225806451612903,5,0.009487666034155597,D,527,"1,000 a 2,499",1412007640034
120,Zapopan,766,Plan del Limón,0053,,,,,,,,,,,,,,,,,1 a 249,1412007660053
120,Zapopan,767,Picachos [Relleno Sanitario Metropolitano],002A,,,,,,,,,,,,,,,,,1 a 249,141200767002A
120,Zapopan,770,Vistas III,0068,,,,,,,,,,,,,,,,,1 a 249,1412007700068
120,Zapopan,771,Doctores [Fraccionamiento],0068,,,,,,,,,,,5,0.5,0,0.0,D,10,1 a 249,1412007710068
124,Zapotlanejo,1,Zapotlanejo,0122,34,0.04696132596685083,71,0.09806629834254144,119,0.1643646408839779,124,0.1712707182320442,149,0.2058011049723757,182,0.2513812154696133,45,0.062154696132596686,D,724,"30,000 a 49,999",1412400010122
124,Zapotlanejo,1,Zapotlanejo,0137,27,0.036,65,0.08666666666666667,118,0.15733333333333333,140,0.18666666666666668,137,0.18266666666666667,220,0.29333333333333333,43,0.05733333333333333,D,750,"30,000 a 49,999",1412400010137
124,Zapotlanejo,1,Zapotlanejo,0141,61,0.122,99,0.198,96,0.192,87,0.174,70,0.14,74,0.148,13,0.026,C+,500,"30,000 a 49,999",1412400010141
124,Zapotlanejo,1,Zapotlanejo,0156,30,0.03773584905660377,90,0.11320754716981132,117,0.1471698113207547,163,0.2050314465408805,166,0.2088050314465409,194,0.2440251572327044,35,0.0440251572327044,D,795,"30,000 a 49,999",1412400010156
124,Zapotlanejo,1,Zapotlanejo,0175,56,0.06837606837606838,107,0.13064713064713065,143,0.1746031746031746,145,0.17704517704517705,104,0.12698412698412698,212,0.2588522588522589,52,0.06349206349206349,D,819,"30,000 a 49,999",1412400010175
124,Zapotlanejo,1,Zapotlanejo,018A,68,0.0633147113594041,117,0.10893854748603352,194,0.18063314711359404,187,0.17411545623836128,168,0.1564245810055866,275,0.25605214152700184,65,0.06052141527001862,D,1074,"30,000 a 49,999",141240001018A
124,Zapotlanejo,1,Zapotlanejo,0211,41,0.05510752688172043,89,0.1196236559139785,123,0.16532258064516128,153,0.2056451612903226,118,0.1586021505376344,188,0.25268817204301075,32,0.043010752688172046,D,744,"30,000 a 49,999",1412400010211
124,Zapotlanejo,1,Zapotlanejo,0226,7,0.021341463414634148,23,0.0701219512195122,65,0.19817073170731708,69,0.21036585365853658,61,0.18597560975609756,95,0.2896341463414634,8,0.024390243902439025,D,328,"30,000 a 49,999",1412400010226
124,Zapotlanejo,1,Zapotlanejo,0230,0,0.0,,,0,0.0,3,0.42857142857142855,3,0.42857142857142855,0,0.0,0,0.0,D+,7,"30,000 a 49,999",1412400010230
124,Zapotlanejo,1,Zapotlanejo,0245,,,,,,,,,,,,,,,,,"30,000 a 49,999",1412400010245
124,Zapotlanejo,1,Zapotlanejo,025A,0,0.0,0,0.0,0,0.0,,,0,0.0,3,0.6,0,0.0,D,5,"30,000 a 49,999",141240001025A
124,Zapotlanejo,1,Zapotlanejo,0264,,,,,,,,,,,,,,,,,"30,000 a 49,999",1412400010264
124,Zapotlanejo,1,Zapotlanejo,0279,0,0.0,3,0.08823529411764706,4,0.11764705882352941,8,0.23529411764705882,7,0.20588235294117646,12,0.35294117647058826,0,0.0,D,34,"30,000 a 49,999",1412400010279
124,Zapotlanejo,1,Zapotlanejo,0283,3,0.04285714285714286,7,0.1,16,0.22857142857142856,15,0.21428571428571427,11,0.15714285714285714,13,0.18571428571428572,5,0.07142857142857142,C,70,"30,000 a 49,999",1412400010283
124,Zapotlanejo,1,Zapotlanejo,0298,4,0.09523809523809523,8,0.19047619047619047,6,0.14285714285714285,9,0.21428571428571427,7,0.16666666666666666,7,0.16666666666666666,,,C-,42,"30,000 a 49,999",1412400010298
124,Zapotlanejo,1,Zapotlanejo,0300,,,5,0.049019607843137254,8,0.0784313725490196,12,0.11764705882352941,18,0.17647058823529413,46,0.45098039215686275,12,0.11764705882352941,D,102,"30,000 a 49,999",1412400010300
124,Zapotlanejo,1,Zapotlanejo,0315,0,0.0,,,,,0,0.0,3,0.42857142857142855,0,0.0,,,D+,7,"30,000 a 49,999",1412400010315
124,Zapotlanejo,1,Zapotlanejo,032A,,,0,0.0,0,0.0,,,,,,,0,0.0,D,6,"30,000 a 49,999",141240001032A
124,Zapotlanejo,1,Zapotlanejo,0334,,,,,5,0.07462686567164178,7,0.1044776119402985,10,0.14925373134328357,19,0.2835820895522388,24,0.3582089552238806,E,67,"30,000 a 49,999",1412400010334
124,Zapotlanejo,1,Zapotlanejo,0349,0,0.0,,,,,,,3,0.3,,,,,D+,10,"30,000 a 49,999",1412400010349
124,Zapotlanejo,1,Zapotlanejo,0372,0,0.0,,,4,0.36363636363636365,,,0,0.0,,,3,0.2727272727272727,C,11,"30,000 a 49,999",1412400010372
124,Zapotlanejo,1,Zapotlanejo,0404,0,0.0,,,4,0.11428571428571428,3,0.08571428571428572,4,0.11428571428571428,19,0.5428571428571428,4,0.11428571428571428,D,35,"30,000 a 49,999",1412400010404
124,Zapotlanejo,1,Zapotlanejo,0419,0,0.0,,,0,0.0,4,0.8,0,0.0,0,0.0,0,0.0,C-,5,"30,000 a 49,999",1412400010419
124,Zapotlanejo,1,Zapotlanejo,0423,,,,,6,0.35294117647058826,3,0.17647058823529413,,,,,,,C,17,"30,000 a 49,999",1412400010423
124,Zapotlanejo,1,Zapotlanejo,0438,5,0.025906735751295335,21,0.10880829015544041,27,0.13989637305699482,35,0.18134715025906736,42,0.21761658031088082,53,0.27461139896373055,10,0.05181347150259067,D,193,"30,000 a 49,999",1412400010438
124,Zapotlanejo,1,Zapotlanejo,0442,0,0.0,4,0.14814814814814814,,,6,0.2222222222222222,5,0.18518518518518517,7,0.25925925925925924,3,0.1111111111111111,D,27,"30,000 a 49,999",1412400010442
124,Zapotlanejo,1,Zapotlanejo,0457,0,0.0,4,0.2222222222222222,4,0.2222222222222222,7,0.3888888888888889,,,,,0,0.0,C-,18,"30,000 a 49,999",1412400010457
124,Zapotlanejo,1,Zapotlanejo,0461,,,5,0.0847457627118644,10,0.1694915254237288,11,0.1864406779661017,14,0.23728813559322035,14,0.23728813559322035,4,0.06779661016949153,D,59,"30,000 a 49,999",1412400010461
124,Zapotlanejo,1,Zapotlanejo,0476,0,0.0,0,0.0,0,0.0,,,,,,,0,0.0,D+,5,"30,000 a 49,999",1412400010476
124,Zapotlanejo,1,Zapotlanejo,0480,44,0.0694006309148265,84,0.13249211356466878,114,0.17981072555205047,122,0.19242902208201892,92,0.14511041009463724,140,0.22082018927444794,38,0.05993690851735016,D,634,"30,000 a 49,999",1412400010480
124,Zapotlanejo,1,Zapotlanejo,0495,45,0.046012269938650305,107,0.10940695296523517,163,0.16666666666666666,165,0.1687116564417178,169,0.17280163599182005,268,0.2740286298568507,61,0.06237218813905931,D,978,"30,000 a 49,999",1412400010495
124,Zapotlanejo,1,Zapotlanejo,0508,6,0.07142857142857142,8,0.09523809523809523,17,0.20238095238095238,16,0.19047619047619047,20,0.23809523809523808,14,0.16666666666666666,3,0.03571428571428571,D+,84,"30,000 a 49,999",1412400010508
124,Zapotlanejo,1,Zapotlanejo,0512,14,0.029411764705882353,38,0.07983193277310924,78,0.1638655462184874,81,0.17016806722689076,92,0.19327731092436976,147,0.3088235294117647,26,0.0546218487394958,D,476,"30,000 a 49,999",1412400010512
124,Zapotlanejo,1,Zapotlanejo,0527,27,0.0453781512605042,75,0.12605042016806722,101,0.16974789915966387,102,0.17142857142857143,103,0.173109243697479,155,0.2605042016806723,32,0.05378151260504202,D,595,"30,000 a 49,999",1412400010527
124,Zapotlanejo,1,Zapotlanejo,0531,,,,,4,0.25,3,0.1875,3,0.1875,3,0.1875,0,0.0,C,16,"30,000 a 49,999",1412400010531
124,Zapotlanejo,1,Zapotlanejo,0546,,,,,,,,,,,,,0,0.0,D,6,"30,000 a 49,999",1412400010546
124,Zapotlanejo,1,Zapotlanejo,0550,,,0,0.0,7,0.25,5,0.17857142857142858,6,0.21428571428571427,9,0.32142857142857145,0,0.0,D,28,"30,000 a 49,999",1412400010550
124,Zapotlanejo,1,Zapotlanejo,0565,0,0.0,,,3,0.08823529411764706,7,0.20588235294117646,8,0.23529411764705882,13,0.38235294117647056,,,D,34,"30,000 a 49,999",1412400010565
124,Zapotlanejo,1,Zapotlanejo,057A,,,4,0.10526315789473684,9,0.23684210526315788,6,0.15789473684210525,13,0.34210526315789475,4,0.10526315789473684,0,0.0,D+,38,"30,000 a 49,999",141240001057A
124,Zapotlanejo,3,Agua Bermeja,0033,0,0.0,0,0.0,4,0.17391304347826086,,,6,0.2608695652173913,11,0.4782608695652174,,,D,23,1 a 249,1412400030033
124,Zapotlanejo,4,Agua Blanca,0033,0,0.0,,,,,,,,,3,0.3333333333333333,,,D,9,1 a 249,1412400040033
124,Zapotlanejo,6,El Aguacate,0014,,,,,7,0.10606060606060606,4,0.06060606060606061,15,0.22727272727272727,26,0.3939393939393939,11,0.16666666666666666,D,66,1 a 249,1412400060014
124,Zapotlanejo,7,Agua Escondida,0090,,,4,0.027586206896551724,6,0.041379310344827586,23,0.15862068965517243,26,0.1793103448275862,57,0.3931034482758621,28,0.19310344827586207,D,145,500 a 999,1412400070090
124,Zapotlanejo,9,Aguaje,0103,0,0.0,0,0.0,0,0.0,,,,,,,0,0.0,D,4,1 a 249,1412400090103
124,Zapotlanejo,10,Agua Negra,0014,,,,,,,,,,,,,,,,,1 a 249,1412400100014
124,Zapotlanejo,15,El Asoleadero,0033,0,0.0,0,0.0,0,0.0,3,0.08108108108108109,7,0.1891891891891892,20,0.5405405405405406,7,0.1891891891891892,D,37,1 a 249,1412400150033
124,Zapotlanejo,16,Atengo,0014,,,3,0.08823529411764706,7,0.20588235294117646,7,0.20588235294117646,5,0.14705882352941177,9,0.2647058823529412,,,D,34,1 a 249,1412400160014
124,Zapotlanejo,17,Las Avispas,0103,0,0.0,0,0.0,0,0.0,,,5,0.4166666666666667,5,0.4166666666666667,0,0.0,D,12,1 a 249,1412400170103
124,Zapotlanejo,18,El Bajío,0033,0,0.0,,,4,0.0975609756097561,5,0.12195121951219512,5,0.12195121951219512,16,0.3902439024390244,10,0.24390243902439024,D,41,1 a 249,1412400180033
124,Zapotlanejo,19,La Baraña,0090,,,,,,,,,,,,,,,,,1 a 249,1412400190090
124,Zapotlanejo,20,La Barranca,0090,0,0.0,0,0.0,,,,,8,0.18604651162790697,24,0.5581395348837209,8,0.18604651162790697,D,43,1 a 249,1412400200090
124,Zapotlanejo,25,Buenos Aires,0103,0,0.0,0,0.0,,,3,0.05084745762711865,9,0.15254237288135594,30,0.5084745762711864,16,0.2711864406779661,D,59,1 a 249,1412400250103
124,Zapotlanejo,26,La Purísima,0033,6,0.021052631578947368,20,0.07017543859649122,35,0.12280701754385964,51,0.17894736842105263,57,0.2,88,0.3087719298245614,28,0.09824561403508772,D,285,"1,000 a 2,499",1412400260033
124,Zapotlanejo,27,El Calabozo,0033,,,,,,,3,0.125,5,0.20833333333333334,10,0.4166666666666667,,,D,24,1 a 249,1412400270033
124,Zapotlanejo,30,Cañada de las Flores (La Cañada),0029,0,0.0,0,0.0,,,,,5,0.2777777777777778,8,0.4444444444444444,,,D,18,1 a 249,1412400300029
124,Zapotlanejo,31,La Cañada Silvestre,0029,0,0.0,0,0.0,,,,,7,0.14583333333333334,27,0.5625,10,0.20833333333333334,D,48,1 a 249,1412400310029
124,Zapotlanejo,34,Carboneras,0086,0,0.0,0,0.0,0,0.0,,,0,0.0,,,,,E,3,1 a 249,1412400340086
124,Zapotlanejo,36,El Carricillo,0033,0,0.0,0,0.0,,,8,0.12903225806451613,17,0.27419354838709675,33,0.532258064516129,,,D,62,1 a 249,1412400360033
124,Zapotlanejo,39,El Cebadero,0103,0,0.0,,,,,,,6,0.5,,,0,0.0,D+,12,1 a 249,1412400390103
124,Zapotlanejo,42,Cerrito de Buenos Aires (El Cerrito),0103,0,0.0,0,0.0,,,3,0.03614457831325301,5,0.060240963855421686,40,0.4819277108433735,34,0.40963855421686746,D,83,250 a 499,1412400420103
124,Zapotlanejo,43,El Cerrito,0014,0,0.0,0,0.0,0,0.0,0,0.0,0,0.0,3,1.0,0,0.0,D,3,1 a 249,1412400430014
124,Zapotlanejo,44,Cocinilla,0086,0,,0,,0,,0,,,,,,0,,D,,1 a 249,1412400440086
124,Zapotlanejo,45,La Cofradía,0090,0,0.0,,,4,0.08163265306122448,3,0.061224489795918366,16,0.32653061224489793,21,0.42857142857142855,4,0.08163265306122448,D,49,1 a 249,1412400450090
124,Zapotlanejo,46,Colimilla,0014,0,0.0,3,0.03125,13,0.13541666666666666,9,0.09375,21,0.21875,40,0.4166666666666667,10,0.10416666666666667,D,96,250 a 499,1412400460014
124,Zapotlanejo,47,El Colorado,0033,0,0.0,,,0,0.0,,,,,3,0.42857142857142855,0,0.0,D,7,1 a 249,1412400470033
124,Zapotlanejo,49,El Copalillo,0086,0,0.0,0,0.0,,,,,0,0.0,3,0.6,0,0.0,D,5,1 a 249,1412400490086
124,Zapotlanejo,50,El Corral Falso,0048,,,,,,,,,,,,,,,,,1 a 249,1412400500048
124,Zapotlanejo,51,Corralillos (San Román),0090,,,,,4,0.03571428571428571,19,0.16964285714285715,18,0.16071428571428573,47,0.41964285714285715,21,0.1875,D,112,250 a 499,1412400510090
124,Zapotlanejo,52,Corralillos,0086,0,0.0,3,0.10344827586206896,,,3,0.10344827586206896,6,0.20689655172413793,15,0.5172413793103449,0,0.0,D,29,1 a 249,1412400520086
124,Zapotlanejo,54,Coyotes de Arriba,0103,0,0.0,,,,,,,,,3,0.3333333333333333,,,D,9,1 a 249,1412400540103
124,Zapotlanejo,55,Las Cruces,0014,,,,,,,,,,,,,,,,,1 a 249,1412400550014
124,Zapotlanejo,58,Cuchillas,0071,0,0.0,4,0.0547945205479452,8,0.1095890410958904,14,0.1917808219178082,16,0.2191780821917808,24,0.3287671232876712,7,0.0958904109589041,D,73,250 a 499,1412400580071
124,Zapotlanejo,59,Los Charcos,0014,0,0.0,3,0.09375,5,0.15625,6,0.1875,4,0.125,13,0.40625,,,D,32,1 a 249,1412400590014
124,Zapotlanejo,60,Los Charcos,0086,0,0.0,0,0.0,0,0.0,,,5,0.625,,,0,0.0,D+,8,1 a 249,1412400600086
124,Zapotlanejo,61,Los Chombos,0033,0,0.0,0,0.0,,,,,5,0.38461538461538464,3,0.23076923076923078,3,0.23076923076923078,D+,13,1 a 249,1412400610033
124,Zapotlanejo,62,El Durazno,0071,0,0.0,0,0.0,,,0,0.0,,,17,0.7391304347826086,3,0.13043478260869565,D,23,1 a 249,1412400620071
124,Zapotlanejo,63,Los Encinos,0048,0,0.0,0,0.0,0,0.0,0,0.0,,,,,0,0.0,D,3,1 a 249,1412400630048
124,Zapotlanejo,64,El Escalofrío (San Miguel),0090,0,0.0,0,0.0,0,0.0,,,,,,,0,0.0,D,6,1 a 249,1412400640090
124,Zapotlanejo,67,La Estancia Vieja (La Estancia),0048,,,,,,,,,,,,,,,,,1 a 249,1412400670048
124,Zapotlanejo,68,Las Fuentes,0086,0,0.0,,,0,0.0,4,0.2857142857142857,,,8,0.5714285714285714,0,0.0,D,14,1 a 249,1412400680086
124,Zapotlanejo,70,Gallinas de Abajo (Gallinas),0086,0,0.0,0,0.0,4,0.19047619047619047,5,0.23809523809523808,8,0.38095238095238093,4,0.19047619047619047,0,0.0,D+,21,1 a 249,1412400700086
124,Zapotlanejo,71,El Gato,0086,0,0.0,5,0.1724137931034483,3,0.10344827586206896,8,0.27586206896551724,4,0.13793103448275862,9,0.3103448275862069,0,0.0,D,29,1 a 249,1412400710086
124,Zapotlanejo,73,La Grulla,0103,0,0.0,,,,,4,0.4444444444444444,,,,,0,0.0,C-,9,1 a 249,1412400730103
124,Zapotlanejo,75,El Guajolote,0103,0,0.0,0,0.0,0,0.0,0,0.0,,,5,0.8333333333333334,0,0.0,D,6,1 a 249,1412400750103
124,Zapotlanejo,81,Huejotitlán (Huejotitán),0033,,,3,0.14285714285714285,3,0.14285714285714285,3,0.14285714285714285,4,0.19047619047619047,7,0.3333333333333333,0,0.0,D,21,1 a 249,1412400810033
124,Zapotlanejo,82,San Rafael (La Huizachera),0090,0,0.0,3,0.06521739130434782,0,0.0,4,0.08695652173913043,8,0.17391304347826086,18,0.391304347826087,13,0.2826086956521739,D,46,1 a 249,1412400820090
124,Zapotlanejo,86,La Joya Chica,0033,0,0.0,,,10,0.125,11,0.1375,15,0.1875,35,0.4375,7,0.0875,D,80,1 a 249,1412400860033
124,Zapotlanejo,88,Joya del Camino (Las Palmitas),0033,,,0,0.0,4,0.08888888888888889,6,0.13333333333333333,6,0.13333333333333333,17,0.37777777777777777,10,0.2222222222222222,D,45,1 a 249,1412400880033
124,Zapotlanejo,89,La Joya Grande,0029,0,0.0,,,,,,,3,0.1111111111111111,15,0.5555555555555556,6,0.2222222222222222,D,27,1 a 249,1412400890029
124,Zapotlanejo,92,Lagunillas,0086,0,0.0,0,0.0,,,,,,,4,0.5714285714285714,0,0.0,D,7,1 a 249,1412400920086
124,Zapotlanejo,93,Lagunitas,0029,0,0.0,0,0.0,0,0.0,4,0.10256410256410256,8,0.20512820512820512,22,0.5641025641025641,5,0.1282051282051282,D,39,1 a 249,1412400930029
124,Zapotlanejo,94,La Laja,0387,13,0.03170731707317073,30,0.07317073170731707,58,0.14146341463414633,96,0.23414634146341465,80,0.1951219512195122,114,0.2780487804878049,19,0.046341463414634146,D,410,"2,500 a 4,999",1412400940387
124,Zapotlanejo,94,La Laja,0391,16,0.03940886699507389,33,0.0812807881773399,67,0.16502463054187191,94,0.2315270935960591,78,0.1921182266009852,105,0.25862068965517243,13,0.03201970443349754,D,406,"2,500 a 4,999",1412400940391
124,Zapotlanejo,95,Las Latas,0071,0,0.0,,,,,6,0.35294117647058826,4,0.23529411764705882,5,0.29411764705882354,0,0.0,C-,17,1 a 249,1412400950071
124,Zapotlanejo,96,La Lenteja,0014,0,0.0,,,,,0,0.0,,,0,0.0,0,0.0,D+,4,1 a 249,1412400960014
124,Zapotlanejo,97,La Leona,0071,0,0.0,0,0.0,0,0.0,0,0.0,0,0.0,5,0.8333333333333334,,,D,6,1 a 249,1412400970071
124,Zapotlanejo,100,La Arena,0033,0,0.0,,,,,7,0.3333333333333333,,,4,0.19047619047619047,4,0.19047619047619047,C-,21,1 a 249,1412401000033
124,Zapotlanejo,102,La Loma de las Flores (La Loma),0029,0,0.0,0,0.0,0,0.0,0,0.0,,,3,0.75,0,0.0,D,4,1 a 249,1412401020029
124,Zapotlanejo,104,Madrigales,0033,0,0.0,0,0.0,3,0.1111111111111111,,,6,0.2222222222222222,13,0.48148148148148145,3,0.1111111111111111,D,27,1 a 249,1412401040033
124,Zapotlanejo,105,El Maestranzo,0014,0,0.0,,,5,0.09259259259259259,8,0.14814814814814814,9,0.16666666666666666,29,0.5370370370370371,,,D,54,1 a 249,1412401050014
124,Zapotlanejo,107,Los Magueyes,0029,,,,,,,,,,,,,,,,,1 a 249,1412401070029
124,Zapotlanejo,109,Matatlán,0029,11,0.022267206477732792,28,0.05668016194331984,82,0.1659919028340081,98,0.19838056680161945,87,0.17611336032388664,145,0.2935222672064777,43,0.08704453441295547,D,494,"1,000 a 2,499",1412401090029
124,Zapotlanejo,114,La Mesa (La Mesa Blanca),0090,0,0.0,,,,,,,5,0.25,7,0.35,4,0.2,D,20,1 a 249,1412401140090
124,Zapotlanejo,115,El Mezquite Chico,0048,,,0,0.0,,,0,0.0,3,0.3,4,0.4,,,D,10,1 a 249,1412401150048
124,Zapotlanejo,116,El Mezquite Grande,0048,0,0.0,0,0.0,,,0,0.0,5,0.5,4,0.4,0,0.0,D+,10,1 a 249,1412401160048
124,Zapotlanejo,117,La Mezquitera,0090,3,0.008064516129032258,17,0.0456989247311828,44,0.11827956989247312,63,0.1693548387096774,83,0.22311827956989247,132,0.3548387096774194,30,0.08064516129032258,D,372,"1,000 a 2,499",1412401170090
124,Zapotlanejo,120,Monte de la Virgen,0086,0,0.0,0,0.0,,,,,3,0.2727272727272727,5,0.45454545454545453,,,D,11,1 a 249,1412401200086
124,Zapotlanejo,122,El Salitre (La Mora),0090,4,0.013986013986013986,12,0.04195804195804196,21,0.07342657342657342,53,0.1853146853146853,55,0.19230769230769232,103,0.36013986013986016,38,0.13286713286713286,D,286,"1,000 a 2,499",1412401220090
124,Zapotlanejo,124,Noxtla,0029,0,0.0,0,0.0,0,0.0,,,3,0.375,,,,,D+,8,1 a 249,1412401240029
124,Zapotlanejo,125,Ocote de Nuño,0071,0,0.0,0,0.0,,,7,0.21875,11,0.34375,10,0.3125,,,D+,32,1 a 249,1412401250071
124,Zapotlanejo,127,Los Ocotes,0103,0,0.0,,,,,3,0.14285714285714285,6,0.2857142857142857,7,0.3333333333333333,,,D,21,1 a 249,1412401270103
124,Zapotlanejo,129,Ojo de Agua,0029,0,0.0,0,0.0,0,0.0,,,,,,,0,0.0,D,5,1 a 249,1412401290029
124,Zapotlanejo,131,La Palma,0071,5,0.09259259259259259,8,0.14814814814814814,8,0.14814814814814814,8,0.14814814814814814,7,0.12962962962962962,14,0.25925925925925924,4,0.07407407407407407,D,54,1 a 249,1412401310071
124,Zapotlanejo,133,Palo Colorado,0103,0,0.0,0,0.0,0,0.0,,,0,0.0,,,,,E,3,1 a 249,1412401330103
124,Zapotlanejo,134,Palo Colorado,0029,0,0.0,0,0.0,,,3,0.2,5,0.3333333333333333,4,0.26666666666666666,,,D+,15,1 a 249,1412401340029
124,Zapotlanejo,135,Palo Verde,0086,0,0.0,0,0.0,0,0.0,3,0.23076923076923078,,,9,0.6923076923076923,0,0.0,D,13,1 a 249,1412401350086
124,Zapotlanejo,139,La Paz (Piedras Negras),0090,4,0.01532567049808429,22,0.0842911877394636,31,0.11877394636015326,32,0.12260536398467432,49,0.18773946360153257,93,0.3563218390804598,30,0.11494252873563218,D,261,500 a 999,1412401390090
124,Zapotlanejo,143,Los Platos,0029,,,3,0.07894736842105263,3,0.07894736842105263,9,0.23684210526315788,9,0.23684210526315788,9,0.23684210526315788,3,0.07894736842105263,D,38,1 a 249,1412401430029
124,Zapotlanejo,147,Potrero de Ramírez,0033,,,,,,,,,,,,,,,,,1 a 249,1412401470033
124,Zapotlanejo,149,Potrero Grande,0048,,,,,,,,,,,,,,,,,1 a 249,1412401490048
124,Zapotlanejo,154,Pueblo Viejo,0086,,,3,0.03333333333333333,11,0.12222222222222222,12,0.13333333333333333,23,0.25555555555555554,31,0.34444444444444444,9,0.1,D,90,250 a 499,1412401540086
124,Zapotlanejo,155,El Regladero,0103,0,0.0,,,0,0.0,4,0.2222222222222222,4,0.2222222222222222,6,0.3333333333333333,3,0.16666666666666666,D,18,1 a 249,1412401550103
124,Zapotlanejo,156,Rincón de Potrerillos (Potrerillos),0048,0,0.0,0,0.0,0,0.0,0,0.0,0,0.0,5,0.5,5,0.5,E,10,1 a 249,1412401560048
124,Zapotlanejo,158,El Salitre,0090,,,,,,,,,,,,,,,,,1 a 249,1412401580090
124,Zapotlanejo,161,El Saltillo,0014,0,0.0,0,0.0,0,0.0,,,4,0.6666666666666666,0,0.0,,,D+,6,1 a 249,1412401610014
124,Zapotlanejo,162,Salto de Coyotes,0103,0,0.0,,,3,0.08571428571428572,4,0.11428571428571428,10,0.2857142857142857,10,0.2857142857142857,7,0.2,D,35,1 a 249,1412401620103
124,Zapotlanejo,163,El Salto de las Peñas,0071,0,0.0,,,,,,,3,0.25,,,3,0.25,E,12,1 a 249,1412401630071
124,Zapotlanejo,167,San Isidro,0033,,,0,0.0,,,0,0.0,,,3,0.3333333333333333,0,0.0,D,9,1 a 249,1412401670033
124,Zapotlanejo,168,San José de las Flores (Gallinas de Arriba),0033,11,0.04044117647058824,15,0.05514705882352941,54,0.19852941176470587,63,0.23161764705882354,42,0.15441176470588236,64,0.23529411764705882,23,0.08455882352941177,D,272,500 a 999,1412401680033
124,Zapotlanejo,174,San Roque,0048,0,0.0,0,0.0,0,0.0,0,0.0,,,5,0.625,,,D,8,1 a 249,1412401740048
124,Zapotlanejo,175,Santa Clara,0048,,,,,,,,,,,,,,,,,1 a 249,1412401750048
124,Zapotlanejo,176,Santa Fe,0160,10,0.014144271570014143,35,0.04950495049504951,70,0.09900990099009901,107,0.15134370579915135,133,0.18811881188118812,277,0.3917963224893918,75,0.10608203677510608,D,707,"2,500 a 4,999",1412401760160
124,Zapotlanejo,176,Santa Fe,0599,0,0.0,0,0.0,3,0.11538461538461539,,,5,0.19230769230769232,11,0.4230769230769231,5,0.19230769230769232,D,26,"2,500 a 4,999",1412401760599
124,Zapotlanejo,176,Santa Fe,0601,,,,,,,,,,,,,,,,,"2,500 a 4,999",1412401760601
124,Zapotlanejo,179,La Sauceda,0090,,,,,,,,,,,,,,,,,1 a 249,1412401790090
124,Zapotlanejo,180,Saucillo de Maldonado (El Saucillo),0103,0,0.0,12,0.08955223880597014,13,0.09701492537313433,14,0.1044776119402985,28,0.208955223880597,53,0.39552238805970147,14,0.1044776119402985,D,134,250 a 499,1412401800103
124,Zapotlanejo,181,El Saucillo,0029,0,0.0,0,0.0,3,0.23076923076923078,3,0.23076923076923078,,,5,0.38461538461538464,0,0.0,D,13,1 a 249,1412401810029
124,Zapotlanejo,182,Señoritas,0029,0,0.0,,,,,6,0.15789473684210525,4,0.10526315789473684,18,0.47368421052631576,7,0.18421052631578946,D,38,1 a 249,1412401820029
124,Zapotlanejo,184,Tablas de Coyotes,0086,0,0.0,,,,,0,0.0,0,0.0,3,0.375,,,D,8,1 a 249,1412401840086
124,Zapotlanejo,185,La Tapona,0086,0,0.0,0,0.0,0,0.0,,,,,3,0.6,0,0.0,D,5,1 a 249,1412401850086
124,Zapotlanejo,187,Tepame,0029,0,0.0,,,,,3,0.08108108108108109,7,0.1891891891891892,19,0.5135135135135135,6,0.16216216216216217,D,37,1 a 249,1412401870029
124,Zapotlanejo,189,Tepetongo,0090,0,0.0,0,0.0,0,0.0,0,0.0,0,0.0,,,,,D,3,1 a 249,1412401890090
124,Zapotlanejo,191,Tinajeros,0033,0,0.0,,,3,0.13043478260869565,7,0.30434782608695654,4,0.17391304347826086,6,0.2608695652173913,,,C-,23,1 a 249,1412401910033
124,Zapotlanejo,192,Las Tortugas del Cacalote (Tortugas),0029,0,0.0,0,0.0,0,0.0,,,,,3,0.42857142857142855,,,D,7,1 a 249,1412401920029
124,Zapotlanejo,195,Las Venadas,0071,,,6,0.15789473684210525,,,9,0.23684210526315788,7,0.18421052631578946,14,0.3684210526315789,0,0.0,D,38,1 a 249,1412401950071
124,Zapotlanejo,196,El Venado,0103,0,0.0,0,0.0,3,0.06976744186046512,7,0.16279069767441862,8,0.18604651162790697,21,0.4883720930232558,4,0.09302325581395349,D,43,1 a 249,1412401960103
124,Zapotlanejo,197,Bicercio,0033,,,,,4,0.08,8,0.16,10,0.2,20,0.4,6,0.12,D,50,1 a 249,1412401970033
124,Zapotlanejo,198,La Villa,0086,,,,,3,0.1,5,0.16666666666666666,7,0.23333333333333334,12,0.4,0,0.0,D,30,1 a 249,1412401980086
124,Zapotlanejo,199,La Hiedra,0090,,,,,,,,,,,,,,,,,1 a 249,1412401990090
124,Zapotlanejo,200,La Yerbabuena,0090,,,6,0.07058823529411765,6,0.07058823529411765,7,0.08235294117647059,20,0.23529411764705882,34,0.4,10,0.11764705882352941,D,85,250 a 499,1412402000090
124,Zapotlanejo,201,Los Yugos,0086,0,0.0,0,0.0,,,4,0.2,4,0.2,8,0.4,,,D,20,1 a 249,1412402010086
124,Zapotlanejo,203,El Zapotillo (La Raya),0086,0,0.0,,,,,,,0,0.0,,,0,0.0,D,7,1 a 249,1412402030086
124,Zapotlanejo,205,Pueblos de la Barranca (El Maestranzo),0090,6,0.030612244897959183,27,0.1377551020408163,34,0.17346938775510204,49,0.25,35,0.17857142857142858,36,0.1836734693877551,9,0.04591836734693878,C-,196,500 a 999,1412402050090
124,Zapotlanejo,209,La Falda,0014,0,0.0,0,0.0,0,0.0,0,0.0,4,1.0,0,0.0,0,0.0,D+,4,1 a 249,1412402090014
124,Zapotlanejo,210,Los Tepetates,0071,,,9,0.052941176470588235,13,0.07647058823529412,20,0.11764705882352941,36,0.21176470588235294,69,0.40588235294117647,21,0.12352941176470589,D,170,500 a 999,1412402100071
124,Zapotlanejo,212,Rancho Nuevo de Leona,0071,0,0.0,0,0.0,0,0.0,,,,,,,0,0.0,D,3,1 a 249,1412402120071
124,Zapotlanejo,214,La Providencia del Durazno,0071,0,0.0,0,0.0,0,0.0,0,0.0,0,0.0,4,0.5,4,0.5,E,8,1 a 249,1412402140071
124,Zapotlanejo,216,Villa de Guadalupe,0033,0,0.0,0,0.0,0,0.0,,,0,0.0,,,,,D,4,1 a 249,1412402160033
124,Zapotlanejo,217,Las Puertas (Plan de Calderón),0033,,,,,,,4,0.11764705882352941,6,0.17647058823529413,16,0.47058823529411764,3,0.08823529411764706,D,34,1 a 249,1412402170033
124,Zapotlanejo,218,Buenavista del Refugio (El Palo Dulce),0103,0,0.0,0,0.0,0,0.0,3,0.25,,,6,0.5,,,D,12,1 a 249,1412402180103
124,Zapotlanejo,221,El Carrizo,0029,0,0.0,0,0.0,0,0.0,,,6,0.42857142857142855,5,0.35714285714285715,,,D+,14,1 a 249,1412402210029
124,Zapotlanejo,223,La Cantera (Cantera de los Tapia),0086,0,0.0,0,0.0,0,0.0,0,0.0,0,0.0,,,,,E,3,1 a 249,1412402230086
124,Zapotlanejo,226,El Jacalón,0090,,,,,,,,,,,,,,,,,1 a 249,1412402260090
124,Zapotlanejo,228,Agua Azul,0071,0,0.0,0,0.0,0,0.0,0,0.0,0,0.0,6,0.75,,,D,8,1 a 249,1412402280071
124,Zapotlanejo,233,Don Trino,0033,0,0.0,0,0.0,0,0.0,0,0.0,0,0.0,,,,,D,3,1 a 249,1412402330033
124,Zapotlanejo,235,La Loma,0090,4,0.019230769230769232,10,0.04807692307692308,28,0.1346153846153846,36,0.17307692307692307,58,0.27884615384615385,61,0.2932692307692308,11,0.052884615384615384,D,208,500 a 999,1412402350090
124,Zapotlanejo,237,Mesa Colorada,0048,0,0.0,0,0.0,0,0.0,0,0.0,3,0.2727272727272727,6,0.5454545454545454,,,D,11,1 a 249,1412402370048
124,Zapotlanejo,240,La Peña,0029,,,,,,,,,,,,,,,,,1 a 249,1412402400029
124,Zapotlanejo,244,Potrero Negro,0090,0,0.0,,,,,,,6,0.2857142857142857,9,0.42857142857142855,0,0.0,D,21,1 a 249,1412402440090
124,Zapotlanejo,246,San Joaquín Zorrillos,0071,9,0.030405405405405407,13,0.04391891891891892,17,0.057432432432432436,30,0.10135135135135136,75,0.2533783783783784,119,0.40202702702702703,33,0.11148648648648649,D,296,"1,000 a 2,499",1412402460071
124,Zapotlanejo,247,San Román,0090,,,,,,,,,,,,,,,,,1 a 249,1412402470090
124,Zapotlanejo,248,El Guayabo,0029,0,0.0,0,0.0,5,0.2777777777777778,6,0.3333333333333333,3,0.16666666666666666,3,0.16666666666666666,,,C-,18,1 a 249,1412402480029
124,Zapotlanejo,250,Ocote Nuevo,0071,0,0.0,0,0.0,0,0.0,0,0.0,,,7,0.5384615384615384,5,0.38461538461538464,D,13,1 a 249,1412402500071
124,Zapotlanejo,251,Coyotes de Abajo (Rancho Coyotes),0103,0,0.0,,,,,4,0.26666666666666666,3,0.2,5,0.3333333333333333,,,D,15,1 a 249,1412402510103
124,Zapotlanejo,253,El Ingenio,0090,,,,,,,,,,,,,,,,,1 a 249,1412402530090
124,Zapotlanejo,255,Santa María (El Tacuache),0090,0,0.0,,,4,0.16666666666666666,6,0.25,4,0.16666666666666666,8,0.3333333333333333,,,D,24,1 a 249,1412402550090
124,Zapotlanejo,258,El Pozo (La Cuchara),0090,0,0.0,0,0.0,0,0.0,,,0,0.0,,,0,0.0,D,3,1 a 249,1412402580090
124,Zapotlanejo,260,Las Calabazas,0086,0,0.0,0,0.0,,,,,,,3,0.375,0,0.0,D,8,1 a 249,1412402600086
124,Zapotlanejo,271,El Capulín,0086,0,0.0,0,0.0,0,0.0,,,0,0.0,,,,,E,3,1 a 249,1412402710086
124,Zapotlanejo,272,San Juan Bautista,0029,0,0.0,0,0.0,,,5,0.17857142857142858,8,0.2857142857142857,11,0.39285714285714285,3,0.10714285714285714,D,28,1 a 249,1412402720029
124,Zapotlanejo,273,Colonia la Cruz (Ciudad Perdida Loma de la Cruz),0090,3,0.0076726342710997444,27,0.06905370843989769,76,0.19437340153452684,85,0.21739130434782608,85,0.21739130434782608,98,0.2506393861892583,17,0.043478260869565216,D,391,"1,000 a 2,499",1412402730090
124,Zapotlanejo,276,Las Carrozas,0033,0,0.0,0,0.0,,,0,0.0,0,0.0,,,0,0.0,D,3,1 a 249,1412402760033
124,Zapotlanejo,277,El Comedero,0029,0,0.0,0,0.0,0,0.0,0,0.0,,,10,0.7692307692307693,,,D,13,1 a 249,1412402770029
124,Zapotlanejo,284,El Ocote,0033,0,0.0,,,,,4,0.12121212121212122,,,17,0.5151515151515151,7,0.21212121212121213,D,33,1 a 249,1412402840033
124,Zapotlanejo,286,Potrero de la Luz,0090,0,0.0,0,0.0,,,,,3,0.3333333333333333,,,,,D+,9,1 a 249,1412402860090
124,Zapotlanejo,288,Los Sastres,0029,0,0.0,0,0.0,0,0.0,3,0.42857142857142855,0,0.0,,,3,0.42857142857142855,E,7,1 a 249,1412402880029
124,Zapotlanejo,289,Santa Rosa,0090,,,,,,,,,,,,,,,,,1 a 249,1412402890090
124,Zapotlanejo,290,El Ocotillo,0086,0,0.0,0,0.0,0,0.0,,,,,,,0,0.0,D,4,1 a 249,1412402900086
124,Zapotlanejo,291,El Campamento (Loma del Campamento),0033,0,0.0,0,0.0,0,0.0,,,,,,,0,0.0,D,4,1 a 249,1412402910033
124,Zapotlanejo,293,Gallinas,0033,0,0.0,,,,,0,0.0,,,,,0,0.0,D,6,1 a 249,1412402930033
124,Zapotlanejo,295,El Arenal,0033,0,0.0,0,0.0,0,0.0,,,,,4,0.5,,,D,8,1 a 249,1412402950033
124,Zapotlanejo,297,El Bajío,0103,,,,,,,,,,,,,,,,,1 a 249,1412402970103
124,Zapotlanejo,302,El Cerro de Don Leno,0071,,,,,,,,,,,,,,,,,1 a 249,1412403020071
124,Zapotlanejo,303,Los Chilares,0071,,,,,,,,,,,,,,,,,1 a 249,1412403030071
124,Zapotlanejo,307,La Cruz,0014,0,0.0,0,0.0,0,0.0,,,,,,,0,0.0,D,5,1 a 249,1412403070014
124,Zapotlanejo,310,Las Flores de Santa Fe,0090,,,,,,,,,,,,,,,,,1 a 249,1412403100090
124,Zapotlanejo,312,El Guayabo,0048,,,,,,,,,,,,,,,,,1 a 249,1412403120048
124,Zapotlanejo,314,La Loma,0090,,,,,,,,,,,,,,,,,1 a 249,1412403140090
124,Zapotlanejo,317,El Melón,0090,,,,,,,,,,,,,,,,,1 a 249,1412403170090
124,Zapotlanejo,318,La Mesa,0071,,,,,3,0.04411764705882353,12,0.17647058823529413,17,0.25,26,0.38235294117647056,7,0.10294117647058823,D,68,250 a 499,1412403180071
124,Zapotlanejo,322,J. Isabel Flores,0048,0,0.0,4,0.046511627906976744,8,0.09302325581395349,9,0.10465116279069768,13,0.1511627906976744,40,0.46511627906976744,12,0.13953488372093023,D,86,250 a 499,1412403220048
124,Zapotlanejo,325,Plan de Calderón,0033,0,0.0,,,0,0.0,0,0.0,,,5,0.5,,,D,10,1 a 249,1412403250033
124,Zapotlanejo,326,Los Pleitos,0103,0,0.0,0,0.0,0,0.0,,,,,7,0.4117647058823529,7,0.4117647058823529,E,17,1 a 249,1412403260103
124,Zapotlanejo,327,San Miguel,0048,0,0.0,0,0.0,0,0.0,,,,,3,0.3333333333333333,3,0.3333333333333333,E,9,1 a 249,1412403270048
124,Zapotlanejo,331,San Joaquín (Corral Falso),0029,0,0.0,0,0.0,3,0.046153846153846156,8,0.12307692307692308,12,0.18461538461538463,29,0.4461538461538462,13,0.2,D,65,1 a 249,1412403310029
124,Zapotlanejo,332,San Joaquín de las Calabazas (Calabazas),0029,,,,,,,,,,,,,,,,,1 a 249,1412403320029
124,Zapotlanejo,333,Santa Lucía,0090,0,0.0,,,0,0.0,,,0,0.0,,,0,0.0,D,5,1 a 249,1412403330090
124,Zapotlanejo,337,El Tepehuaje,0090,0,0.0,0,0.0,0,0.0,,,,,,,0,0.0,D,3,1 a 249,1412403370090
124,Zapotlanejo,338,La Trinidad,0086,,,,,,,,,,,,,,,,,1 a 249,1412403380086
124,Zapotlanejo,340,La Ventilla,0086,,,,,,,,,,,,,,,,,1 a 249,1412403400086
124,Zapotlanejo,342,Cantarranas,0029,0,0.0,0,0.0,0,0.0,3,0.6,,,,,0,0.0,C-,5,1 a 249,1412403420029
124,Zapotlanejo,343,La Cebolleta,0071,0,0.0,,,,,,,14,0.32558139534883723,24,0.5581395348837209,,,D,43,1 a 249,1412403430071
124,Zapotlanejo,344,La Ceja,0014,0,0.0,0,0.0,,,,,4,0.21052631578947367,8,0.42105263157894735,4,0.21052631578947367,D,19,1 a 249,1412403440014
124,Zapotlanejo,346,Pueblo Viejo de Abajo,0086,0,0.0,,,,,,,7,0.35,8,0.4,0,0.0,D,20,1 a 249,1412403460086
124,Zapotlanejo,348,Subida del Potrero,0103,0,0.0,0,0.0,0,0.0,,,,,5,0.5,,,D,10,1 a 249,1412403480103
124,Zapotlanejo,349,Asociación Ganadera,0048,0,0.0,,,,,,,,,0,0.0,,,C-,7,1 a 249,1412403490048
124,Zapotlanejo,350,Galápago,0033,0,0.0,0,0.0,,,,,,,,,0,0.0,D,7,1 a 249,1412403500033
124,Zapotlanejo,351,Rancho de la Paz (La Higuerita),0014,,,,,,,,,,,,,,,,,1 a 249,1412403510014
124,Zapotlanejo,352,El Salitrillo,0090,0,0.0,,,5,0.29411764705882354,,,4,0.23529411764705882,3,0.17647058823529413,,,C,17,1 a 249,1412403520090
124,Zapotlanejo,355,Rancho los Colorados,0090,,,,,,,,,,,,,,,,,1 a 249,1412403550090
124,Zapotlanejo,357,El Cazador,0103,0,0.0,0,0.0,0,0.0,,,,,0,0.0,,,D+,4,1 a 249,1412403570103
124,Zapotlanejo,358,Las Cruces,0103,0,0.0,0,0.0,0,0.0,0,0.0,,,,,0,0.0,D,3,1 a 249,1412403580103
124,Zapotlanejo,359,Lomas del Valle,0090,,,6,0.2608695652173913,10,0.43478260869565216,3,0.13043478260869565,,,0,0.0,0,0.0,C,23,1 a 249,1412403590090
124,Zapotlanejo,360,Bugambilias [Fraccionamiento],0071,3,0.015384615384615385,3,0.015384615384615385,14,0.07179487179487179,23,0.11794871794871795,40,0.20512820512820512,90,0.46153846153846156,22,0.11282051282051282,D,195,500 a 999,1412403600071
124,Zapotlanejo,361,Vistas de Zapotlanejo,0048,,,,,,,,,,,,,,,,,1 a 249,1412403610048
124,Zapotlanejo,362,Granjas Providencias [Fraccionamiento],0090,0,0.0,3,0.14285714285714285,3,0.14285714285714285,3,0.14285714285714285,4,0.19047619047619047,5,0.23809523809523808,3,0.14285714285714285,D,21,1 a 249,1412403620090
124,Zapotlanejo,365,Vista del Valle,0090,3,0.046153846153846156,4,0.06153846153846154,15,0.23076923076923078,16,0.24615384615384617,17,0.26153846153846155,9,0.13846153846153847,,,D+,65,1 a 249,1412403650090
